Dummy_Name,Biological_Name
gene_0,?
gene_1,?
gene_2,?
gene_3,?
gene_4,?
gene_5,?
gene_6,?
gene_7,?
gene_8,?
gene_9,?
gene_10,?
gene_11,?
gene_12,?
gene_13,?
gene_14,?
gene_15,?
gene_16,?
gene_17,?
gene_18,?
gene_19,?
gene_20,?
gene_21,?
gene_22,?
gene_23,?
gene_24,?
gene_25,?
gene_26,?
gene_27,?
gene_28,?
gene_29,A1BG
gene_30,A1CF
gene_31,A2BP1
gene_32,A2LD1
gene_33,A2ML1
gene_34,A2M
gene_35,A4GALT
gene_36,A4GNT
gene_37,AAA1
gene_38,AAAS
gene_39,AACSL
gene_40,AACS
gene_41,AADACL2
gene_42,AADACL3
gene_43,AADACL4
gene_44,AADAC
gene_45,AADAT
gene_46,AAGAB
gene_47,AAK1
gene_48,AAMP
gene_49,AANAT
gene_50,AARS2
gene_51,AARSD1
gene_52,AARS
gene_53,AASDHPPT
gene_54,AASDH
gene_55,AASS
gene_56,AATF
gene_57,AATK
gene_58,ABAT
gene_59,ABCA10
gene_60,ABCA11P
gene_61,ABCA12
gene_62,ABCA13
gene_63,ABCA17P
gene_64,ABCA1
gene_65,ABCA2
gene_66,ABCA3
gene_67,ABCA4
gene_68,ABCA5
gene_69,ABCA6
gene_70,ABCA7
gene_71,ABCA8
gene_72,ABCA9
gene_73,ABCB10
gene_74,ABCB11
gene_75,ABCB1
gene_76,ABCB4
gene_77,ABCB5
gene_78,ABCB6
gene_79,ABCB7
gene_80,ABCB8
gene_81,ABCB9
gene_82,ABCC10
gene_83,ABCC11
gene_84,ABCC12
gene_85,ABCC13
gene_86,ABCC1
gene_87,ABCC2
gene_88,ABCC3
gene_89,ABCC4
gene_90,ABCC5
gene_91,ABCC6P1
gene_92,ABCC6P2
gene_93,ABCC6
gene_94,ABCC8
gene_95,ABCC9
gene_96,ABCD1
gene_97,ABCD2
gene_98,ABCD3
gene_99,ABCD4
gene_100,ABCE1
gene_101,ABCF1
gene_102,ABCF2
gene_103,ABCF3
gene_104,ABCG1
gene_105,ABCG2
gene_106,ABCG4
gene_107,ABCG5
gene_108,ABCG8
gene_109,ABHD10
gene_110,ABHD11
gene_111,ABHD12B
gene_112,ABHD12
gene_113,ABHD13
gene_114,ABHD14A
gene_115,ABHD14B
gene_116,ABHD15
gene_117,ABHD1
gene_118,ABHD2
gene_119,ABHD3
gene_120,ABHD4
gene_121,ABHD5
gene_122,ABHD6
gene_123,ABHD8
gene_124,ABI1
gene_125,ABI2
gene_126,ABI3BP
gene_127,ABI3
gene_128,ABL1
gene_129,ABL2
gene_130,ABLIM1
gene_131,ABLIM2
gene_132,ABLIM3
gene_133,ABO
gene_134,ABP1
gene_135,ABRA
gene_136,ABR
gene_137,ABT1
gene_138,ABTB1
gene_139,ABTB2
gene_140,ACAA1
gene_141,ACAA2
gene_142,ACACA
gene_143,ACACB
gene_144,ACAD10
gene_145,ACAD11
gene_146,ACAD8
gene_147,ACAD9
gene_148,ACADL
gene_149,ACADM
gene_150,ACADSB
gene_151,ACADS
gene_152,ACADVL
gene_153,ACAN
gene_154,ACAP1
gene_155,ACAP2
gene_156,ACAP3
gene_157,ACAT1
gene_158,ACAT2
gene_159,ACBD3
gene_160,ACBD4
gene_161,ACBD5
gene_162,ACBD6
gene_163,ACBD7
gene_164,ACCN1
gene_165,ACCN2
gene_166,ACCN3
gene_167,ACCN4
gene_168,ACCN5
gene_169,ACCSL
gene_170,ACCS
gene_171,ACD
gene_172,ACE2
gene_173,ACER1
gene_174,ACER2
gene_175,ACER3
gene_176,ACE
gene_177,ACHE
gene_178,ACIN1
gene_179,ACLY
gene_180,ACMSD
gene_181,ACN9
gene_182,ACO1
gene_183,ACO2
gene_184,ACOT11
gene_185,ACOT12
gene_186,ACOT13
gene_187,ACOT1
gene_188,ACOT2
gene_189,ACOT4
gene_190,ACOT6
gene_191,ACOT7
gene_192,ACOT8
gene_193,ACOT9
gene_194,ACOX1
gene_195,ACOX2
gene_196,ACOX3
gene_197,ACOXL
gene_198,ACP1
gene_199,ACP2
gene_200,ACP5
gene_201,ACP6
gene_202,ACPL2
gene_203,ACPP
gene_204,ACPT
gene_205,ACRBP
gene_206,ACRC
gene_207,ACRV1
gene_208,ACR
gene_209,ACSBG1
gene_210,ACSBG2
gene_211,ACSF2
gene_212,ACSF3
gene_213,ACSL1
gene_214,ACSL3
gene_215,ACSL4
gene_216,ACSL5
gene_217,ACSL6
gene_218,ACSM1
gene_219,ACSM2A
gene_220,ACSM2B
gene_221,ACSM3
gene_222,ACSM4
gene_223,ACSM5
gene_224,ACSS1
gene_225,ACSS2
gene_226,ACSS3
gene_227,ACTA1
gene_228,ACTA2
gene_229,ACTBL2
gene_230,ACTB
gene_231,ACTC1
gene_232,ACTG1
gene_233,ACTG2
gene_234,ACTL6A
gene_235,ACTL6B
gene_236,ACTL7A
gene_237,ACTL7B
gene_238,ACTL8
gene_239,ACTL9
gene_240,ACTN1
gene_241,ACTN2
gene_242,ACTN3
gene_243,ACTN4
gene_244,ACTR10
gene_245,ACTR1A
gene_246,ACTR1B
gene_247,ACTR2
gene_248,ACTR3B
gene_249,ACTR3C
gene_250,ACTR3
gene_251,ACTR5
gene_252,ACTR6
gene_253,ACTR8
gene_254,ACTRT1
gene_255,ACTRT2
gene_256,ACVR1B
gene_257,ACVR1C
gene_258,ACVR1
gene_259,ACVR2A
gene_260,ACVR2B
gene_261,ACVRL1
gene_262,ACY1
gene_263,ACY3
gene_264,ACYP1
gene_265,ACYP2
gene_266,ADAD1
gene_267,ADAD2
gene_268,ADAL
gene_269,ADAM10
gene_270,ADAM11
gene_271,ADAM12
gene_272,ADAM15
gene_273,ADAM17
gene_274,ADAM18
gene_275,ADAM19
gene_276,ADAM20
gene_277,ADAM21P1
gene_278,ADAM21
gene_279,ADAM22
gene_280,ADAM23
gene_281,ADAM28
gene_282,ADAM29
gene_283,ADAM2
gene_284,ADAM30
gene_285,ADAM32
gene_286,ADAM33
gene_287,ADAM3A
gene_288,ADAM5P
gene_289,ADAM6
gene_290,ADAM7
gene_291,ADAM8
gene_292,ADAM9
gene_293,ADAMDEC1
gene_294,ADAMTS10
gene_295,ADAMTS12
gene_296,ADAMTS13
gene_297,ADAMTS14
gene_298,ADAMTS15
gene_299,ADAMTS16
gene_300,ADAMTS17
gene_301,ADAMTS18
gene_302,ADAMTS19
gene_303,ADAMTS1
gene_304,ADAMTS20
gene_305,ADAMTS2
gene_306,ADAMTS3
gene_307,ADAMTS4
gene_308,ADAMTS5
gene_309,ADAMTS6
gene_310,ADAMTS7
gene_311,ADAMTS8
gene_312,ADAMTS9
gene_313,ADAMTSL1
gene_314,ADAMTSL2
gene_315,ADAMTSL3
gene_316,ADAMTSL4
gene_317,ADAMTSL5
gene_318,ADAP1
gene_319,ADAP2
gene_320,ADARB1
gene_321,ADARB2
gene_322,ADAR
gene_323,ADAT1
gene_324,ADAT2
gene_325,ADAT3
gene_326,ADA
gene_327,ADCK1
gene_328,ADCK2
gene_329,ADCK4
gene_330,ADCK5
gene_331,ADCY10
gene_332,ADCY1
gene_333,ADCY2
gene_334,ADCY3
gene_335,ADCY4
gene_336,ADCY5
gene_337,ADCY6
gene_338,ADCY7
gene_339,ADCY8
gene_340,ADCY9
gene_341,ADCYAP1R1
gene_342,ADCYAP1
gene_343,ADC
gene_344,ADD1
gene_345,ADD2
gene_346,ADD3
gene_347,ADH1A
gene_348,ADH1B
gene_349,ADH1C
gene_350,ADH4
gene_351,ADH5
gene_352,ADH6
gene_353,ADH7
gene_354,ADHFE1
gene_355,ADI1
gene_356,ADIG
gene_357,ADIPOQ
gene_358,ADIPOR1
gene_359,ADIPOR2
gene_360,ADK
gene_361,ADM2
gene_362,ADM
gene_363,ADNP2
gene_364,ADNP
gene_365,ADORA1
gene_366,ADORA2A
gene_367,ADORA2B
gene_368,ADORA3
gene_369,ADO
gene_370,ADPGK
gene_371,ADPRHL1
gene_372,ADPRHL2
gene_373,ADPRH
gene_374,ADRA1A
gene_375,ADRA1B
gene_376,ADRA1D
gene_377,ADRA2A
gene_378,ADRA2B
gene_379,ADRA2C
gene_380,ADRB1
gene_381,ADRB2
gene_382,ADRB3
gene_383,ADRBK1
gene_384,ADRBK2
gene_385,ADRM1
gene_386,ADSL
gene_387,ADSSL1
gene_388,ADSS
gene_389,AEBP1
gene_390,AEBP2
gene_391,AEN
gene_392,AES
gene_393,AFAP1L1
gene_394,AFAP1L2
gene_395,AFAP1
gene_396,AFARP1
gene_397,AFF1
gene_398,AFF2
gene_399,AFF3
gene_400,AFF4
gene_401,AFG3L1
gene_402,AFG3L2
gene_403,AFMID
gene_404,AFM
gene_405,AFP
gene_406,AFTPH
gene_407,AG2
gene_408,AGAP11
gene_409,AGAP1
gene_410,AGAP2
gene_411,AGAP3
gene_412,AGAP4
gene_413,AGAP5
gene_414,AGAP6
gene_415,AGAP7
gene_416,AGAP8
gene_417,AGA
gene_418,AGBL1
gene_419,AGBL2
gene_420,AGBL3
gene_421,AGBL4
gene_422,AGBL5
gene_423,AGER
gene_424,AGFG1
gene_425,AGFG2
gene_426,AGGF1
gene_427,AGK
gene_428,AGL
gene_429,AGMAT
gene_430,AGPAT1
gene_431,AGPAT2
gene_432,AGPAT3
gene_433,AGPAT4
gene_434,AGPAT5
gene_435,AGPAT6
gene_436,AGPAT9
gene_437,AGPHD1
gene_438,AGPS
gene_439,AGR2
gene_440,AGR3
gene_441,AGRN
gene_442,AGRP
gene_443,AGTPBP1
gene_444,AGTR1
gene_445,AGTR2
gene_446,AGTRAP
gene_447,AGT
gene_448,AGXT2L1
gene_449,AGXT2L2
gene_450,AGXT2
gene_451,AGXT
gene_452,AHCTF1
gene_453,AHCYL1
gene_454,AHCYL2
gene_455,AHCY
gene_456,AHDC1
gene_457,AHI1
gene_458,AHNAK2
gene_459,AHNAK
gene_460,AHRR
gene_461,AHR
gene_462,AHSA1
gene_463,AHSA2
gene_464,AHSG
gene_465,AHSP
gene_466,AICDA
gene_467,AIDA
gene_468,AIF1L
gene_469,AIF1
gene_470,AIFM1
gene_471,AIFM2
gene_472,AIFM3
gene_473,AIG1
gene_474,AIM1L
gene_475,AIM1
gene_476,AIM2
gene_477,AIMP1
gene_478,AIMP2
gene_479,AIPL1
gene_480,AIP
gene_481,AIRE
gene_482,AJAP1
gene_483,AK1
gene_484,AK2
gene_485,AK3L1
gene_486,AK3
gene_487,AK5
gene_488,AK7
gene_489,AKAP10
gene_490,AKAP11
gene_491,AKAP12
gene_492,AKAP13
gene_493,AKAP14
gene_494,AKAP1
gene_495,AKAP2
gene_496,AKAP3
gene_497,AKAP4
gene_498,AKAP5
gene_499,AKAP6
gene_500,AKAP7
gene_501,AKAP8L
gene_502,AKAP8
gene_503,AKAP9
gene_504,AKD1
gene_505,AKIRIN1
gene_506,AKIRIN2
gene_507,AKNAD1
gene_508,AKNA
gene_509,AKR1A1
gene_510,AKR1B10
gene_511,AKR1B15
gene_512,AKR1B1
gene_513,AKR1C1
gene_514,AKR1C2
gene_515,AKR1C3
gene_516,AKR1C4
gene_517,AKR1CL1
gene_518,AKR1D1
gene_519,AKR1E2
gene_520,AKR7A2
gene_521,AKR7A3
gene_522,AKR7L
gene_523,AKT1S1
gene_524,AKT1
gene_525,AKT2
gene_526,AKT3
gene_527,AKTIP
gene_528,ALAD
gene_529,ALAS1
gene_530,ALAS2
gene_531,ALB
gene_532,ALCAM
gene_533,ALDH16A1
gene_534,ALDH18A1
gene_535,ALDH1A1
gene_536,ALDH1A2
gene_537,ALDH1A3
gene_538,ALDH1B1
gene_539,ALDH1L1
gene_540,ALDH1L2
gene_541,ALDH2
gene_542,ALDH3A1
gene_543,ALDH3A2
gene_544,ALDH3B1
gene_545,ALDH3B2
gene_546,ALDH4A1
gene_547,ALDH5A1
gene_548,ALDH6A1
gene_549,ALDH7A1
gene_550,ALDH8A1
gene_551,ALDH9A1
gene_552,ALDOA
gene_553,ALDOB
gene_554,ALDOC
gene_555,ALG10B
gene_556,ALG10
gene_557,ALG11
gene_558,ALG12
gene_559,ALG13
gene_560,ALG14
gene_561,ALG1L2
gene_562,ALG1L
gene_563,ALG1
gene_564,ALG2
gene_565,ALG3
gene_566,ALG5
gene_567,ALG6
gene_568,ALG8
gene_569,ALG9
gene_570,ALKBH1
gene_571,ALKBH2
gene_572,ALKBH3
gene_573,ALKBH4
gene_574,ALKBH5
gene_575,ALKBH6
gene_576,ALKBH7
gene_577,ALKBH8
gene_578,ALK
gene_579,ALLC
gene_580,ALMS1P
gene_581,ALMS1
gene_582,ALOX12B
gene_583,ALOX12P2
gene_584,ALOX12
gene_585,ALOX15B
gene_586,ALOX15
gene_587,ALOX5AP
gene_588,ALOX5
gene_589,ALOXE3
gene_590,ALPI
gene_591,ALPK1
gene_592,ALPK2
gene_593,ALPK3
gene_594,ALPL
gene_595,ALPPL2
gene_596,ALPP
gene_597,ALS2CL
gene_598,ALS2CR11
gene_599,ALS2CR12
gene_600,ALS2CR4
gene_601,ALS2CR8
gene_602,ALS2
gene_603,ALX1
gene_604,ALX3
gene_605,ALX4
gene_606,AMAC1L2
gene_607,AMAC1L3
gene_608,AMAC1
gene_609,AMACR
gene_610,AMBN
gene_611,AMBP
gene_612,AMBRA1
gene_613,AMD1
gene_614,AMDHD1
gene_615,AMDHD2
gene_616,AMELX
gene_617,AMELY
gene_618,AMFR
gene_619,AMHR2
gene_620,AMH
gene_621,AMICA1
gene_622,AMIGO1
gene_623,AMIGO2
gene_624,AMIGO3
gene_625,AMMECR1L
gene_626,AMMECR1
gene_627,AMN1
gene_628,AMN
gene_629,AMOTL1
gene_630,AMOTL2
gene_631,AMOT
gene_632,AMPD1
gene_633,AMPD2
gene_634,AMPD3
gene_635,AMPH
gene_636,AMTN
gene_637,AMT
gene_638,AMY1A
gene_639,AMY2A
gene_640,AMY2B
gene_641,AMZ1
gene_642,AMZ2P1
gene_643,AMZ2
gene_644,ANAPC10
gene_645,ANAPC11
gene_646,ANAPC13
gene_647,ANAPC16
gene_648,ANAPC1
gene_649,ANAPC2
gene_650,ANAPC4
gene_651,ANAPC5
gene_652,ANAPC7
gene_653,ANGEL1
gene_654,ANGEL2
gene_655,ANGPT1
gene_656,ANGPT2
gene_657,ANGPT4
gene_658,ANGPTL1
gene_659,ANGPTL2
gene_660,ANGPTL3
gene_661,ANGPTL4
gene_662,ANGPTL5
gene_663,ANGPTL6
gene_664,ANGPTL7
gene_665,ANG
gene_666,ANK1
gene_667,ANK2
gene_668,ANK3
gene_669,ANKAR
gene_670,ANKDD1A
gene_671,ANKFN1
gene_672,ANKFY1
gene_673,ANKHD1-EIF4EBP3
gene_674,ANKHD1
gene_675,ANKH
gene_676,ANKIB1
gene_677,ANKK1
gene_678,ANKLE1
gene_679,ANKLE2
gene_680,ANKMY1
gene_681,ANKMY2
gene_682,ANKRA2
gene_683,ANKRD10
gene_684,ANKRD11
gene_685,ANKRD12
gene_686,ANKRD13A
gene_687,ANKRD13B
gene_688,ANKRD13C
gene_689,ANKRD13D
gene_690,ANKRD16
gene_691,ANKRD17
gene_692,ANKRD19
gene_693,ANKRD1
gene_694,ANKRD20A3
gene_695,ANKRD20A4
gene_696,ANKRD20B
gene_697,ANKRD22
gene_698,ANKRD23
gene_699,ANKRD24
gene_700,ANKRD26P1
gene_701,ANKRD26
gene_702,ANKRD27
gene_703,ANKRD28
gene_704,ANKRD29
gene_705,ANKRD2
gene_706,ANKRD30A
gene_707,ANKRD30B
gene_708,ANKRD31
gene_709,ANKRD32
gene_710,ANKRD33
gene_711,ANKRD34A
gene_712,ANKRD34B
gene_713,ANKRD34C
gene_714,ANKRD35
gene_715,ANKRD36BP1
gene_716,ANKRD36B
gene_717,ANKRD36
gene_718,ANKRD37
gene_719,ANKRD39
gene_720,ANKRD40
gene_721,ANKRD42
gene_722,ANKRD43
gene_723,ANKRD44
gene_724,ANKRD45
gene_725,ANKRD46
gene_726,ANKRD49
gene_727,ANKRD50
gene_728,ANKRD52
gene_729,ANKRD53
gene_730,ANKRD54
gene_731,ANKRD55
gene_732,ANKRD56
gene_733,ANKRD57
gene_734,ANKRD58
gene_735,ANKRD5
gene_736,ANKRD6
gene_737,ANKRD7
gene_738,ANKRD9
gene_739,ANKS1A
gene_740,ANKS1B
gene_741,ANKS3
gene_742,ANKS4B
gene_743,ANKS6
gene_744,ANKZF1
gene_745,ANLN
gene_746,ANO10
gene_747,ANO1
gene_748,ANO2
gene_749,ANO3
gene_750,ANO4
gene_751,ANO5
gene_752,ANO6
gene_753,ANO7
gene_754,ANO8
gene_755,ANO9
gene_756,ANP32A
gene_757,ANP32B
gene_758,ANP32C
gene_759,ANP32D
gene_760,ANP32E
gene_761,ANPEP
gene_762,ANTXR1
gene_763,ANTXR2
gene_764,ANTXRL
gene_765,ANUBL1
gene_766,ANXA10
gene_767,ANXA11
gene_768,ANXA13
gene_769,ANXA1
gene_770,ANXA2P1
gene_771,ANXA2P2
gene_772,ANXA2P3
gene_773,ANXA2
gene_774,ANXA3
gene_775,ANXA4
gene_776,ANXA5
gene_777,ANXA6
gene_778,ANXA7
gene_779,ANXA8L1
gene_780,ANXA8L2
gene_781,ANXA8
gene_782,ANXA9
gene_783,AOAH
gene_784,AOC2
gene_785,AOC3
gene_786,AOX1
gene_787,AOX2P
gene_788,AP1AR
gene_789,AP1B1
gene_790,AP1G1
gene_791,AP1G2
gene_792,AP1M1
gene_793,AP1M2
gene_794,AP1S1
gene_795,AP1S2
gene_796,AP1S3
gene_797,AP2A1
gene_798,AP2A2
gene_799,AP2B1
gene_800,AP2M1
gene_801,AP2S1
gene_802,AP3B1
gene_803,AP3B2
gene_804,AP3D1
gene_805,AP3M1
gene_806,AP3M2
gene_807,AP3S1
gene_808,AP3S2
gene_809,AP4B1
gene_810,AP4E1
gene_811,AP4M1
gene_812,AP4S1
gene_813,APAF1
gene_814,APBA1
gene_815,APBA2
gene_816,APBA3
gene_817,APBB1IP
gene_818,APBB1
gene_819,APBB2
gene_820,APBB3
gene_821,APC2
gene_822,APCDD1L
gene_823,APCDD1
gene_824,APCS
gene_825,APC
gene_826,APEH
gene_827,APEX1
gene_828,APEX2
gene_829,APH1A
gene_830,APH1B
gene_831,API5
gene_832,APIP
gene_833,APITD1
gene_834,APLF
gene_835,APLNR
gene_836,APLN
gene_837,APLP1
gene_838,APLP2
gene_839,APOA1BP
gene_840,APOA1
gene_841,APOA2
gene_842,APOA4
gene_843,APOA5
gene_844,APOB48R
gene_845,APOBEC1
gene_846,APOBEC2
gene_847,APOBEC3A
gene_848,APOBEC3B
gene_849,APOBEC3C
gene_850,APOBEC3D
gene_851,APOBEC3F
gene_852,APOBEC3G
gene_853,APOBEC3H
gene_854,APOBEC4
gene_855,APOB
gene_856,APOC1P1
gene_857,APOC1
gene_858,APOC2
gene_859,APOC3
gene_860,APOC4
gene_861,APOD
gene_862,APOE
gene_863,APOF
gene_864,APOH
gene_865,APOL1
gene_866,APOL2
gene_867,APOL3
gene_868,APOL4
gene_869,APOL5
gene_870,APOL6
gene_871,APOLD1
gene_872,APOM
gene_873,APOOL
gene_874,APOO
gene_875,APPBP2
gene_876,APPL1
gene_877,APPL2
gene_878,APP
gene_879,APRT
gene_880,APTX
gene_881,AQP10
gene_882,AQP11
gene_883,AQP12A
gene_884,AQP12B
gene_885,AQP1
gene_886,AQP2
gene_887,AQP3
gene_888,AQP4
gene_889,AQP5
gene_890,AQP6
gene_891,AQP7P1
gene_892,AQP7P3
gene_893,AQP7
gene_894,AQP8
gene_895,AQP9
gene_896,AQPEP
gene_897,AQR
gene_898,ARAF
gene_899,ARAP1
gene_900,ARAP2
gene_901,ARAP3
gene_902,ARCN1
gene_903,ARC
gene_904,AREG
gene_905,ARF1
gene_906,ARF3
gene_907,ARF4
gene_908,ARF5
gene_909,ARF6
gene_910,ARFGAP1
gene_911,ARFGAP2
gene_912,ARFGAP3
gene_913,ARFGEF1
gene_914,ARFGEF2
gene_915,ARFIP1
gene_916,ARFIP2
gene_917,ARFRP1
gene_918,ARG1
gene_919,ARG2
gene_920,ARGFXP2
gene_921,ARGFX
gene_922,ARGLU1
gene_923,ARHGAP10
gene_924,ARHGAP11A
gene_925,ARHGAP11B
gene_926,ARHGAP12
gene_927,ARHGAP15
gene_928,ARHGAP17
gene_929,ARHGAP18
gene_930,ARHGAP19
gene_931,ARHGAP1
gene_932,ARHGAP20
gene_933,ARHGAP21
gene_934,ARHGAP22
gene_935,ARHGAP23
gene_936,ARHGAP24
gene_937,ARHGAP25
gene_938,ARHGAP26
gene_939,ARHGAP27
gene_940,ARHGAP28
gene_941,ARHGAP29
gene_942,ARHGAP30
gene_943,ARHGAP31
gene_944,ARHGAP32
gene_945,ARHGAP33
gene_946,ARHGAP36
gene_947,ARHGAP39
gene_948,ARHGAP42
gene_949,ARHGAP4
gene_950,ARHGAP5
gene_951,ARHGAP6
gene_952,ARHGAP8
gene_953,ARHGAP9
gene_954,ARHGDIA
gene_955,ARHGDIB
gene_956,ARHGDIG
gene_957,ARHGEF10L
gene_958,ARHGEF10
gene_959,ARHGEF11
gene_960,ARHGEF12
gene_961,ARHGEF15
gene_962,ARHGEF16
gene_963,ARHGEF17
gene_964,ARHGEF18
gene_965,ARHGEF19
gene_966,ARHGEF1
gene_967,ARHGEF2
gene_968,ARHGEF33
gene_969,ARHGEF35
gene_970,ARHGEF37
gene_971,ARHGEF38
gene_972,ARHGEF3
gene_973,ARHGEF4
gene_974,ARHGEF5
gene_975,ARHGEF6
gene_976,ARHGEF7
gene_977,ARHGEF9
gene_978,ARID1A
gene_979,ARID1B
gene_980,ARID2
gene_981,ARID3A
gene_982,ARID3B
gene_983,ARID3C
gene_984,ARID4A
gene_985,ARID4B
gene_986,ARID5A
gene_987,ARID5B
gene_988,ARIH1
gene_989,ARIH2
gene_990,ARL10
gene_991,ARL11
gene_992,ARL13A
gene_993,ARL13B
gene_994,ARL14
gene_995,ARL15
gene_996,ARL16
gene_997,ARL17A
gene_998,ARL17B
gene_999,ARL1
gene_1000,ARL2BP
gene_1001,ARL2
gene_1002,ARL3
gene_1003,ARL4A
gene_1004,ARL4C
gene_1005,ARL4D
gene_1006,ARL5A
gene_1007,ARL5B
gene_1008,ARL5C
gene_1009,ARL6IP1
gene_1010,ARL6IP4
gene_1011,ARL6IP5
gene_1012,ARL6IP6
gene_1013,ARL6
gene_1014,ARL8A
gene_1015,ARL8B
gene_1016,ARL9
gene_1017,ARMC10
gene_1018,ARMC1
gene_1019,ARMC2
gene_1020,ARMC3
gene_1021,ARMC4
gene_1022,ARMC5
gene_1023,ARMC6
gene_1024,ARMC7
gene_1025,ARMC8
gene_1026,ARMC9
gene_1027,ARMCX1
gene_1028,ARMCX2
gene_1029,ARMCX3
gene_1030,ARMCX5
gene_1031,ARMCX6
gene_1032,ARMS2
gene_1033,ARNT2
gene_1034,ARNTL2
gene_1035,ARNTL
gene_1036,ARNT
gene_1037,ARPC1A
gene_1038,ARPC1B
gene_1039,ARPC2
gene_1040,ARPC3
gene_1041,ARPC4
gene_1042,ARPC5L
gene_1043,ARPC5
gene_1044,ARPM1
gene_1045,ARPP19
gene_1046,ARPP21
gene_1047,ARR3
gene_1048,ARRB1
gene_1049,ARRB2
gene_1050,ARRDC1
gene_1051,ARRDC2
gene_1052,ARRDC3
gene_1053,ARRDC4
gene_1054,ARRDC5
gene_1055,ARSA
gene_1056,ARSB
gene_1057,ARSD
gene_1058,ARSE
gene_1059,ARSF
gene_1060,ARSG
gene_1061,ARSH
gene_1062,ARSI
gene_1063,ARSJ
gene_1064,ARSK
gene_1065,ART1
gene_1066,ART3
gene_1067,ART4
gene_1068,ART5
gene_1069,ARTN
gene_1070,ARV1
gene_1071,ARVCF
gene_1072,ARX
gene_1073,AR
gene_1074,AS3MT
gene_1075,ASAH1
gene_1076,ASAH2B
gene_1077,ASAH2
gene_1078,ASAM
gene_1079,ASAP1IT1
gene_1080,ASAP1
gene_1081,ASAP2
gene_1082,ASAP3
gene_1083,ASB10
gene_1084,ASB11
gene_1085,ASB12
gene_1086,ASB13
gene_1087,ASB14
gene_1088,ASB15
gene_1089,ASB16
gene_1090,ASB17
gene_1091,ASB18
gene_1092,ASB1
gene_1093,ASB2
gene_1094,ASB3
gene_1095,ASB4
gene_1096,ASB5
gene_1097,ASB6
gene_1098,ASB7
gene_1099,ASB8
gene_1100,ASB9
gene_1101,ASCC1
gene_1102,ASCC2
gene_1103,ASCC3
gene_1104,ASCL1
gene_1105,ASCL2
gene_1106,ASCL3
gene_1107,ASCL4
gene_1108,ASF1A
gene_1109,ASF1B
gene_1110,ASFMR1
gene_1111,ASGR1
gene_1112,ASGR2
gene_1113,ASH1L
gene_1114,ASH2L
gene_1115,ASIP
gene_1116,ASL
gene_1117,ASMTL
gene_1118,ASMT
gene_1119,ASNA1
gene_1120,ASNSD1
gene_1121,ASNS
gene_1122,ASPA
gene_1123,ASPDH
gene_1124,ASPG
gene_1125,ASPHD1
gene_1126,ASPHD2
gene_1127,ASPH
gene_1128,ASPM
gene_1129,ASPN
gene_1130,ASPRV1
gene_1131,ASPSCR1
gene_1132,ASRGL1
gene_1133,ASS1
gene_1134,ASTE1
gene_1135,ASTL
gene_1136,ASTN1
gene_1137,ASTN2
gene_1138,ASXL1
gene_1139,ASXL2
gene_1140,ASXL3
gene_1141,ASZ1
gene_1142,ATAD1
gene_1143,ATAD2B
gene_1144,ATAD2
gene_1145,ATAD3A
gene_1146,ATAD3B
gene_1147,ATAD3C
gene_1148,ATAD5
gene_1149,ATCAY
gene_1150,ATE1
gene_1151,ATF1
gene_1152,ATF2
gene_1153,ATF3
gene_1154,ATF4
gene_1155,ATF5
gene_1156,ATF6B
gene_1157,ATF6
gene_1158,ATF7IP2
gene_1159,ATF7IP
gene_1160,ATF7
gene_1161,ATG10
gene_1162,ATG12
gene_1163,ATG16L1
gene_1164,ATG16L2
gene_1165,ATG2A
gene_1166,ATG2B
gene_1167,ATG3
gene_1168,ATG4A
gene_1169,ATG4B
gene_1170,ATG4C
gene_1171,ATG4D
gene_1172,ATG5
gene_1173,ATG7
gene_1174,ATG9A
gene_1175,ATG9B
gene_1176,ATHL1
gene_1177,ATIC
gene_1178,ATL1
gene_1179,ATL2
gene_1180,ATL3
gene_1181,ATMIN
gene_1182,ATM
gene_1183,ATN1
gene_1184,ATOH1
gene_1185,ATOH7
gene_1186,ATOH8
gene_1187,ATOX1
gene_1188,ATP10A
gene_1189,ATP10B
gene_1190,ATP10D
gene_1191,ATP11A
gene_1192,ATP11B
gene_1193,ATP11C
gene_1194,ATP12A
gene_1195,ATP13A1
gene_1196,ATP13A2
gene_1197,ATP13A3
gene_1198,ATP13A4
gene_1199,ATP13A5
gene_1200,ATP1A1
gene_1201,ATP1A2
gene_1202,ATP1A3
gene_1203,ATP1A4
gene_1204,ATP1B1
gene_1205,ATP1B2
gene_1206,ATP1B3
gene_1207,ATP1B4
gene_1208,ATP2A1
gene_1209,ATP2A2
gene_1210,ATP2A3
gene_1211,ATP2B1
gene_1212,ATP2B2
gene_1213,ATP2B3
gene_1214,ATP2B4
gene_1215,ATP2C1
gene_1216,ATP2C2
gene_1217,ATP4A
gene_1218,ATP4B
gene_1219,ATP5A1
gene_1220,ATP5B
gene_1221,ATP5C1
gene_1222,ATP5D
gene_1223,ATP5EP2
gene_1224,ATP5E
gene_1225,ATP5F1
gene_1226,ATP5G1
gene_1227,ATP5G2
gene_1228,ATP5G3
gene_1229,ATP5H
gene_1230,ATP5I
gene_1231,ATP5J2
gene_1232,ATP5J
gene_1233,ATP5L2
gene_1234,ATP5L
gene_1235,ATP5O
gene_1236,ATP5SL
gene_1237,ATP5S
gene_1238,ATP6AP1L
gene_1239,ATP6AP1
gene_1240,ATP6AP2
gene_1241,ATP6V0A1
gene_1242,ATP6V0A2
gene_1243,ATP6V0A4
gene_1244,ATP6V0B
gene_1245,ATP6V0C
gene_1246,ATP6V0D1
gene_1247,ATP6V0D2
gene_1248,ATP6V0E1
gene_1249,ATP6V0E2
gene_1250,ATP6V1A
gene_1251,ATP6V1B1
gene_1252,ATP6V1B2
gene_1253,ATP6V1C1
gene_1254,ATP6V1C2
gene_1255,ATP6V1D
gene_1256,ATP6V1E1
gene_1257,ATP6V1E2
gene_1258,ATP6V1F
gene_1259,ATP6V1G1
gene_1260,ATP6V1G2
gene_1261,ATP6V1G3
gene_1262,ATP6V1H
gene_1263,ATP7A
gene_1264,ATP7B
gene_1265,ATP8A1
gene_1266,ATP8A2
gene_1267,ATP8B1
gene_1268,ATP8B2
gene_1269,ATP8B3
gene_1270,ATP8B4
gene_1271,ATP8B5P
gene_1272,ATP9A
gene_1273,ATP9B
gene_1274,ATPAF1
gene_1275,ATPAF2
gene_1276,ATPBD4
gene_1277,ATPIF1
gene_1278,ATRIP
gene_1279,ATRNL1
gene_1280,ATRN
gene_1281,ATRX
gene_1282,ATR
gene_1283,ATXN10
gene_1284,ATXN1L
gene_1285,ATXN1
gene_1286,ATXN2L
gene_1287,ATXN2
gene_1288,ATXN3L
gene_1289,ATXN3
gene_1290,ATXN7L1
gene_1291,ATXN7L2
gene_1292,ATXN7L3B
gene_1293,ATXN7L3
gene_1294,ATXN7
gene_1295,ATXN8OS
gene_1296,AUH
gene_1297,AUP1
gene_1298,AURKAIP1
gene_1299,AURKAPS1
gene_1300,AURKA
gene_1301,AURKB
gene_1302,AURKC
gene_1303,AUTS2
gene_1304,AVEN
gene_1305,AVIL
gene_1306,AVL9
gene_1307,AVPI1
gene_1308,AVPR1A
gene_1309,AVPR1B
gene_1310,AVPR2
gene_1311,AVP
gene_1312,AWAT1
gene_1313,AWAT2
gene_1314,AXIN1
gene_1315,AXIN2
gene_1316,AXL
gene_1317,AZGP1
gene_1318,AZI1
gene_1319,AZI2
gene_1320,AZIN1
gene_1321,AZU1
gene_1322,B2M
gene_1323,B3GALNT1
gene_1324,B3GALNT2
gene_1325,B3GALT1
gene_1326,B3GALT2
gene_1327,B3GALT4
gene_1328,B3GALT5
gene_1329,B3GALT6
gene_1330,B3GALTL
gene_1331,B3GAT1
gene_1332,B3GAT2
gene_1333,B3GAT3
gene_1334,B3GNT1
gene_1335,B3GNT2
gene_1336,B3GNT3
gene_1337,B3GNT4
gene_1338,B3GNT5
gene_1339,B3GNT6
gene_1340,B3GNT7
gene_1341,B3GNT8
gene_1342,B3GNT9
gene_1343,B3GNTL1
gene_1344,B4GALNT1
gene_1345,B4GALNT2
gene_1346,B4GALNT3
gene_1347,B4GALNT4
gene_1348,B4GALT1
gene_1349,B4GALT2
gene_1350,B4GALT3
gene_1351,B4GALT4
gene_1352,B4GALT5
gene_1353,B4GALT6
gene_1354,B4GALT7
gene_1355,B9D1
gene_1356,B9D2
gene_1357,BAALC
gene_1358,BAAT
gene_1359,BACE1
gene_1360,BACE2
gene_1361,BACH1
gene_1362,BACH2
gene_1363,BAD
gene_1364,BAG1
gene_1365,BAG2
gene_1366,BAG3
gene_1367,BAG4
gene_1368,BAG5
gene_1369,BAGE2
gene_1370,BAGE
gene_1371,BAHCC1
gene_1372,BAHD1
gene_1373,BAI1
gene_1374,BAI2
gene_1375,BAI3
gene_1376,BAIAP2L1
gene_1377,BAIAP2L2
gene_1378,BAIAP2
gene_1379,BAIAP3
gene_1380,BAK1
gene_1381,BAMBI
gene_1382,BANF1
gene_1383,BANF2
gene_1384,BANK1
gene_1385,BANP
gene_1386,BAP1
gene_1387,BARD1
gene_1388,BARHL1
gene_1389,BARHL2
gene_1390,BARX1
gene_1391,BARX2
gene_1392,BASE
gene_1393,BASP1
gene_1394,BAT1
gene_1395,BAT2L1
gene_1396,BAT2L2
gene_1397,BAT2
gene_1398,BAT3
gene_1399,BAT4
gene_1400,BAT5
gene_1401,BATF2
gene_1402,BATF3
gene_1403,BATF
gene_1404,BAX
gene_1405,BAZ1A
gene_1406,BAZ1B
gene_1407,BAZ2A
gene_1408,BAZ2B
gene_1409,BBC3
gene_1410,BBOX1
gene_1411,BBS10
gene_1412,BBS12
gene_1413,BBS1
gene_1414,BBS2
gene_1415,BBS4
gene_1416,BBS5
gene_1417,BBS7
gene_1418,BBS9
gene_1419,BBX
gene_1420,BCAM
gene_1421,BCAN
gene_1422,BCAP29
gene_1423,BCAP31
gene_1424,BCAR1
gene_1425,BCAR3
gene_1426,BCAR4
gene_1427,BCAS1
gene_1428,BCAS2
gene_1429,BCAS3
gene_1430,BCAS4
gene_1431,BCAT1
gene_1432,BCAT2
gene_1433,BCCIP
gene_1434,BCDIN3D
gene_1435,BCHE
gene_1436,BCKDHA
gene_1437,BCKDHB
gene_1438,BCKDK
gene_1439,BCL10
gene_1440,BCL11A
gene_1441,BCL11B
gene_1442,BCL2A1
gene_1443,BCL2L10
gene_1444,BCL2L11
gene_1445,BCL2L12
gene_1446,BCL2L13
gene_1447,BCL2L14
gene_1448,BCL2L15
gene_1449,BCL2L1
gene_1450,BCL2L2
gene_1451,BCL2
gene_1452,BCL3
gene_1453,BCL6B
gene_1454,BCL6
gene_1455,BCL7A
gene_1456,BCL7B
gene_1457,BCL7C
gene_1458,BCL8
gene_1459,BCL9L
gene_1460,BCL9
gene_1461,BCLAF1
gene_1462,BCMO1
gene_1463,BCO2
gene_1464,BCORL1
gene_1465,BCORL2
gene_1466,BCOR
gene_1467,BCR
gene_1468,BCS1L
gene_1469,BCYRN1
gene_1470,BDH1
gene_1471,BDH2
gene_1472,BDKRB1
gene_1473,BDKRB2
gene_1474,BDNFOS
gene_1475,BDNF
gene_1476,BDP1
gene_1477,BEAN
gene_1478,BECN1
gene_1479,BEGAIN
gene_1480,BEND2
gene_1481,BEND3
gene_1482,BEND4
gene_1483,BEND5
gene_1484,BEND6
gene_1485,BEND7
gene_1486,BEST1
gene_1487,BEST2
gene_1488,BEST3
gene_1489,BEST4
gene_1490,BET1L
gene_1491,BET1
gene_1492,BET3L
gene_1493,BEX1
gene_1494,BEX2
gene_1495,BEX4
gene_1496,BEX5
gene_1497,BEYLA
gene_1498,BFAR
gene_1499,BFSP1
gene_1500,BFSP2
gene_1501,BGLAP
gene_1502,BGN
gene_1503,BHLHA15
gene_1504,BHLHB9
gene_1505,BHLHE22
gene_1506,BHLHE23
gene_1507,BHLHE40
gene_1508,BHLHE41
gene_1509,BHMT2
gene_1510,BHMT
gene_1511,BICC1
gene_1512,BICD1
gene_1513,BICD2
gene_1514,BID
gene_1515,BIK
gene_1516,BIN1
gene_1517,BIN2
gene_1518,BIN3
gene_1519,BIRC2
gene_1520,BIRC3
gene_1521,BIRC5
gene_1522,BIRC6
gene_1523,BIRC7
gene_1524,BIRC8
gene_1525,BIVM
gene_1526,BLCAP
gene_1527,BLID
gene_1528,BLK
gene_1529,BLMH
gene_1530,BLM
gene_1531,BLNK
gene_1532,BLOC1S1
gene_1533,BLOC1S2
gene_1534,BLOC1S3
gene_1535,BLVRA
gene_1536,BLVRB
gene_1537,BLZF1
gene_1538,BMF
gene_1539,BMI1
gene_1540,BMP10
gene_1541,BMP15
gene_1542,BMP1
gene_1543,BMP2K
gene_1544,BMP2
gene_1545,BMP3
gene_1546,BMP4
gene_1547,BMP5
gene_1548,BMP6
gene_1549,BMP7
gene_1550,BMP8A
gene_1551,BMP8B
gene_1552,BMPER
gene_1553,BMPR1A
gene_1554,BMPR1B
gene_1555,BMPR2
gene_1556,BMS1P4
gene_1557,BMS1P5
gene_1558,BMS1
gene_1559,BMX
gene_1560,BNC1
gene_1561,BNC2
gene_1562,BNIP1
gene_1563,BNIP2
gene_1564,BNIP3L
gene_1565,BNIP3
gene_1566,BNIPL
gene_1567,BOC
gene_1568,BOD1L
gene_1569,BOD1
gene_1570,BOK
gene_1571,BOLA1
gene_1572,BOLA2
gene_1573,BOLA3
gene_1574,BOLL
gene_1575,BOP1
gene_1576,BPESC1
gene_1577,BPGM
gene_1578,BPHL
gene_1579,BPIL1
gene_1580,BPIL2
gene_1581,BPIL3
gene_1582,BPI
gene_1583,BPNT1
gene_1584,BPTF
gene_1585,BPY2
gene_1586,BRAF
gene_1587,BRAP
gene_1588,BRCA1
gene_1589,BRCA2
gene_1590,BRCC3
gene_1591,BRD1
gene_1592,BRD2
gene_1593,BRD3
gene_1594,BRD4
gene_1595,BRD7P3
gene_1596,BRD7
gene_1597,BRD8
gene_1598,BRD9
gene_1599,BRDT
gene_1600,BREA2
gene_1601,BRE
gene_1602,BRF1
gene_1603,BRF2
gene_1604,BRI3BP
gene_1605,BRI3
gene_1606,BRIP1
gene_1607,BRIX1
gene_1608,BRMS1L
gene_1609,BRMS1
gene_1610,BRP44L
gene_1611,BRP44
gene_1612,BRPF1
gene_1613,BRPF3
gene_1614,BRS3
gene_1615,BRSK1
gene_1616,BRSK2
gene_1617,BRWD1
gene_1618,BRWD3
gene_1619,BSCL2
gene_1620,BSDC1
gene_1621,BSG
gene_1622,BSND
gene_1623,BSN
gene_1624,BSPH1
gene_1625,BSPRY
gene_1626,BST1
gene_1627,BST2
gene_1628,BSX
gene_1629,BTAF1
gene_1630,BTBD10
gene_1631,BTBD11
gene_1632,BTBD12
gene_1633,BTBD16
gene_1634,BTBD17
gene_1635,BTBD18
gene_1636,BTBD19
gene_1637,BTBD1
gene_1638,BTBD2
gene_1639,BTBD3
gene_1640,BTBD6
gene_1641,BTBD7
gene_1642,BTBD8
gene_1643,BTBD9
gene_1644,BTC
gene_1645,BTD
gene_1646,BTF3L1
gene_1647,BTF3L4
gene_1648,BTF3
gene_1649,BTG1
gene_1650,BTG2
gene_1651,BTG3
gene_1652,BTG4
gene_1653,BTK
gene_1654,BTLA
gene_1655,BTN1A1
gene_1656,BTN2A1
gene_1657,BTN2A2
gene_1658,BTN2A3
gene_1659,BTN3A1
gene_1660,BTN3A2
gene_1661,BTN3A3
gene_1662,BTNL2
gene_1663,BTNL3
gene_1664,BTNL8
gene_1665,BTNL9
gene_1666,BTRC
gene_1667,BUB1B
gene_1668,BUB1
gene_1669,BUB3
gene_1670,BUD13
gene_1671,BUD31
gene_1672,BVES
gene_1673,BYSL
gene_1674,BZRAP1
gene_1675,BZW1
gene_1676,BZW2
gene_1677,C10orf105
gene_1678,C10orf107
gene_1679,C10orf108
gene_1680,C10orf10
gene_1681,C10orf110
gene_1682,C10orf111
gene_1683,C10orf113
gene_1684,C10orf114
gene_1685,C10orf116
gene_1686,C10orf118
gene_1687,C10orf119
gene_1688,C10orf11
gene_1689,C10orf120
gene_1690,C10orf122
gene_1691,C10orf125
gene_1692,C10orf128
gene_1693,C10orf129
gene_1694,C10orf12
gene_1695,C10orf131
gene_1696,C10orf137
gene_1697,C10orf140
gene_1698,C10orf18
gene_1699,C10orf25
gene_1700,C10orf26
gene_1701,C10orf27
gene_1702,C10orf28
gene_1703,C10orf2
gene_1704,C10orf32
gene_1705,C10orf35
gene_1706,C10orf40
gene_1707,C10orf41
gene_1708,C10orf46
gene_1709,C10orf47
gene_1710,C10orf4
gene_1711,C10orf50
gene_1712,C10orf53
gene_1713,C10orf54
gene_1714,C10orf55
gene_1715,C10orf57
gene_1716,C10orf58
gene_1717,C10orf62
gene_1718,C10orf67
gene_1719,C10orf68
gene_1720,C10orf71
gene_1721,C10orf72
gene_1722,C10orf75
gene_1723,C10orf76
gene_1724,C10orf78
gene_1725,C10orf79
gene_1726,C10orf81
gene_1727,C10orf82
gene_1728,C10orf84
gene_1729,C10orf88
gene_1730,C10orf90
gene_1731,C10orf91
gene_1732,C10orf93
gene_1733,C10orf95
gene_1734,C10orf96
gene_1735,C10orf99
gene_1736,C11orf10
gene_1737,C11orf16
gene_1738,C11orf17
gene_1739,C11orf1
gene_1740,C11orf20
gene_1741,C11orf21
gene_1742,C11orf24
gene_1743,C11orf2
gene_1744,C11orf30
gene_1745,C11orf31
gene_1746,C11orf34
gene_1747,C11orf35
gene_1748,C11orf36
gene_1749,C11orf40
gene_1750,C11orf41
gene_1751,C11orf42
gene_1752,C11orf45
gene_1753,C11orf46
gene_1754,C11orf48
gene_1755,C11orf49
gene_1756,C11orf51
gene_1757,C11orf52
gene_1758,C11orf53
gene_1759,C11orf54
gene_1760,C11orf57
gene_1761,C11orf58
gene_1762,C11orf59
gene_1763,C11orf61
gene_1764,C11orf63
gene_1765,C11orf64
gene_1766,C11orf65
gene_1767,C11orf66
gene_1768,C11orf67
gene_1769,C11orf68
gene_1770,C11orf70
gene_1771,C11orf71
gene_1772,C11orf73
gene_1773,C11orf74
gene_1774,C11orf75
gene_1775,C11orf80
gene_1776,C11orf82
gene_1777,C11orf83
gene_1778,C11orf84
gene_1779,C11orf85
gene_1780,C11orf86
gene_1781,C11orf87
gene_1782,C11orf88
gene_1783,C11orf90
gene_1784,C11orf92
gene_1785,C11orf93
gene_1786,C11orf94
gene_1787,C11orf95
gene_1788,C11orf9
gene_1789,C12orf10
gene_1790,C12orf11
gene_1791,C12orf12
gene_1792,C12orf23
gene_1793,C12orf24
gene_1794,C12orf26
gene_1795,C12orf27
gene_1796,C12orf29
gene_1797,C12orf32
gene_1798,C12orf34
gene_1799,C12orf35
gene_1800,C12orf36
gene_1801,C12orf39
gene_1802,C12orf40
gene_1803,C12orf41
gene_1804,C12orf42
gene_1805,C12orf43
gene_1806,C12orf44
gene_1807,C12orf45
gene_1808,C12orf47
gene_1809,C12orf48
gene_1810,C12orf49
gene_1811,C12orf4
gene_1812,C12orf50
gene_1813,C12orf51
gene_1814,C12orf52
gene_1815,C12orf53
gene_1816,C12orf54
gene_1817,C12orf56
gene_1818,C12orf57
gene_1819,C12orf59
gene_1820,C12orf5
gene_1821,C12orf60
gene_1822,C12orf61
gene_1823,C12orf62
gene_1824,C12orf63
gene_1825,C12orf65
gene_1826,C12orf66
gene_1827,C12orf68
gene_1828,C12orf69
gene_1829,C12orf70
gene_1830,C12orf71
gene_1831,C12orf72
gene_1832,C12orf73
gene_1833,C12orf74
gene_1834,C12orf75
gene_1835,C12orf76
gene_1836,C12orf77
gene_1837,C13orf15
gene_1838,C13orf16
gene_1839,C13orf18
gene_1840,C13orf1
gene_1841,C13orf23
gene_1842,C13orf26
gene_1843,C13orf27
gene_1844,C13orf28
gene_1845,C13orf29
gene_1846,C13orf30
gene_1847,C13orf31
gene_1848,C13orf33
gene_1849,C13orf34
gene_1850,C13orf35
gene_1851,C13orf36
gene_1852,C13orf37
gene_1853,C13orf38
gene_1854,C13orf39
gene_1855,C14orf101
gene_1856,C14orf102
gene_1857,C14orf104
gene_1858,C14orf105
gene_1859,C14orf106
gene_1860,C14orf109
gene_1861,C14orf115
gene_1862,C14orf118
gene_1863,C14orf119
gene_1864,C14orf126
gene_1865,C14orf128
gene_1866,C14orf129
gene_1867,C14orf132
gene_1868,C14orf135
gene_1869,C14orf138
gene_1870,C14orf139
gene_1871,C14orf142
gene_1872,C14orf143
gene_1873,C14orf145
gene_1874,C14orf147
gene_1875,C14orf148
gene_1876,C14orf149
gene_1877,C14orf153
gene_1878,C14orf156
gene_1879,C14orf159
gene_1880,C14orf162
gene_1881,C14orf165
gene_1882,C14orf166B
gene_1883,C14orf166
gene_1884,C14orf167
gene_1885,C14orf169
gene_1886,C14orf174
gene_1887,C14orf176
gene_1888,C14orf177
gene_1889,C14orf178
gene_1890,C14orf179
gene_1891,C14orf180
gene_1892,C14orf181
gene_1893,C14orf182
gene_1894,C14orf183
gene_1895,C14orf184
gene_1896,C14orf19
gene_1897,C14orf1
gene_1898,C14orf21
gene_1899,C14orf23
gene_1900,C14orf28
gene_1901,C14orf2
gene_1902,C14orf33
gene_1903,C14orf34
gene_1904,C14orf37
gene_1905,C14orf39
gene_1906,C14orf43
gene_1907,C14orf45
gene_1908,C14orf48
gene_1909,C14orf49
gene_1910,C14orf4
gene_1911,C14orf50
gene_1912,C14orf53
gene_1913,C14orf64
gene_1914,C14orf68
gene_1915,C14orf70
gene_1916,C14orf72
gene_1917,C14orf73
gene_1918,C14orf79
gene_1919,C14orf80
gene_1920,C14orf86
gene_1921,C14orf93
gene_1922,C15orf17
gene_1923,C15orf21
gene_1924,C15orf23
gene_1925,C15orf24
gene_1926,C15orf26
gene_1927,C15orf27
gene_1928,C15orf28
gene_1929,C15orf29
gene_1930,C15orf2
gene_1931,C15orf32
gene_1932,C15orf33
gene_1933,C15orf34
gene_1934,C15orf37
gene_1935,C15orf38
gene_1936,C15orf39
gene_1937,C15orf40
gene_1938,C15orf41
gene_1939,C15orf42
gene_1940,C15orf43
gene_1941,C15orf44
gene_1942,C15orf48
gene_1943,C15orf50
gene_1944,C15orf51
gene_1945,C15orf52
gene_1946,C15orf53
gene_1947,C15orf54
gene_1948,C15orf55
gene_1949,C15orf56
gene_1950,C15orf57
gene_1951,C15orf58
gene_1952,C15orf59
gene_1953,C15orf5
gene_1954,C15orf60
gene_1955,C15orf61
gene_1956,C15orf62
gene_1957,C15orf63
gene_1958,C16orf11
gene_1959,C16orf13
gene_1960,C16orf3
gene_1961,C16orf42
gene_1962,C16orf45
gene_1963,C16orf46
gene_1964,C16orf48
gene_1965,C16orf52
gene_1966,C16orf53
gene_1967,C16orf54
gene_1968,C16orf55
gene_1969,C16orf57
gene_1970,C16orf58
gene_1971,C16orf59
gene_1972,C16orf5
gene_1973,C16orf61
gene_1974,C16orf62
gene_1975,C16orf63
gene_1976,C16orf68
gene_1977,C16orf70
gene_1978,C16orf71
gene_1979,C16orf72
gene_1980,C16orf73
gene_1981,C16orf74
gene_1982,C16orf75
gene_1983,C16orf78
gene_1984,C16orf79
gene_1985,C16orf7
gene_1986,C16orf80
gene_1987,C16orf81
gene_1988,C16orf82
gene_1989,C16orf86
gene_1990,C16orf87
gene_1991,C16orf88
gene_1992,C16orf89
gene_1993,C16orf90
gene_1994,C16orf91
gene_1995,C16orf92
gene_1996,C16orf93
gene_1997,C17orf100
gene_1998,C17orf101
gene_1999,C17orf102
gene_2000,C17orf103
gene_2001,C17orf104
gene_2002,C17orf105
gene_2003,C17orf106
gene_2004,C17orf107
gene_2005,C17orf108
gene_2006,C17orf28
gene_2007,C17orf37
gene_2008,C17orf39
gene_2009,C17orf42
gene_2010,C17orf44
gene_2011,C17orf46
gene_2012,C17orf47
gene_2013,C17orf48
gene_2014,C17orf49
gene_2015,C17orf50
gene_2016,C17orf51
gene_2017,C17orf53
gene_2018,C17orf54
gene_2019,C17orf55
gene_2020,C17orf56
gene_2021,C17orf57
gene_2022,C17orf58
gene_2023,C17orf59
gene_2024,C17orf60
gene_2025,C17orf61
gene_2026,C17orf62
gene_2027,C17orf63
gene_2028,C17orf64
gene_2029,C17orf65
gene_2030,C17orf66
gene_2031,C17orf67
gene_2032,C17orf68
gene_2033,C17orf69
gene_2034,C17orf70
gene_2035,C17orf71
gene_2036,C17orf72
gene_2037,C17orf73
gene_2038,C17orf74
gene_2039,C17orf75
gene_2040,C17orf76
gene_2041,C17orf77
gene_2042,C17orf78
gene_2043,C17orf79
gene_2044,C17orf80
gene_2045,C17orf81
gene_2046,C17orf82
gene_2047,C17orf85
gene_2048,C17orf86
gene_2049,C17orf87
gene_2050,C17orf88
gene_2051,C17orf89
gene_2052,C17orf90
gene_2053,C17orf91
gene_2054,C17orf93
gene_2055,C17orf95
gene_2056,C17orf96
gene_2057,C17orf97
gene_2058,C17orf98
gene_2059,C17orf99
gene_2060,C18orf10
gene_2061,C18orf16
gene_2062,C18orf18
gene_2063,C18orf19
gene_2064,C18orf1
gene_2065,C18orf20
gene_2066,C18orf21
gene_2067,C18orf22
gene_2068,C18orf25
gene_2069,C18orf26
gene_2070,C18orf2
gene_2071,C18orf32
gene_2072,C18orf34
gene_2073,C18orf45
gene_2074,C18orf54
gene_2075,C18orf55
gene_2076,C18orf56
gene_2077,C18orf62
gene_2078,C18orf8
gene_2079,C19orf10
gene_2080,C19orf12
gene_2081,C19orf18
gene_2082,C19orf20
gene_2083,C19orf21
gene_2084,C19orf22
gene_2085,C19orf23
gene_2086,C19orf24
gene_2087,C19orf25
gene_2088,C19orf26
gene_2089,C19orf28
gene_2090,C19orf29
gene_2091,C19orf2
gene_2092,C19orf30
gene_2093,C19orf33
gene_2094,C19orf34
gene_2095,C19orf35
gene_2096,C19orf36
gene_2097,C19orf38
gene_2098,C19orf39
gene_2099,C19orf40
gene_2100,C19orf41
gene_2101,C19orf42
gene_2102,C19orf43
gene_2103,C19orf44
gene_2104,C19orf45
gene_2105,C19orf46
gene_2106,C19orf47
gene_2107,C19orf48
gene_2108,C19orf50
gene_2109,C19orf51
gene_2110,C19orf52
gene_2111,C19orf53
gene_2112,C19orf54
gene_2113,C19orf55
gene_2114,C19orf56
gene_2115,C19orf57
gene_2116,C19orf59
gene_2117,C19orf60
gene_2118,C19orf61
gene_2119,C19orf62
gene_2120,C19orf63
gene_2121,C19orf66
gene_2122,C19orf69
gene_2123,C19orf6
gene_2124,C19orf70
gene_2125,C19orf71
gene_2126,C19orf73
gene_2127,C19orf75
gene_2128,C19orf76
gene_2129,C19orf77
gene_2130,C1D
gene_2131,C1GALT1C1
gene_2132,C1GALT1
gene_2133,C1QA
gene_2134,C1QBP
gene_2135,C1QB
gene_2136,C1QC
gene_2137,C1QL1
gene_2138,C1QL2
gene_2139,C1QL3
gene_2140,C1QL4
gene_2141,C1QTNF1
gene_2142,C1QTNF2
gene_2143,C1QTNF3
gene_2144,C1QTNF4
gene_2145,C1QTNF6
gene_2146,C1QTNF7
gene_2147,C1QTNF8
gene_2148,C1QTNF9B
gene_2149,C1QTNF9
gene_2150,C1RL
gene_2151,C1R
gene_2152,C1S
gene_2153,C1orf100
gene_2154,C1orf101
gene_2155,C1orf103
gene_2156,C1orf104
gene_2157,C1orf105
gene_2158,C1orf106
gene_2159,C1orf107
gene_2160,C1orf109
gene_2161,C1orf110
gene_2162,C1orf111
gene_2163,C1orf112
gene_2164,C1orf113
gene_2165,C1orf114
gene_2166,C1orf115
gene_2167,C1orf116
gene_2168,C1orf122
gene_2169,C1orf123
gene_2170,C1orf124
gene_2171,C1orf125
gene_2172,C1orf126
gene_2173,C1orf127
gene_2174,C1orf128
gene_2175,C1orf129
gene_2176,C1orf130
gene_2177,C1orf131
gene_2178,C1orf133
gene_2179,C1orf135
gene_2180,C1orf141
gene_2181,C1orf144
gene_2182,C1orf146
gene_2183,C1orf14
gene_2184,C1orf150
gene_2185,C1orf151
gene_2186,C1orf152
gene_2187,C1orf156
gene_2188,C1orf157
gene_2189,C1orf158
gene_2190,C1orf159
gene_2191,C1orf161
gene_2192,C1orf162
gene_2193,C1orf163
gene_2194,C1orf168
gene_2195,C1orf170
gene_2196,C1orf172
gene_2197,C1orf173
gene_2198,C1orf174
gene_2199,C1orf175
gene_2200,C1orf177
gene_2201,C1orf180
gene_2202,C1orf182
gene_2203,C1orf183
gene_2204,C1orf185
gene_2205,C1orf186
gene_2206,C1orf187
gene_2207,C1orf189
gene_2208,C1orf190
gene_2209,C1orf192
gene_2210,C1orf194
gene_2211,C1orf198
gene_2212,C1orf200
gene_2213,C1orf201
gene_2214,C1orf203
gene_2215,C1orf204
gene_2216,C1orf210
gene_2217,C1orf212
gene_2218,C1orf213
gene_2219,C1orf216
gene_2220,C1orf21
gene_2221,C1orf220
gene_2222,C1orf223
gene_2223,C1orf226
gene_2224,C1orf227
gene_2225,C1orf228
gene_2226,C1orf229
gene_2227,C1orf230
gene_2228,C1orf25
gene_2229,C1orf26
gene_2230,C1orf27
gene_2231,C1orf31
gene_2232,C1orf35
gene_2233,C1orf38
gene_2234,C1orf43
gene_2235,C1orf49
gene_2236,C1orf50
gene_2237,C1orf51
gene_2238,C1orf52
gene_2239,C1orf53
gene_2240,C1orf54
gene_2241,C1orf55
gene_2242,C1orf56
gene_2243,C1orf57
gene_2244,C1orf58
gene_2245,C1orf59
gene_2246,C1orf61
gene_2247,C1orf63
gene_2248,C1orf64
gene_2249,C1orf65
gene_2250,C1orf66
gene_2251,C1orf68
gene_2252,C1orf69
gene_2253,C1orf70
gene_2254,C1orf74
gene_2255,C1orf77
gene_2256,C1orf83
gene_2257,C1orf84
gene_2258,C1orf85
gene_2259,C1orf86
gene_2260,C1orf87
gene_2261,C1orf88
gene_2262,C1orf89
gene_2263,C1orf91
gene_2264,C1orf92
gene_2265,C1orf93
gene_2266,C1orf94
gene_2267,C1orf95
gene_2268,C1orf96
gene_2269,C1orf97
gene_2270,C1orf9
gene_2271,C20orf103
gene_2272,C20orf106
gene_2273,C20orf107
gene_2274,C20orf108
gene_2275,C20orf111
gene_2276,C20orf112
gene_2277,C20orf114
gene_2278,C20orf117
gene_2279,C20orf118
gene_2280,C20orf11
gene_2281,C20orf123
gene_2282,C20orf12
gene_2283,C20orf132
gene_2284,C20orf134
gene_2285,C20orf135
gene_2286,C20orf141
gene_2287,C20orf144
gene_2288,C20orf151
gene_2289,C20orf152
gene_2290,C20orf160
gene_2291,C20orf165
gene_2292,C20orf166
gene_2293,C20orf173
gene_2294,C20orf177
gene_2295,C20orf185
gene_2296,C20orf186
gene_2297,C20orf191
gene_2298,C20orf194
gene_2299,C20orf195
gene_2300,C20orf196
gene_2301,C20orf197
gene_2302,C20orf199
gene_2303,C20orf200
gene_2304,C20orf201
gene_2305,C20orf202
gene_2306,C20orf203
gene_2307,C20orf20
gene_2308,C20orf24
gene_2309,C20orf26
gene_2310,C20orf27
gene_2311,C20orf29
gene_2312,C20orf30
gene_2313,C20orf3
gene_2314,C20orf43
gene_2315,C20orf46
gene_2316,C20orf4
gene_2317,C20orf54
gene_2318,C20orf56
gene_2319,C20orf70
gene_2320,C20orf71
gene_2321,C20orf72
gene_2322,C20orf79
gene_2323,C20orf7
gene_2324,C20orf85
gene_2325,C20orf94
gene_2326,C20orf96
gene_2327,C21orf119
gene_2328,C21orf121
gene_2329,C21orf122
gene_2330,C21orf125
gene_2331,C21orf128
gene_2332,C21orf129
gene_2333,C21orf130
gene_2334,C21orf131
gene_2335,C21orf15
gene_2336,C21orf29
gene_2337,C21orf2
gene_2338,C21orf33
gene_2339,C21orf34
gene_2340,C21orf45
gene_2341,C21orf49
gene_2342,C21orf54
gene_2343,C21orf56
gene_2344,C21orf57
gene_2345,C21orf58
gene_2346,C21orf59
gene_2347,C21orf62
gene_2348,C21orf63
gene_2349,C21orf67
gene_2350,C21orf70
gene_2351,C21orf71
gene_2352,C21orf7
gene_2353,C21orf81
gene_2354,C21orf82
gene_2355,C21orf84
gene_2356,C21orf88
gene_2357,C21orf90
gene_2358,C21orf91
gene_2359,C21orf94
gene_2360,C21orf96
gene_2361,C21orf99
gene_2362,C22orf13
gene_2363,C22orf15
gene_2364,C22orf23
gene_2365,C22orf24
gene_2366,C22orf25
gene_2367,C22orf26
gene_2368,C22orf27
gene_2369,C22orf28
gene_2370,C22orf29
gene_2371,C22orf30
gene_2372,C22orf31
gene_2373,C22orf32
gene_2374,C22orf33
gene_2375,C22orf34
gene_2376,C22orf36
gene_2377,C22orf39
gene_2378,C22orf40
gene_2379,C22orf41
gene_2380,C22orf42
gene_2381,C22orf43
gene_2382,C22orf45
gene_2383,C22orf46
gene_2384,C22orf9
gene_2385,C2CD2L
gene_2386,C2CD2
gene_2387,C2CD3
gene_2388,C2CD4A
gene_2389,C2CD4B
gene_2390,C2CD4C
gene_2391,C2CD4D
gene_2392,C2orf14
gene_2393,C2orf15
gene_2394,C2orf16
gene_2395,C2orf18
gene_2396,C2orf24
gene_2397,C2orf27A
gene_2398,C2orf27B
gene_2399,C2orf28
gene_2400,C2orf29
gene_2401,C2orf34
gene_2402,C2orf39
gene_2403,C2orf3
gene_2404,C2orf40
gene_2405,C2orf42
gene_2406,C2orf43
gene_2407,C2orf44
gene_2408,C2orf47
gene_2409,C2orf48
gene_2410,C2orf49
gene_2411,C2orf50
gene_2412,C2orf51
gene_2413,C2orf52
gene_2414,C2orf53
gene_2415,C2orf54
gene_2416,C2orf55
gene_2417,C2orf56
gene_2418,C2orf57
gene_2419,C2orf58
gene_2420,C2orf60
gene_2421,C2orf61
gene_2422,C2orf62
gene_2423,C2orf63
gene_2424,C2orf64
gene_2425,C2orf65
gene_2426,C2orf66
gene_2427,C2orf67
gene_2428,C2orf68
gene_2429,C2orf69
gene_2430,C2orf70
gene_2431,C2orf71
gene_2432,C2orf72
gene_2433,C2orf73
gene_2434,C2orf74
gene_2435,C2orf76
gene_2436,C2orf77
gene_2437,C2orf78
gene_2438,C2orf79
gene_2439,C2orf7
gene_2440,C2orf80
gene_2441,C2orf81
gene_2442,C2orf82
gene_2443,C2orf83
gene_2444,C2orf84
gene_2445,C2orf85
gene_2446,C2orf86
gene_2447,C2orf88
gene_2448,C2orf89
gene_2449,C2
gene_2450,C3AR1
gene_2451,C3P1
gene_2452,C3orf10
gene_2453,C3orf14
gene_2454,C3orf15
gene_2455,C3orf16
gene_2456,C3orf17
gene_2457,C3orf18
gene_2458,C3orf19
gene_2459,C3orf1
gene_2460,C3orf20
gene_2461,C3orf21
gene_2462,C3orf22
gene_2463,C3orf23
gene_2464,C3orf24
gene_2465,C3orf26
gene_2466,C3orf27
gene_2467,C3orf30
gene_2468,C3orf31
gene_2469,C3orf32
gene_2470,C3orf33
gene_2471,C3orf34
gene_2472,C3orf35
gene_2473,C3orf36
gene_2474,C3orf37
gene_2475,C3orf38
gene_2476,C3orf39
gene_2477,C3orf42
gene_2478,C3orf43
gene_2479,C3orf45
gene_2480,C3orf47
gene_2481,C3orf48
gene_2482,C3orf49
gene_2483,C3orf50
gene_2484,C3orf51
gene_2485,C3orf52
gene_2486,C3orf54
gene_2487,C3orf55
gene_2488,C3orf57
gene_2489,C3orf58
gene_2490,C3orf59
gene_2491,C3orf62
gene_2492,C3orf63
gene_2493,C3orf64
gene_2494,C3orf65
gene_2495,C3orf66
gene_2496,C3orf67
gene_2497,C3orf70
gene_2498,C3orf71
gene_2499,C3orf72
gene_2500,C3orf74
gene_2501,C3orf75
gene_2502,C3orf77
gene_2503,C3orf79
gene_2504,C3
gene_2505,C4A
gene_2506,C4BPA
gene_2507,C4BPB
gene_2508,C4orf10
gene_2509,C4orf11
gene_2510,C4orf12
gene_2511,C4orf14
gene_2512,C4orf17
gene_2513,C4orf19
gene_2514,C4orf21
gene_2515,C4orf22
gene_2516,C4orf23
gene_2517,C4orf26
gene_2518,C4orf27
gene_2519,C4orf29
gene_2520,C4orf31
gene_2521,C4orf32
gene_2522,C4orf33
gene_2523,C4orf34
gene_2524,C4orf35
gene_2525,C4orf36
gene_2526,C4orf37
gene_2527,C4orf38
gene_2528,C4orf39
gene_2529,C4orf3
gene_2530,C4orf40
gene_2531,C4orf41
gene_2532,C4orf42
gene_2533,C4orf43
gene_2534,C4orf44
gene_2535,C4orf45
gene_2536,C4orf46
gene_2537,C4orf47
gene_2538,C4orf48
gene_2539,C4orf49
gene_2540,C4orf50
gene_2541,C4orf51
gene_2542,C4orf52
gene_2543,C4orf6
gene_2544,C4orf7
gene_2545,C5AR1
gene_2546,C5orf13
gene_2547,C5orf15
gene_2548,C5orf20
gene_2549,C5orf22
gene_2550,C5orf23
gene_2551,C5orf24
gene_2552,C5orf25
gene_2553,C5orf27
gene_2554,C5orf28
gene_2555,C5orf30
gene_2556,C5orf32
gene_2557,C5orf33
gene_2558,C5orf34
gene_2559,C5orf35
gene_2560,C5orf36
gene_2561,C5orf38
gene_2562,C5orf39
gene_2563,C5orf40
gene_2564,C5orf41
gene_2565,C5orf42
gene_2566,C5orf43
gene_2567,C5orf44
gene_2568,C5orf45
gene_2569,C5orf46
gene_2570,C5orf47
gene_2571,C5orf48
gene_2572,C5orf49
gene_2573,C5orf4
gene_2574,C5orf51
gene_2575,C5orf52
gene_2576,C5orf53
gene_2577,C5orf54
gene_2578,C5orf55
gene_2579,C5orf56
gene_2580,C5orf58
gene_2581,C5orf60
gene_2582,C5orf62
gene_2583,C5
gene_2584,C6orf103
gene_2585,C6orf105
gene_2586,C6orf106
gene_2587,C6orf108
gene_2588,C6orf10
gene_2589,C6orf114
gene_2590,C6orf115
gene_2591,C6orf118
gene_2592,C6orf120
gene_2593,C6orf122
gene_2594,C6orf123
gene_2595,C6orf124
gene_2596,C6orf125
gene_2597,C6orf126
gene_2598,C6orf127
gene_2599,C6orf129
gene_2600,C6orf130
gene_2601,C6orf132
gene_2602,C6orf134
gene_2603,C6orf136
gene_2604,C6orf138
gene_2605,C6orf141
gene_2606,C6orf142
gene_2607,C6orf145
gene_2608,C6orf146
gene_2609,C6orf147
gene_2610,C6orf150
gene_2611,C6orf153
gene_2612,C6orf154
gene_2613,C6orf155
gene_2614,C6orf15
gene_2615,C6orf162
gene_2616,C6orf163
gene_2617,C6orf164
gene_2618,C6orf165
gene_2619,C6orf167
gene_2620,C6orf168
gene_2621,C6orf170
gene_2622,C6orf174
gene_2623,C6orf176
gene_2624,C6orf182
gene_2625,C6orf186
gene_2626,C6orf191
gene_2627,C6orf192
gene_2628,C6orf195
gene_2629,C6orf1
gene_2630,C6orf201
gene_2631,C6orf203
gene_2632,C6orf204
gene_2633,C6orf208
gene_2634,C6orf211
gene_2635,C6orf217
gene_2636,C6orf218
gene_2637,C6orf221
gene_2638,C6orf222
gene_2639,C6orf223
gene_2640,C6orf225
gene_2641,C6orf226
gene_2642,C6orf227
gene_2643,C6orf25
gene_2644,C6orf26
gene_2645,C6orf27
gene_2646,C6orf35
gene_2647,C6orf41
gene_2648,C6orf47
gene_2649,C6orf48
gene_2650,C6orf52
gene_2651,C6orf57
gene_2652,C6orf58
gene_2653,C6orf59
gene_2654,C6orf62
gene_2655,C6orf64
gene_2656,C6orf70
gene_2657,C6orf72
gene_2658,C6orf81
gene_2659,C6orf89
gene_2660,C6orf94
gene_2661,C6orf97
gene_2662,C6
gene_2663,C7orf10
gene_2664,C7orf11
gene_2665,C7orf13
gene_2666,C7orf16
gene_2667,C7orf23
gene_2668,C7orf25
gene_2669,C7orf26
gene_2670,C7orf27
gene_2671,C7orf28A
gene_2672,C7orf28B
gene_2673,C7orf29
gene_2674,C7orf30
gene_2675,C7orf31
gene_2676,C7orf33
gene_2677,C7orf34
gene_2678,C7orf36
gene_2679,C7orf40
gene_2680,C7orf41
gene_2681,C7orf42
gene_2682,C7orf43
gene_2683,C7orf44
gene_2684,C7orf45
gene_2685,C7orf46
gene_2686,C7orf47
gene_2687,C7orf49
gene_2688,C7orf4
gene_2689,C7orf50
gene_2690,C7orf51
gene_2691,C7orf52
gene_2692,C7orf53
gene_2693,C7orf54
gene_2694,C7orf55
gene_2695,C7orf57
gene_2696,C7orf58
gene_2697,C7orf59
gene_2698,C7orf60
gene_2699,C7orf61
gene_2700,C7orf63
gene_2701,C7orf64
gene_2702,C7orf65
gene_2703,C7orf66
gene_2704,C7orf68
gene_2705,C7orf69
gene_2706,C7orf70
gene_2707,C7orf71
gene_2708,C7orf72
gene_2709,C7
gene_2710,C8A
gene_2711,C8B
gene_2712,C8G
gene_2713,C8ORFK29
gene_2714,C8orf12
gene_2715,C8orf22
gene_2716,C8orf30A
gene_2717,C8orf31
gene_2718,C8orf33
gene_2719,C8orf34
gene_2720,C8orf37
gene_2721,C8orf38
gene_2722,C8orf39
gene_2723,C8orf40
gene_2724,C8orf41
gene_2725,C8orf42
gene_2726,C8orf44
gene_2727,C8orf45
gene_2728,C8orf46
gene_2729,C8orf47
gene_2730,C8orf48
gene_2731,C8orf4
gene_2732,C8orf51
gene_2733,C8orf55
gene_2734,C8orf56
gene_2735,C8orf58
gene_2736,C8orf59
gene_2737,C8orf71
gene_2738,C8orf73
gene_2739,C8orf74
gene_2740,C8orf75
gene_2741,C8orf76
gene_2742,C8orf77
gene_2743,C8orf79
gene_2744,C8orf80
gene_2745,C8orf83
gene_2746,C8orf84
gene_2747,C8orf85
gene_2748,C8orf86
gene_2749,C9orf100
gene_2750,C9orf102
gene_2751,C9orf103
gene_2752,C9orf106
gene_2753,C9orf109
gene_2754,C9orf110
gene_2755,C9orf114
gene_2756,C9orf116
gene_2757,C9orf117
gene_2758,C9orf119
gene_2759,C9orf11
gene_2760,C9orf122
gene_2761,C9orf123
gene_2762,C9orf125
gene_2763,C9orf128
gene_2764,C9orf129
gene_2765,C9orf130
gene_2766,C9orf131
gene_2767,C9orf135
gene_2768,C9orf139
gene_2769,C9orf140
gene_2770,C9orf142
gene_2771,C9orf144B
gene_2772,C9orf144
gene_2773,C9orf150
gene_2774,C9orf152
gene_2775,C9orf153
gene_2776,C9orf156
gene_2777,C9orf163
gene_2778,C9orf167
gene_2779,C9orf169
gene_2780,C9orf16
gene_2781,C9orf170
gene_2782,C9orf171
gene_2783,C9orf172
gene_2784,C9orf173
gene_2785,C9orf21
gene_2786,C9orf23
gene_2787,C9orf24
gene_2788,C9orf25
gene_2789,C9orf27
gene_2790,C9orf30
gene_2791,C9orf37
gene_2792,C9orf3
gene_2793,C9orf40
gene_2794,C9orf41
gene_2795,C9orf43
gene_2796,C9orf44
gene_2797,C9orf45
gene_2798,C9orf46
gene_2799,C9orf47
gene_2800,C9orf4
gene_2801,C9orf50
gene_2802,C9orf53
gene_2803,C9orf57
gene_2804,C9orf5
gene_2805,C9orf64
gene_2806,C9orf66
gene_2807,C9orf68
gene_2808,C9orf69
gene_2809,C9orf6
gene_2810,C9orf70
gene_2811,C9orf71
gene_2812,C9orf72
gene_2813,C9orf78
gene_2814,C9orf79
gene_2815,C9orf7
gene_2816,C9orf80
gene_2817,C9orf82
gene_2818,C9orf84
gene_2819,C9orf85
gene_2820,C9orf86
gene_2821,C9orf89
gene_2822,C9orf91
gene_2823,C9orf93
gene_2824,C9orf95
gene_2825,C9orf96
gene_2826,C9orf98
gene_2827,C9orf9
gene_2828,C9
gene_2829,CA10
gene_2830,CA11
gene_2831,CA12
gene_2832,CA13
gene_2833,CA14
gene_2834,CA1
gene_2835,CA2
gene_2836,CA3
gene_2837,CA4
gene_2838,CA5A
gene_2839,CA5BP
gene_2840,CA5B
gene_2841,CA6
gene_2842,CA7
gene_2843,CA8
gene_2844,CA9
gene_2845,CAB39L
gene_2846,CAB39
gene_2847,CABC1
gene_2848,CABIN1
gene_2849,CABLES1
gene_2850,CABLES2
gene_2851,CABP1
gene_2852,CABP2
gene_2853,CABP4
gene_2854,CABP5
gene_2855,CABP7
gene_2856,CABYR
gene_2857,CACHD1
gene_2858,CACNA1A
gene_2859,CACNA1B
gene_2860,CACNA1C
gene_2861,CACNA1D
gene_2862,CACNA1E
gene_2863,CACNA1F
gene_2864,CACNA1G
gene_2865,CACNA1H
gene_2866,CACNA1I
gene_2867,CACNA1S
gene_2868,CACNA2D1
gene_2869,CACNA2D2
gene_2870,CACNA2D3
gene_2871,CACNA2D4
gene_2872,CACNB1
gene_2873,CACNB2
gene_2874,CACNB3
gene_2875,CACNB4
gene_2876,CACNG1
gene_2877,CACNG2
gene_2878,CACNG3
gene_2879,CACNG4
gene_2880,CACNG5
gene_2881,CACNG6
gene_2882,CACNG7
gene_2883,CACNG8
gene_2884,CACYBP
gene_2885,CADM1
gene_2886,CADM2
gene_2887,CADM3
gene_2888,CADM4
gene_2889,CADPS2
gene_2890,CADPS
gene_2891,CAD
gene_2892,CAGE1
gene_2893,CALB1
gene_2894,CALB2
gene_2895,CALCA
gene_2896,CALCB
gene_2897,CALCOCO1
gene_2898,CALCOCO2
gene_2899,CALCRL
gene_2900,CALCR
gene_2901,CALD1
gene_2902,CALHM1
gene_2903,CALHM2
gene_2904,CALHM3
gene_2905,CALM1
gene_2906,CALM2
gene_2907,CALM3
gene_2908,CALML3
gene_2909,CALML4
gene_2910,CALML5
gene_2911,CALML6
gene_2912,CALN1
gene_2913,CALR3
gene_2914,CALR
gene_2915,CALU
gene_2916,CALY
gene_2917,CAMK1D
gene_2918,CAMK1G
gene_2919,CAMK1
gene_2920,CAMK2A
gene_2921,CAMK2B
gene_2922,CAMK2D
gene_2923,CAMK2G
gene_2924,CAMK2N1
gene_2925,CAMK2N2
gene_2926,CAMK4
gene_2927,CAMKK1
gene_2928,CAMKK2
gene_2929,CAMKV
gene_2930,CAMLG
gene_2931,CAMP
gene_2932,CAMSAP1L1
gene_2933,CAMSAP1
gene_2934,CAMTA1
gene_2935,CAMTA2
gene_2936,CAND1
gene_2937,CAND2
gene_2938,CANT1
gene_2939,CANX
gene_2940,CAP1
gene_2941,CAP2
gene_2942,CAPG
gene_2943,CAPN10
gene_2944,CAPN11
gene_2945,CAPN12
gene_2946,CAPN13
gene_2947,CAPN14
gene_2948,CAPN1
gene_2949,CAPN2
gene_2950,CAPN3
gene_2951,CAPN5
gene_2952,CAPN6
gene_2953,CAPN7
gene_2954,CAPN8
gene_2955,CAPN9
gene_2956,CAPNS1
gene_2957,CAPNS2
gene_2958,CAPRIN1
gene_2959,CAPRIN2
gene_2960,CAPS2
gene_2961,CAPSL
gene_2962,CAPS
gene_2963,CAPZA1
gene_2964,CAPZA2
gene_2965,CAPZA3
gene_2966,CAPZB
gene_2967,CARD10
gene_2968,CARD11
gene_2969,CARD14
gene_2970,CARD16
gene_2971,CARD17
gene_2972,CARD18
gene_2973,CARD6
gene_2974,CARD8
gene_2975,CARD9
gene_2976,CARHSP1
gene_2977,CARKD
gene_2978,CARM1
gene_2979,CARNS1
gene_2980,CARS2
gene_2981,CARS
gene_2982,CARTPT
gene_2983,CASC1
gene_2984,CASC2
gene_2985,CASC3
gene_2986,CASC4
gene_2987,CASC5
gene_2988,CASD1
gene_2989,CASKIN1
gene_2990,CASKIN2
gene_2991,CASK
gene_2992,CASP10
gene_2993,CASP12
gene_2994,CASP14
gene_2995,CASP1
gene_2996,CASP2
gene_2997,CASP3
gene_2998,CASP4
gene_2999,CASP5
gene_3000,CASP6
gene_3001,CASP7
gene_3002,CASP8AP2
gene_3003,CASP8
gene_3004,CASP9
gene_3005,CASQ1
gene_3006,CASQ2
gene_3007,CASR
gene_3008,CASS4
gene_3009,CAST
gene_3010,CASZ1
gene_3011,CATSPER1
gene_3012,CATSPER2P1
gene_3013,CATSPER2
gene_3014,CATSPER3
gene_3015,CATSPER4
gene_3016,CATSPERB
gene_3017,CATSPERG
gene_3018,CAT
gene_3019,CAV1
gene_3020,CAV2
gene_3021,CAV3
gene_3022,CBARA1
gene_3023,CBFA2T2
gene_3024,CBFA2T3
gene_3025,CBFB
gene_3026,CBLB
gene_3027,CBLC
gene_3028,CBLL1
gene_3029,CBLN1
gene_3030,CBLN2
gene_3031,CBLN3
gene_3032,CBLN4
gene_3033,CBL
gene_3034,CBR1
gene_3035,CBR3
gene_3036,CBR4
gene_3037,CBS
gene_3038,CBWD1
gene_3039,CBWD2
gene_3040,CBWD3
gene_3041,CBWD5
gene_3042,CBWD6
gene_3043,CBX1
gene_3044,CBX2
gene_3045,CBX3
gene_3046,CBX4
gene_3047,CBX5
gene_3048,CBX6
gene_3049,CBX7
gene_3050,CBX8
gene_3051,CBY1
gene_3052,CC2D1A
gene_3053,CC2D1B
gene_3054,CC2D2A
gene_3055,CC2D2B
gene_3056,CCAR1
gene_3057,CCBE1
gene_3058,CCBL1
gene_3059,CCBL2
gene_3060,CCBP2
gene_3061,CCDC101
gene_3062,CCDC102A
gene_3063,CCDC102B
gene_3064,CCDC103
gene_3065,CCDC104
gene_3066,CCDC105
gene_3067,CCDC106
gene_3068,CCDC107
gene_3069,CCDC108
gene_3070,CCDC109A
gene_3071,CCDC109B
gene_3072,CCDC110
gene_3073,CCDC111
gene_3074,CCDC112
gene_3075,CCDC113
gene_3076,CCDC114
gene_3077,CCDC115
gene_3078,CCDC116
gene_3079,CCDC117
gene_3080,CCDC11
gene_3081,CCDC120
gene_3082,CCDC121
gene_3083,CCDC122
gene_3084,CCDC123
gene_3085,CCDC124
gene_3086,CCDC125
gene_3087,CCDC126
gene_3088,CCDC127
gene_3089,CCDC129
gene_3090,CCDC12
gene_3091,CCDC130
gene_3092,CCDC132
gene_3093,CCDC134
gene_3094,CCDC135
gene_3095,CCDC136
gene_3096,CCDC137
gene_3097,CCDC138
gene_3098,CCDC13
gene_3099,CCDC140
gene_3100,CCDC141
gene_3101,CCDC142
gene_3102,CCDC144A
gene_3103,CCDC144B
gene_3104,CCDC144C
gene_3105,CCDC144NL
gene_3106,CCDC146
gene_3107,CCDC147
gene_3108,CCDC148
gene_3109,CCDC149
gene_3110,CCDC14
gene_3111,CCDC150
gene_3112,CCDC151
gene_3113,CCDC152
gene_3114,CCDC153
gene_3115,CCDC154
gene_3116,CCDC155
gene_3117,CCDC157
gene_3118,CCDC158
gene_3119,CCDC159
gene_3120,CCDC15
gene_3121,CCDC160
gene_3122,CCDC163P
gene_3123,CCDC17
gene_3124,CCDC18
gene_3125,CCDC19
gene_3126,CCDC21
gene_3127,CCDC22
gene_3128,CCDC23
gene_3129,CCDC24
gene_3130,CCDC25
gene_3131,CCDC27
gene_3132,CCDC28A
gene_3133,CCDC28B
gene_3134,CCDC30
gene_3135,CCDC33
gene_3136,CCDC34
gene_3137,CCDC36
gene_3138,CCDC37
gene_3139,CCDC38
gene_3140,CCDC39
gene_3141,CCDC3
gene_3142,CCDC40
gene_3143,CCDC41
gene_3144,CCDC42B
gene_3145,CCDC42
gene_3146,CCDC43
gene_3147,CCDC45
gene_3148,CCDC46
gene_3149,CCDC47
gene_3150,CCDC48
gene_3151,CCDC50
gene_3152,CCDC51
gene_3153,CCDC52
gene_3154,CCDC53
gene_3155,CCDC54
gene_3156,CCDC55
gene_3157,CCDC56
gene_3158,CCDC57
gene_3159,CCDC58
gene_3160,CCDC59
gene_3161,CCDC60
gene_3162,CCDC61
gene_3163,CCDC62
gene_3164,CCDC63
gene_3165,CCDC64B
gene_3166,CCDC64
gene_3167,CCDC65
gene_3168,CCDC66
gene_3169,CCDC67
gene_3170,CCDC68
gene_3171,CCDC69
gene_3172,CCDC6
gene_3173,CCDC70
gene_3174,CCDC71
gene_3175,CCDC72
gene_3176,CCDC73
gene_3177,CCDC74A
gene_3178,CCDC74B
gene_3179,CCDC75
gene_3180,CCDC76
gene_3181,CCDC77
gene_3182,CCDC78
gene_3183,CCDC79
gene_3184,CCDC7
gene_3185,CCDC80
gene_3186,CCDC81
gene_3187,CCDC82
gene_3188,CCDC83
gene_3189,CCDC84
gene_3190,CCDC85A
gene_3191,CCDC85B
gene_3192,CCDC85C
gene_3193,CCDC86
gene_3194,CCDC87
gene_3195,CCDC88A
gene_3196,CCDC88B
gene_3197,CCDC88C
gene_3198,CCDC89
gene_3199,CCDC8
gene_3200,CCDC90A
gene_3201,CCDC90B
gene_3202,CCDC91
gene_3203,CCDC92
gene_3204,CCDC93
gene_3205,CCDC94
gene_3206,CCDC96
gene_3207,CCDC97
gene_3208,CCDC99
gene_3209,CCDC9
gene_3210,CCHCR1
gene_3211,CCIN
gene_3212,CCKAR
gene_3213,CCKBR
gene_3214,CCK
gene_3215,CCL11
gene_3216,CCL13
gene_3217,CCL14-CCL15
gene_3218,CCL14
gene_3219,CCL15
gene_3220,CCL16
gene_3221,CCL17
gene_3222,CCL18
gene_3223,CCL19
gene_3224,CCL1
gene_3225,CCL20
gene_3226,CCL21
gene_3227,CCL22
gene_3228,CCL23
gene_3229,CCL24
gene_3230,CCL25
gene_3231,CCL26
gene_3232,CCL27
gene_3233,CCL28
gene_3234,CCL2
gene_3235,CCL3L1
gene_3236,CCL3L3
gene_3237,CCL3
gene_3238,CCL4L2
gene_3239,CCL4
gene_3240,CCL5
gene_3241,CCL7
gene_3242,CCL8
gene_3243,CCM2
gene_3244,CCNA1
gene_3245,CCNA2
gene_3246,CCNB1IP1
gene_3247,CCNB1
gene_3248,CCNB2
gene_3249,CCNB3
gene_3250,CCNC
gene_3251,CCND1
gene_3252,CCND2
gene_3253,CCND3
gene_3254,CCNDBP1
gene_3255,CCNE1
gene_3256,CCNE2
gene_3257,CCNF
gene_3258,CCNG1
gene_3259,CCNG2
gene_3260,CCNH
gene_3261,CCNI2
gene_3262,CCNI
gene_3263,CCNJL
gene_3264,CCNJ
gene_3265,CCNK
gene_3266,CCNL1
gene_3267,CCNL2
gene_3268,CCNO
gene_3269,CCNT1
gene_3270,CCNT2
gene_3271,CCNYL1
gene_3272,CCNY
gene_3273,CCPG1
gene_3274,CCR10
gene_3275,CCR1
gene_3276,CCR2
gene_3277,CCR3
gene_3278,CCR4
gene_3279,CCR5
gene_3280,CCR6
gene_3281,CCR7
gene_3282,CCR8
gene_3283,CCR9
gene_3284,CCRL1
gene_3285,CCRL2
gene_3286,CCRN4L
gene_3287,CCS
gene_3288,CCT2
gene_3289,CCT3
gene_3290,CCT4
gene_3291,CCT5
gene_3292,CCT6A
gene_3293,CCT6B
gene_3294,CCT6P1
gene_3295,CCT7
gene_3296,CCT8L2
gene_3297,CCT8
gene_3298,CD101
gene_3299,CD109
gene_3300,CD14
gene_3301,CD151
gene_3302,CD160
gene_3303,CD163L1
gene_3304,CD163
gene_3305,CD164L2
gene_3306,CD164
gene_3307,CD177
gene_3308,CD180
gene_3309,CD19
gene_3310,CD1A
gene_3311,CD1B
gene_3312,CD1C
gene_3313,CD1D
gene_3314,CD1E
gene_3315,CD200R1L
gene_3316,CD200R1
gene_3317,CD200
gene_3318,CD207
gene_3319,CD209
gene_3320,CD226
gene_3321,CD22
gene_3322,CD244
gene_3323,CD247
gene_3324,CD248
gene_3325,CD24
gene_3326,CD274
gene_3327,CD276
gene_3328,CD27
gene_3329,CD28
gene_3330,CD2AP
gene_3331,CD2BP2
gene_3332,CD2
gene_3333,CD300A
gene_3334,CD300C
gene_3335,CD300E
gene_3336,CD300LB
gene_3337,CD300LD
gene_3338,CD300LF
gene_3339,CD300LG
gene_3340,CD302
gene_3341,CD320
gene_3342,CD33
gene_3343,CD34
gene_3344,CD36
gene_3345,CD37
gene_3346,CD38
gene_3347,CD3D
gene_3348,CD3EAP
gene_3349,CD3E
gene_3350,CD3G
gene_3351,CD40LG
gene_3352,CD40
gene_3353,CD44
gene_3354,CD46
gene_3355,CD47
gene_3356,CD48
gene_3357,CD4
gene_3358,CD52
gene_3359,CD53
gene_3360,CD55
gene_3361,CD58
gene_3362,CD59
gene_3363,CD5L
gene_3364,CD5
gene_3365,CD63
gene_3366,CD68
gene_3367,CD69
gene_3368,CD6
gene_3369,CD70
gene_3370,CD72
gene_3371,CD74
gene_3372,CD79A
gene_3373,CD79B
gene_3374,CD7
gene_3375,CD80
gene_3376,CD81
gene_3377,CD82
gene_3378,CD83
gene_3379,CD84
gene_3380,CD86
gene_3381,CD8A
gene_3382,CD8B
gene_3383,CD93
gene_3384,CD96
gene_3385,CD97
gene_3386,CD99L2
gene_3387,CD99
gene_3388,CD9
gene_3389,CDADC1
gene_3390,CDAN1
gene_3391,CDA
gene_3392,CDC123
gene_3393,CDC14A
gene_3394,CDC14B
gene_3395,CDC14C
gene_3396,CDC16
gene_3397,CDC20B
gene_3398,CDC20
gene_3399,CDC23
gene_3400,CDC25A
gene_3401,CDC25B
gene_3402,CDC25C
gene_3403,CDC26
gene_3404,CDC27
gene_3405,CDC34
gene_3406,CDC37L1
gene_3407,CDC37
gene_3408,CDC40
gene_3409,CDC42BPA
gene_3410,CDC42BPB
gene_3411,CDC42BPG
gene_3412,CDC42EP1
gene_3413,CDC42EP2
gene_3414,CDC42EP3
gene_3415,CDC42EP4
gene_3416,CDC42EP5
gene_3417,CDC42SE1
gene_3418,CDC42SE2
gene_3419,CDC42
gene_3420,CDC45
gene_3421,CDC5L
gene_3422,CDC6
gene_3423,CDC73
gene_3424,CDC7
gene_3425,CDCA2
gene_3426,CDCA3
gene_3427,CDCA4
gene_3428,CDCA5
gene_3429,CDCA7L
gene_3430,CDCA7
gene_3431,CDCA8
gene_3432,CDCP1
gene_3433,CDCP2
gene_3434,CDH10
gene_3435,CDH11
gene_3436,CDH12
gene_3437,CDH13
gene_3438,CDH15
gene_3439,CDH16
gene_3440,CDH17
gene_3441,CDH18
gene_3442,CDH19
gene_3443,CDH1
gene_3444,CDH20
gene_3445,CDH22
gene_3446,CDH23
gene_3447,CDH24
gene_3448,CDH26
gene_3449,CDH2
gene_3450,CDH3
gene_3451,CDH4
gene_3452,CDH5
gene_3453,CDH6
gene_3454,CDH7
gene_3455,CDH8
gene_3456,CDH9
gene_3457,CDHR1
gene_3458,CDHR2
gene_3459,CDHR3
gene_3460,CDHR4
gene_3461,CDHR5
gene_3462,CDIPT
gene_3463,CDK10
gene_3464,CDK11A
gene_3465,CDK11B
gene_3466,CDK12
gene_3467,CDK13
gene_3468,CDK14
gene_3469,CDK15
gene_3470,CDK16
gene_3471,CDK17
gene_3472,CDK18
gene_3473,CDK19
gene_3474,CDK1
gene_3475,CDK20
gene_3476,CDK2AP1
gene_3477,CDK2AP2
gene_3478,CDK2
gene_3479,CDK3
gene_3480,CDK4
gene_3481,CDK5R1
gene_3482,CDK5R2
gene_3483,CDK5RAP1
gene_3484,CDK5RAP2
gene_3485,CDK5RAP3
gene_3486,CDK5
gene_3487,CDK6
gene_3488,CDK7
gene_3489,CDK8
gene_3490,CDK9
gene_3491,CDKAL1
gene_3492,CDKL1
gene_3493,CDKL2
gene_3494,CDKL3
gene_3495,CDKL4
gene_3496,CDKL5
gene_3497,CDKN1A
gene_3498,CDKN1B
gene_3499,CDKN1C
gene_3500,CDKN2AIPNL
gene_3501,CDKN2AIP
gene_3502,CDKN2A
gene_3503,CDKN2BAS
gene_3504,CDKN2B
gene_3505,CDKN2C
gene_3506,CDKN2D
gene_3507,CDKN3
gene_3508,CDNF
gene_3509,CDO1
gene_3510,CDON
gene_3511,CDR1
gene_3512,CDR2L
gene_3513,CDR2
gene_3514,CDRT15P
gene_3515,CDRT15
gene_3516,CDRT1
gene_3517,CDRT4
gene_3518,CDS1
gene_3519,CDS2
gene_3520,CDSN
gene_3521,CDT1
gene_3522,CDV3
gene_3523,CDX1
gene_3524,CDX2
gene_3525,CDX4
gene_3526,CDY1B
gene_3527,CDY1
gene_3528,CDY2B
gene_3529,CDYL2
gene_3530,CDYL
gene_3531,CEACAM16
gene_3532,CEACAM18
gene_3533,CEACAM19
gene_3534,CEACAM1
gene_3535,CEACAM20
gene_3536,CEACAM21
gene_3537,CEACAM22P
gene_3538,CEACAM3
gene_3539,CEACAM4
gene_3540,CEACAM5
gene_3541,CEACAM6
gene_3542,CEACAM7
gene_3543,CEACAM8
gene_3544,CEBPA
gene_3545,CEBPB
gene_3546,CEBPD
gene_3547,CEBPE
gene_3548,CEBPG
gene_3549,CEBPZ
gene_3550,CECR1
gene_3551,CECR2
gene_3552,CECR4
gene_3553,CECR5
gene_3554,CECR6
gene_3555,CECR7
gene_3556,CELA1
gene_3557,CELA2A
gene_3558,CELA2B
gene_3559,CELA3A
gene_3560,CELA3B
gene_3561,CELF1
gene_3562,CELF2
gene_3563,CELF3
gene_3564,CELF4
gene_3565,CELF5
gene_3566,CELF6
gene_3567,CELP
gene_3568,CELSR1
gene_3569,CELSR2
gene_3570,CELSR3
gene_3571,CEL
gene_3572,CEMP1
gene_3573,CEND1
gene_3574,CENPA
gene_3575,CENPBD1
gene_3576,CENPB
gene_3577,CENPC1
gene_3578,CENPE
gene_3579,CENPF
gene_3580,CENPH
gene_3581,CENPI
gene_3582,CENPJ
gene_3583,CENPK
gene_3584,CENPL
gene_3585,CENPM
gene_3586,CENPN
gene_3587,CENPO
gene_3588,CENPP
gene_3589,CENPQ
gene_3590,CENPT
gene_3591,CENPV
gene_3592,CENPW
gene_3593,CEP110
gene_3594,CEP120
gene_3595,CEP135
gene_3596,CEP152
gene_3597,CEP164
gene_3598,CEP170L
gene_3599,CEP170
gene_3600,CEP192
gene_3601,CEP250
gene_3602,CEP290
gene_3603,CEP350
gene_3604,CEP55
gene_3605,CEP57
gene_3606,CEP63
gene_3607,CEP68
gene_3608,CEP70
gene_3609,CEP72
gene_3610,CEP76
gene_3611,CEP78
gene_3612,CEP97
gene_3613,CEPT1
gene_3614,CER1
gene_3615,CERCAM
gene_3616,CERKL
gene_3617,CERK
gene_3618,CES1
gene_3619,CES2
gene_3620,CES3
gene_3621,CES4
gene_3622,CES7
gene_3623,CES8
gene_3624,CETN1
gene_3625,CETN2
gene_3626,CETN3
gene_3627,CETN4P
gene_3628,CETP
gene_3629,CFB
gene_3630,CFC1B
gene_3631,CFDP1
gene_3632,CFD
gene_3633,CFHR1
gene_3634,CFHR2
gene_3635,CFHR3
gene_3636,CFHR4
gene_3637,CFHR5
gene_3638,CFH
gene_3639,CFI
gene_3640,CFL1
gene_3641,CFL2
gene_3642,CFLAR
gene_3643,CFLP1
gene_3644,CFP
gene_3645,CFTR
gene_3646,CG030
gene_3647,CGA
gene_3648,CGB1
gene_3649,CGB2
gene_3650,CGB5
gene_3651,CGB7
gene_3652,CGB8
gene_3653,CGB
gene_3654,CGGBP1
gene_3655,CGNL1
gene_3656,CGN
gene_3657,CGREF1
gene_3658,CGRRF1
gene_3659,CH25H
gene_3660,CHAC1
gene_3661,CHAC2
gene_3662,CHADL
gene_3663,CHAD
gene_3664,CHAF1A
gene_3665,CHAF1B
gene_3666,CHAT
gene_3667,CHCHD10
gene_3668,CHCHD1
gene_3669,CHCHD2
gene_3670,CHCHD3
gene_3671,CHCHD4
gene_3672,CHCHD5
gene_3673,CHCHD6
gene_3674,CHCHD7
gene_3675,CHCHD8
gene_3676,CHD1L
gene_3677,CHD1
gene_3678,CHD2
gene_3679,CHD3
gene_3680,CHD4
gene_3681,CHD5
gene_3682,CHD6
gene_3683,CHD7
gene_3684,CHD8
gene_3685,CHD9
gene_3686,CHDH
gene_3687,CHEK1
gene_3688,CHEK2
gene_3689,CHERP
gene_3690,CHFR
gene_3691,CHGA
gene_3692,CHGB
gene_3693,CHI3L1
gene_3694,CHI3L2
gene_3695,CHIA
gene_3696,CHIC1
gene_3697,CHIC2
gene_3698,CHID1
gene_3699,CHIT1
gene_3700,CHKA
gene_3701,CHKB-CPT1B
gene_3702,CHKB
gene_3703,CHL1
gene_3704,CHML
gene_3705,CHMP1A
gene_3706,CHMP1B
gene_3707,CHMP2A
gene_3708,CHMP2B
gene_3709,CHMP4A
gene_3710,CHMP4B
gene_3711,CHMP4C
gene_3712,CHMP5
gene_3713,CHMP6
gene_3714,CHMP7
gene_3715,CHM
gene_3716,CHN1
gene_3717,CHN2
gene_3718,CHODL
gene_3719,CHORDC1
gene_3720,CHP2
gene_3721,CHPF2
gene_3722,CHPF
gene_3723,CHPT1
gene_3724,CHP
gene_3725,CHRAC1
gene_3726,CHRDL1
gene_3727,CHRDL2
gene_3728,CHRD
gene_3729,CHRFAM7A
gene_3730,CHRM1
gene_3731,CHRM2
gene_3732,CHRM3
gene_3733,CHRM4
gene_3734,CHRM5
gene_3735,CHRNA10
gene_3736,CHRNA1
gene_3737,CHRNA2
gene_3738,CHRNA3
gene_3739,CHRNA4
gene_3740,CHRNA5
gene_3741,CHRNA6
gene_3742,CHRNA7
gene_3743,CHRNA9
gene_3744,CHRNB1
gene_3745,CHRNB2
gene_3746,CHRNB3
gene_3747,CHRNB4
gene_3748,CHRND
gene_3749,CHRNE
gene_3750,CHRNG
gene_3751,CHST10
gene_3752,CHST11
gene_3753,CHST12
gene_3754,CHST13
gene_3755,CHST14
gene_3756,CHST15
gene_3757,CHST1
gene_3758,CHST2
gene_3759,CHST3
gene_3760,CHST4
gene_3761,CHST5
gene_3762,CHST6
gene_3763,CHST7
gene_3764,CHST8
gene_3765,CHST9
gene_3766,CHSY1
gene_3767,CHSY3
gene_3768,CHTF18
gene_3769,CHTF8
gene_3770,CHUK
gene_3771,CHURC1
gene_3772,CIAO1
gene_3773,CIAPIN1
gene_3774,CIB1
gene_3775,CIB2
gene_3776,CIB3
gene_3777,CIB4
gene_3778,CIC
gene_3779,CIDEA
gene_3780,CIDEB
gene_3781,CIDECP
gene_3782,CIDEC
gene_3783,CIITA
gene_3784,CILP2
gene_3785,CILP
gene_3786,CINP
gene_3787,CIR1
gene_3788,CIRBP
gene_3789,CIRH1A
gene_3790,CISD1
gene_3791,CISD2
gene_3792,CISD3
gene_3793,CISH
gene_3794,CITED1
gene_3795,CITED2
gene_3796,CITED4
gene_3797,CIT
gene_3798,CIZ1
gene_3799,CKAP2L
gene_3800,CKAP2
gene_3801,CKAP4
gene_3802,CKAP5
gene_3803,CKB
gene_3804,CKLF
gene_3805,CKMT1A
gene_3806,CKMT1B
gene_3807,CKMT2
gene_3808,CKM
gene_3809,CKS1B
gene_3810,CKS2
gene_3811,CLASP1
gene_3812,CLASP2
gene_3813,CLCA1
gene_3814,CLCA2
gene_3815,CLCA3P
gene_3816,CLCA4
gene_3817,CLCC1
gene_3818,CLCF1
gene_3819,CLCN1
gene_3820,CLCN2
gene_3821,CLCN3
gene_3822,CLCN4
gene_3823,CLCN5
gene_3824,CLCN6
gene_3825,CLCN7
gene_3826,CLCNKA
gene_3827,CLCNKB
gene_3828,CLC
gene_3829,CLDN10
gene_3830,CLDN11
gene_3831,CLDN12
gene_3832,CLDN14
gene_3833,CLDN15
gene_3834,CLDN16
gene_3835,CLDN17
gene_3836,CLDN18
gene_3837,CLDN19
gene_3838,CLDN1
gene_3839,CLDN20
gene_3840,CLDN22
gene_3841,CLDN23
gene_3842,CLDN25
gene_3843,CLDN2
gene_3844,CLDN3
gene_3845,CLDN4
gene_3846,CLDN5
gene_3847,CLDN6
gene_3848,CLDN7
gene_3849,CLDN8
gene_3850,CLDN9
gene_3851,CLDND1
gene_3852,CLDND2
gene_3853,CLEC10A
gene_3854,CLEC11A
gene_3855,CLEC12A
gene_3856,CLEC12B
gene_3857,CLEC14A
gene_3858,CLEC16A
gene_3859,CLEC17A
gene_3860,CLEC18A
gene_3861,CLEC18B
gene_3862,CLEC18C
gene_3863,CLEC1A
gene_3864,CLEC1B
gene_3865,CLEC2A
gene_3866,CLEC2B
gene_3867,CLEC2D
gene_3868,CLEC2L
gene_3869,CLEC3A
gene_3870,CLEC3B
gene_3871,CLEC4A
gene_3872,CLEC4C
gene_3873,CLEC4D
gene_3874,CLEC4E
gene_3875,CLEC4F
gene_3876,CLEC4GP1
gene_3877,CLEC4G
gene_3878,CLEC4M
gene_3879,CLEC5A
gene_3880,CLEC6A
gene_3881,CLEC7A
gene_3882,CLEC9A
gene_3883,CLECL1
gene_3884,CLGN
gene_3885,CLIC1
gene_3886,CLIC2
gene_3887,CLIC3
gene_3888,CLIC4
gene_3889,CLIC5
gene_3890,CLIC6
gene_3891,CLINT1
gene_3892,CLIP1
gene_3893,CLIP2
gene_3894,CLIP3
gene_3895,CLIP4
gene_3896,CLK1
gene_3897,CLK2P
gene_3898,CLK2
gene_3899,CLK3
gene_3900,CLK4
gene_3901,CLLU1OS
gene_3902,CLLU1
gene_3903,CLMN
gene_3904,CLN3
gene_3905,CLN5
gene_3906,CLN6
gene_3907,CLN8
gene_3908,CLNK
gene_3909,CLNS1A
gene_3910,CLOCK
gene_3911,CLP1
gene_3912,CLPB
gene_3913,CLPP
gene_3914,CLPS
gene_3915,CLPTM1L
gene_3916,CLPTM1
gene_3917,CLPX
gene_3918,CLRN1OS
gene_3919,CLRN1
gene_3920,CLRN2
gene_3921,CLRN3
gene_3922,CLSPN
gene_3923,CLSTN1
gene_3924,CLSTN2
gene_3925,CLSTN3
gene_3926,CLTA
gene_3927,CLTB
gene_3928,CLTCL1
gene_3929,CLTC
gene_3930,CLUAP1
gene_3931,CLUL1
gene_3932,CLU
gene_3933,CLVS1
gene_3934,CLVS2
gene_3935,CLYBL
gene_3936,CMA1
gene_3937,CMAH
gene_3938,CMAS
gene_3939,CMBL
gene_3940,CMC1
gene_3941,CMIP
gene_3942,CMKLR1
gene_3943,CMPK1
gene_3944,CMPK2
gene_3945,CMTM1
gene_3946,CMTM2
gene_3947,CMTM3
gene_3948,CMTM4
gene_3949,CMTM5
gene_3950,CMTM6
gene_3951,CMTM7
gene_3952,CMTM8
gene_3953,CMYA5
gene_3954,CN5H6.4
gene_3955,CNBD1
gene_3956,CNBP
gene_3957,CNDP1
gene_3958,CNDP2
gene_3959,CNFN
gene_3960,CNGA1
gene_3961,CNGA2
gene_3962,CNGA3
gene_3963,CNGA4
gene_3964,CNGB1
gene_3965,CNGB3
gene_3966,CNIH2
gene_3967,CNIH3
gene_3968,CNIH4
gene_3969,CNIH
gene_3970,CNKSR1
gene_3971,CNKSR2
gene_3972,CNKSR3
gene_3973,CNN1
gene_3974,CNN2
gene_3975,CNN3
gene_3976,CNNM1
gene_3977,CNNM2
gene_3978,CNNM3
gene_3979,CNNM4
gene_3980,CNOT10
gene_3981,CNOT1
gene_3982,CNOT2
gene_3983,CNOT3
gene_3984,CNOT4
gene_3985,CNOT6L
gene_3986,CNOT6
gene_3987,CNOT7
gene_3988,CNOT8
gene_3989,CNO
gene_3990,CNPY1
gene_3991,CNPY2
gene_3992,CNPY3
gene_3993,CNPY4
gene_3994,CNP
gene_3995,CNR1
gene_3996,CNR2
gene_3997,CNRIP1
gene_3998,CNST
gene_3999,CNTD1
gene_4000,CNTD2
gene_4001,CNTFR
gene_4002,CNTF
gene_4003,CNTLN
gene_4004,CNTN1
gene_4005,CNTN2
gene_4006,CNTN3
gene_4007,CNTN4
gene_4008,CNTN5
gene_4009,CNTN6
gene_4010,CNTNAP1
gene_4011,CNTNAP2
gene_4012,CNTNAP3
gene_4013,CNTNAP4
gene_4014,CNTNAP5
gene_4015,CNTROB
gene_4016,COASY
gene_4017,COBLL1
gene_4018,COBL
gene_4019,COBRA1
gene_4020,COCH
gene_4021,COG1
gene_4022,COG2
gene_4023,COG3
gene_4024,COG4
gene_4025,COG5
gene_4026,COG6
gene_4027,COG7
gene_4028,COG8
gene_4029,COIL
gene_4030,COL10A1
gene_4031,COL11A1
gene_4032,COL11A2
gene_4033,COL12A1
gene_4034,COL13A1
gene_4035,COL14A1
gene_4036,COL15A1
gene_4037,COL16A1
gene_4038,COL17A1
gene_4039,COL18A1
gene_4040,COL19A1
gene_4041,COL1A1
gene_4042,COL1A2
gene_4043,COL20A1
gene_4044,COL21A1
gene_4045,COL22A1
gene_4046,COL23A1
gene_4047,COL24A1
gene_4048,COL25A1
gene_4049,COL27A1
gene_4050,COL28A1
gene_4051,COL29A1
gene_4052,COL2A1
gene_4053,COL3A1
gene_4054,COL4A1
gene_4055,COL4A2
gene_4056,COL4A3BP
gene_4057,COL4A3
gene_4058,COL4A4
gene_4059,COL4A5
gene_4060,COL4A6
gene_4061,COL5A1
gene_4062,COL5A2
gene_4063,COL5A3
gene_4064,COL6A1
gene_4065,COL6A2
gene_4066,COL6A3
gene_4067,COL6A4P2
gene_4068,COL6A6
gene_4069,COL7A1
gene_4070,COL8A1
gene_4071,COL8A2
gene_4072,COL9A1
gene_4073,COL9A2
gene_4074,COL9A3
gene_4075,COLEC10
gene_4076,COLEC11
gene_4077,COLEC12
gene_4078,COLQ
gene_4079,COMMD10
gene_4080,COMMD1
gene_4081,COMMD2
gene_4082,COMMD3
gene_4083,COMMD4
gene_4084,COMMD5
gene_4085,COMMD6
gene_4086,COMMD7
gene_4087,COMMD8
gene_4088,COMMD9
gene_4089,COMP
gene_4090,COMTD1
gene_4091,COMT
gene_4092,COPA
gene_4093,COPB1
gene_4094,COPB2
gene_4095,COPE
gene_4096,COPG2
gene_4097,COPG
gene_4098,COPS2
gene_4099,COPS3
gene_4100,COPS4
gene_4101,COPS5
gene_4102,COPS6
gene_4103,COPS7A
gene_4104,COPS7B
gene_4105,COPS8
gene_4106,COPZ1
gene_4107,COPZ2
gene_4108,COQ10A
gene_4109,COQ10B
gene_4110,COQ2
gene_4111,COQ3
gene_4112,COQ4
gene_4113,COQ5
gene_4114,COQ6
gene_4115,COQ7
gene_4116,COQ9
gene_4117,CORIN
gene_4118,CORO1A
gene_4119,CORO1B
gene_4120,CORO1C
gene_4121,CORO2A
gene_4122,CORO2B
gene_4123,CORO6
gene_4124,CORO7
gene_4125,CORT
gene_4126,COTL1
gene_4127,COX10
gene_4128,COX11
gene_4129,COX15
gene_4130,COX16
gene_4131,COX17
gene_4132,COX18
gene_4133,COX19
gene_4134,COX4I1
gene_4135,COX4I2
gene_4136,COX4NB
gene_4137,COX5A
gene_4138,COX5B
gene_4139,COX6A1
gene_4140,COX6A2
gene_4141,COX6B1
gene_4142,COX6B2
gene_4143,COX6C
gene_4144,COX7A1
gene_4145,COX7A2L
gene_4146,COX7A2
gene_4147,COX7B2
gene_4148,COX7B
gene_4149,COX7C
gene_4150,COX8A
gene_4151,COX8C
gene_4152,CP110
gene_4153,CPA1
gene_4154,CPA2
gene_4155,CPA3
gene_4156,CPA4
gene_4157,CPA5
gene_4158,CPA6
gene_4159,CPAMD8
gene_4160,CPB1
gene_4161,CPB2
gene_4162,CPD
gene_4163,CPEB1
gene_4164,CPEB2
gene_4165,CPEB3
gene_4166,CPEB4
gene_4167,CPE
gene_4168,CPLX1
gene_4169,CPLX2
gene_4170,CPLX3
gene_4171,CPLX4
gene_4172,CPM
gene_4173,CPN1
gene_4174,CPN2
gene_4175,CPNE1
gene_4176,CPNE2
gene_4177,CPNE3
gene_4178,CPNE4
gene_4179,CPNE5
gene_4180,CPNE6
gene_4181,CPNE7
gene_4182,CPNE8
gene_4183,CPNE9
gene_4184,CPOX
gene_4185,CPO
gene_4186,CPPED1
gene_4187,CPS1
gene_4188,CPSF1
gene_4189,CPSF2
gene_4190,CPSF3L
gene_4191,CPSF3
gene_4192,CPSF4L
gene_4193,CPSF4
gene_4194,CPSF6
gene_4195,CPSF7
gene_4196,CPT1A
gene_4197,CPT1B
gene_4198,CPT1C
gene_4199,CPT2
gene_4200,CPVL
gene_4201,CPXCR1
gene_4202,CPXM1
gene_4203,CPXM2
gene_4204,CPZ
gene_4205,CP
gene_4206,CR1L
gene_4207,CR1
gene_4208,CR2
gene_4209,CRABP1
gene_4210,CRABP2
gene_4211,CRADD
gene_4212,CRAMP1L
gene_4213,CRAT
gene_4214,CRB1
gene_4215,CRB2
gene_4216,CRB3
gene_4217,CRBN
gene_4218,CRCP
gene_4219,CRCT1
gene_4220,CREB1
gene_4221,CREB3L1
gene_4222,CREB3L2
gene_4223,CREB3L3
gene_4224,CREB3L4
gene_4225,CREB3
gene_4226,CREB5
gene_4227,CREBBP
gene_4228,CREBL2
gene_4229,CREBZF
gene_4230,CREG1
gene_4231,CREG2
gene_4232,CRELD1
gene_4233,CRELD2
gene_4234,CREM
gene_4235,CRHBP
gene_4236,CRHR1
gene_4237,CRHR2
gene_4238,CRH
gene_4239,CRIM1
gene_4240,CRIP1
gene_4241,CRIP2
gene_4242,CRIP3
gene_4243,CRIPAK
gene_4244,CRIPT
gene_4245,CRISP1
gene_4246,CRISP2
gene_4247,CRISP3
gene_4248,CRISPLD1
gene_4249,CRISPLD2
gene_4250,CRKL
gene_4251,CRK
gene_4252,CRLF1
gene_4253,CRLF2
gene_4254,CRLF3
gene_4255,CRLS1
gene_4256,CRMP1
gene_4257,CRNKL1
gene_4258,CRNN
gene_4259,CROCCL1
gene_4260,CROCCL2
gene_4261,CROCC
gene_4262,CROT
gene_4263,CRP
gene_4264,CRTAC1
gene_4265,CRTAM
gene_4266,CRTAP
gene_4267,CRTC1
gene_4268,CRTC2
gene_4269,CRTC3
gene_4270,CRX
gene_4271,CRY1
gene_4272,CRY2
gene_4273,CRYAA
gene_4274,CRYAB
gene_4275,CRYBA1
gene_4276,CRYBA2
gene_4277,CRYBA4
gene_4278,CRYBB1
gene_4279,CRYBB2
gene_4280,CRYBB3
gene_4281,CRYBG3
gene_4282,CRYGA
gene_4283,CRYGB
gene_4284,CRYGC
gene_4285,CRYGD
gene_4286,CRYGN
gene_4287,CRYGS
gene_4288,CRYL1
gene_4289,CRYM
gene_4290,CRYZL1
gene_4291,CRYZ
gene_4292,CSAD
gene_4293,CSAG1
gene_4294,CSAG2
gene_4295,CSAG3
gene_4296,CSDAP1
gene_4297,CSDA
gene_4298,CSDC2
gene_4299,CSDE1
gene_4300,CSE1L
gene_4301,CSF1R
gene_4302,CSF1
gene_4303,CSF2RA
gene_4304,CSF2RB
gene_4305,CSF2
gene_4306,CSF3R
gene_4307,CSF3
gene_4308,CSGALNACT1
gene_4309,CSGALNACT2
gene_4310,CSH1
gene_4311,CSH2
gene_4312,CSHL1
gene_4313,CSK
gene_4314,CSMD1
gene_4315,CSMD2
gene_4316,CSMD3
gene_4317,CSN1S1
gene_4318,CSN1S2A
gene_4319,CSN2
gene_4320,CSN3
gene_4321,CSNK1A1L
gene_4322,CSNK1A1P
gene_4323,CSNK1A1
gene_4324,CSNK1D
gene_4325,CSNK1E
gene_4326,CSNK1G1
gene_4327,CSNK1G2
gene_4328,CSNK1G3
gene_4329,CSNK2A1P
gene_4330,CSNK2A1
gene_4331,CSNK2A2
gene_4332,CSNK2B
gene_4333,CSPG4PY2
gene_4334,CSPG4
gene_4335,CSPG5
gene_4336,CSPP1
gene_4337,CSRNP1
gene_4338,CSRNP2
gene_4339,CSRNP3
gene_4340,CSRP1
gene_4341,CSRP2BP
gene_4342,CSRP2
gene_4343,CSRP3
gene_4344,CST11
gene_4345,CST1
gene_4346,CST2
gene_4347,CST3
gene_4348,CST4
gene_4349,CST5
gene_4350,CST6
gene_4351,CST7
gene_4352,CST8
gene_4353,CST9L
gene_4354,CST9
gene_4355,CSTA
gene_4356,CSTB
gene_4357,CSTF1
gene_4358,CSTF2T
gene_4359,CSTF2
gene_4360,CSTF3
gene_4361,CSTL1
gene_4362,CSTT
gene_4363,CS
gene_4364,CT45A1
gene_4365,CT45A2
gene_4366,CT45A3
gene_4367,CT45A4
gene_4368,CT45A5
gene_4369,CT45A6
gene_4370,CT47A10
gene_4371,CT47A11
gene_4372,CT47A1
gene_4373,CT47A2
gene_4374,CT47A6
gene_4375,CT47A7
gene_4376,CT47A9
gene_4377,CT47B1
gene_4378,CT62
gene_4379,CTAG1B
gene_4380,CTAG2
gene_4381,CTAGE1
gene_4382,CTAGE4
gene_4383,CTAGE5
gene_4384,CTAGE6
gene_4385,CTAGE9
gene_4386,CTBP1
gene_4387,CTBP2
gene_4388,CTBS
gene_4389,CTCFL
gene_4390,CTCF
gene_4391,CTDP1
gene_4392,CTDSP1
gene_4393,CTDSP2
gene_4394,CTDSPL2
gene_4395,CTDSPL
gene_4396,CTF1
gene_4397,CTGF
gene_4398,CTHRC1
gene_4399,CTH
gene_4400,CTLA4
gene_4401,CTNNA1
gene_4402,CTNNA2
gene_4403,CTNNA3
gene_4404,CTNNAL1
gene_4405,CTNNB1
gene_4406,CTNNBIP1
gene_4407,CTNNBL1
gene_4408,CTNND1
gene_4409,CTNND2
gene_4410,CTNS
gene_4411,CTPS2
gene_4412,CTPS
gene_4413,CTR9
gene_4414,CTRB1
gene_4415,CTRB2
gene_4416,CTRC
gene_4417,CTRL
gene_4418,CTSA
gene_4419,CTSB
gene_4420,CTSC
gene_4421,CTSD
gene_4422,CTSE
gene_4423,CTSF
gene_4424,CTSG
gene_4425,CTSH
gene_4426,CTSK
gene_4427,CTSL1
gene_4428,CTSL2
gene_4429,CTSL3
gene_4430,CTSO
gene_4431,CTSS
gene_4432,CTSW
gene_4433,CTSZ
gene_4434,CTTNBP2NL
gene_4435,CTTNBP2
gene_4436,CTTN
gene_4437,CTU1
gene_4438,CTU2
gene_4439,CTXN1
gene_4440,CTXN2
gene_4441,CTXN3
gene_4442,CUBN
gene_4443,CUEDC1
gene_4444,CUEDC2
gene_4445,CUL1
gene_4446,CUL2
gene_4447,CUL3
gene_4448,CUL4A
gene_4449,CUL4B
gene_4450,CUL5
gene_4451,CUL7
gene_4452,CUL9
gene_4453,CUTA
gene_4454,CUTC
gene_4455,CUX1
gene_4456,CUX2
gene_4457,CUZD1
gene_4458,CWC15
gene_4459,CWC22
gene_4460,CWC25
gene_4461,CWC27
gene_4462,CWF19L1
gene_4463,CWF19L2
gene_4464,CWH43
gene_4465,CX3CL1
gene_4466,CX3CR1
gene_4467,CXADRP2
gene_4468,CXADRP3
gene_4469,CXADR
gene_4470,CXCL10
gene_4471,CXCL11
gene_4472,CXCL12
gene_4473,CXCL13
gene_4474,CXCL14
gene_4475,CXCL16
gene_4476,CXCL17
gene_4477,CXCL1
gene_4478,CXCL2
gene_4479,CXCL3
gene_4480,CXCL5
gene_4481,CXCL6
gene_4482,CXCL9
gene_4483,CXCR1
gene_4484,CXCR2P1
gene_4485,CXCR2
gene_4486,CXCR3
gene_4487,CXCR4
gene_4488,CXCR5
gene_4489,CXCR6
gene_4490,CXCR7
gene_4491,CXXC1
gene_4492,CXXC4
gene_4493,CXXC5
gene_4494,CXorf1
gene_4495,CXorf21
gene_4496,CXorf22
gene_4497,CXorf23
gene_4498,CXorf26
gene_4499,CXorf27
gene_4500,CXorf30
gene_4501,CXorf36
gene_4502,CXorf38
gene_4503,CXorf40A
gene_4504,CXorf40B
gene_4505,CXorf41
gene_4506,CXorf42
gene_4507,CXorf48
gene_4508,CXorf49B
gene_4509,CXorf50B
gene_4510,CXorf51
gene_4511,CXorf56
gene_4512,CXorf57
gene_4513,CXorf58
gene_4514,CXorf59
gene_4515,CXorf61
gene_4516,CXorf64
gene_4517,CXorf65
gene_4518,CXorf66
gene_4519,CYB561D1
gene_4520,CYB561D2
gene_4521,CYB561
gene_4522,CYB5A
gene_4523,CYB5B
gene_4524,CYB5D1
gene_4525,CYB5D2
gene_4526,CYB5R1
gene_4527,CYB5R2
gene_4528,CYB5R3
gene_4529,CYB5R4
gene_4530,CYB5RL
gene_4531,CYBASC3
gene_4532,CYBA
gene_4533,CYBB
gene_4534,CYBRD1
gene_4535,CYC1
gene_4536,CYCSP52
gene_4537,CYCS
gene_4538,CYFIP1
gene_4539,CYFIP2
gene_4540,CYGB
gene_4541,CYHR1
gene_4542,CYLC1
gene_4543,CYLC2
gene_4544,CYLD
gene_4545,CYMP
gene_4546,CYP11A1
gene_4547,CYP11B1
gene_4548,CYP11B2
gene_4549,CYP17A1
gene_4550,CYP19A1
gene_4551,CYP1A1
gene_4552,CYP1A2
gene_4553,CYP1B1
gene_4554,CYP20A1
gene_4555,CYP21A2
gene_4556,CYP24A1
gene_4557,CYP26A1
gene_4558,CYP26B1
gene_4559,CYP26C1
gene_4560,CYP27A1
gene_4561,CYP27B1
gene_4562,CYP27C1
gene_4563,CYP2A13
gene_4564,CYP2A6
gene_4565,CYP2A7
gene_4566,CYP2B6
gene_4567,CYP2B7P1
gene_4568,CYP2C18
gene_4569,CYP2C19
gene_4570,CYP2C8
gene_4571,CYP2C9
gene_4572,CYP2D6
gene_4573,CYP2D7P1
gene_4574,CYP2E1
gene_4575,CYP2F1
gene_4576,CYP2J2
gene_4577,CYP2R1
gene_4578,CYP2S1
gene_4579,CYP2U1
gene_4580,CYP2W1
gene_4581,CYP39A1
gene_4582,CYP3A43
gene_4583,CYP3A4
gene_4584,CYP3A5
gene_4585,CYP3A7
gene_4586,CYP46A1
gene_4587,CYP4A11
gene_4588,CYP4A22
gene_4589,CYP4B1
gene_4590,CYP4F11
gene_4591,CYP4F12
gene_4592,CYP4F22
gene_4593,CYP4F2
gene_4594,CYP4F3
gene_4595,CYP4F8
gene_4596,CYP4V2
gene_4597,CYP4X1
gene_4598,CYP4Z1
gene_4599,CYP4Z2P
gene_4600,CYP51A1
gene_4601,CYP7A1
gene_4602,CYP7B1
gene_4603,CYP8B1
gene_4604,CYR61
gene_4605,CYS1
gene_4606,CYSLTR1
gene_4607,CYSLTR2
gene_4608,CYTH1
gene_4609,CYTH2
gene_4610,CYTH3
gene_4611,CYTH4
gene_4612,CYTIP
gene_4613,CYTL1
gene_4614,CYTSA
gene_4615,CYTSB
gene_4616,CYYR1
gene_4617,CYorf15A
gene_4618,CYorf15B
gene_4619,D2HGDH
gene_4620,D4S234E
gene_4621,DAAM1
gene_4622,DAAM2
gene_4623,DAB1
gene_4624,DAB2IP
gene_4625,DAB2
gene_4626,DACH1
gene_4627,DACH2
gene_4628,DACT1
gene_4629,DACT2
gene_4630,DACT3
gene_4631,DAD1L
gene_4632,DAD1
gene_4633,DAG1
gene_4634,DAGLA
gene_4635,DAGLB
gene_4636,DAK
gene_4637,DALRD3
gene_4638,DAND5
gene_4639,DAOA
gene_4640,DAO
gene_4641,DAP3
gene_4642,DAPK1
gene_4643,DAPK2
gene_4644,DAPK3
gene_4645,DAPL1
gene_4646,DAPP1
gene_4647,DAP
gene_4648,DARC
gene_4649,DARS2
gene_4650,DARS
gene_4651,DAXX
gene_4652,DAZ1
gene_4653,DAZ2
gene_4654,DAZ3
gene_4655,DAZ4
gene_4656,DAZAP1
gene_4657,DAZAP2
gene_4658,DAZL
gene_4659,DBC1
gene_4660,DBF4B
gene_4661,DBF4
gene_4662,DBH
gene_4663,DBI
gene_4664,DBN1
gene_4665,DBNDD1
gene_4666,DBNDD2
gene_4667,DBNL
gene_4668,DBP
gene_4669,DBR1
gene_4670,DBT
gene_4671,DBX1
gene_4672,DBX2
gene_4673,DCAF10
gene_4674,DCAF11
gene_4675,DCAF12L1
gene_4676,DCAF12L2
gene_4677,DCAF12
gene_4678,DCAF13
gene_4679,DCAF15
gene_4680,DCAF16
gene_4681,DCAF17
gene_4682,DCAF4L1
gene_4683,DCAF4L2
gene_4684,DCAF4
gene_4685,DCAF5
gene_4686,DCAF6
gene_4687,DCAF7
gene_4688,DCAF8L1
gene_4689,DCAF8L2
gene_4690,DCAF8
gene_4691,DCAKD
gene_4692,DCBLD1
gene_4693,DCBLD2
gene_4694,DCC
gene_4695,DCDC1
gene_4696,DCDC2B
gene_4697,DCDC2
gene_4698,DCD
gene_4699,DCHS1
gene_4700,DCHS2
gene_4701,DCI
gene_4702,DCK
gene_4703,DCLK1
gene_4704,DCLK2
gene_4705,DCLK3
gene_4706,DCLRE1A
gene_4707,DCLRE1B
gene_4708,DCLRE1C
gene_4709,DCN
gene_4710,DCP1A
gene_4711,DCP1B
gene_4712,DCP2
gene_4713,DCPS
gene_4714,DCST1
gene_4715,DCST2
gene_4716,DCTD
gene_4717,DCTN1
gene_4718,DCTN2
gene_4719,DCTN3
gene_4720,DCTN4
gene_4721,DCTN5
gene_4722,DCTN6
gene_4723,DCTPP1
gene_4724,DCT
gene_4725,DCUN1D1
gene_4726,DCUN1D2
gene_4727,DCUN1D3
gene_4728,DCUN1D4
gene_4729,DCUN1D5
gene_4730,DCXR
gene_4731,DCX
gene_4732,DDA1
gene_4733,DDAH1
gene_4734,DDAH2
gene_4735,DDB1
gene_4736,DDB2
gene_4737,DDC
gene_4738,DDHD1
gene_4739,DDHD2
gene_4740,DDI1
gene_4741,DDI2
gene_4742,DDIT3
gene_4743,DDIT4L
gene_4744,DDIT4
gene_4745,DDN
gene_4746,DDOST
gene_4747,DDO
gene_4748,DDR1
gene_4749,DDR2
gene_4750,DDRGK1
gene_4751,DDTL
gene_4752,DDT
gene_4753,DDX10
gene_4754,DDX11L2
gene_4755,DDX11
gene_4756,DDX12
gene_4757,DDX17
gene_4758,DDX18
gene_4759,DDX19A
gene_4760,DDX19B
gene_4761,DDX1
gene_4762,DDX20
gene_4763,DDX21
gene_4764,DDX23
gene_4765,DDX24
gene_4766,DDX25
gene_4767,DDX26B
gene_4768,DDX27
gene_4769,DDX28
gene_4770,DDX31
gene_4771,DDX39
gene_4772,DDX3X
gene_4773,DDX3Y
gene_4774,DDX41
gene_4775,DDX42
gene_4776,DDX43
gene_4777,DDX46
gene_4778,DDX47
gene_4779,DDX49
gene_4780,DDX4
gene_4781,DDX50
gene_4782,DDX51
gene_4783,DDX52
gene_4784,DDX53
gene_4785,DDX54
gene_4786,DDX55
gene_4787,DDX56
gene_4788,DDX58
gene_4789,DDX59
gene_4790,DDX5
gene_4791,DDX60L
gene_4792,DDX60
gene_4793,DDX6
gene_4794,DEAF1
gene_4795,DEC1
gene_4796,DECR1
gene_4797,DECR2
gene_4798,DEDD2
gene_4799,DEDD
gene_4800,DEF6
gene_4801,DEF8
gene_4802,DEFA1B
gene_4803,DEFA4
gene_4804,DEFA5
gene_4805,DEFA6
gene_4806,DEFB103B
gene_4807,DEFB104A
gene_4808,DEFB105A
gene_4809,DEFB106A
gene_4810,DEFB107A
gene_4811,DEFB108B
gene_4812,DEFB109P1B
gene_4813,DEFB109P1
gene_4814,DEFB110
gene_4815,DEFB112
gene_4816,DEFB113
gene_4817,DEFB114
gene_4818,DEFB115
gene_4819,DEFB116
gene_4820,DEFB118
gene_4821,DEFB119
gene_4822,DEFB121
gene_4823,DEFB122
gene_4824,DEFB123
gene_4825,DEFB124
gene_4826,DEFB125
gene_4827,DEFB126
gene_4828,DEFB127
gene_4829,DEFB128
gene_4830,DEFB129
gene_4831,DEFB130
gene_4832,DEFB131
gene_4833,DEFB132
gene_4834,DEFB134
gene_4835,DEFB135
gene_4836,DEFB136
gene_4837,DEFB1
gene_4838,DEFB4A
gene_4839,DEGS1
gene_4840,DEGS2
gene_4841,DEK
gene_4842,DEM1
gene_4843,DENND1A
gene_4844,DENND1B
gene_4845,DENND1C
gene_4846,DENND2A
gene_4847,DENND2C
gene_4848,DENND2D
gene_4849,DENND3
gene_4850,DENND4A
gene_4851,DENND4B
gene_4852,DENND4C
gene_4853,DENND5A
gene_4854,DENND5B
gene_4855,DENR
gene_4856,DEPDC1B
gene_4857,DEPDC1
gene_4858,DEPDC4
gene_4859,DEPDC5
gene_4860,DEPDC6
gene_4861,DEPDC7
gene_4862,DERA
gene_4863,DERL1
gene_4864,DERL2
gene_4865,DERL3
gene_4866,DES
gene_4867,DET1
gene_4868,DEXI
gene_4869,DFFA
gene_4870,DFFB
gene_4871,DFNA5
gene_4872,DFNB31
gene_4873,DFNB59
gene_4874,DGAT1
gene_4875,DGAT2L6
gene_4876,DGAT2
gene_4877,DGCR10
gene_4878,DGCR11
gene_4879,DGCR14
gene_4880,DGCR2
gene_4881,DGCR5
gene_4882,DGCR6L
gene_4883,DGCR6
gene_4884,DGCR8
gene_4885,DGCR9
gene_4886,DGKA
gene_4887,DGKB
gene_4888,DGKD
gene_4889,DGKE
gene_4890,DGKG
gene_4891,DGKH
gene_4892,DGKI
gene_4893,DGKK
gene_4894,DGKQ
gene_4895,DGKZ
gene_4896,DGUOK
gene_4897,DHCR24
gene_4898,DHCR7
gene_4899,DHDDS
gene_4900,DHDH
gene_4901,DHDPSL
gene_4902,DHFRL1
gene_4903,DHFR
gene_4904,DHH
gene_4905,DHODH
gene_4906,DHPS
gene_4907,DHRS11
gene_4908,DHRS12
gene_4909,DHRS13
gene_4910,DHRS1
gene_4911,DHRS2
gene_4912,DHRS3
gene_4913,DHRS4L1
gene_4914,DHRS4L2
gene_4915,DHRS4
gene_4916,DHRS7B
gene_4917,DHRS7C
gene_4918,DHRS7
gene_4919,DHRS9
gene_4920,DHRSX
gene_4921,DHTKD1
gene_4922,DHX15
gene_4923,DHX16
gene_4924,DHX29
gene_4925,DHX30
gene_4926,DHX32
gene_4927,DHX33
gene_4928,DHX34
gene_4929,DHX35
gene_4930,DHX36
gene_4931,DHX37
gene_4932,DHX38
gene_4933,DHX40P1
gene_4934,DHX40
gene_4935,DHX57
gene_4936,DHX58
gene_4937,DHX8
gene_4938,DHX9
gene_4939,DIABLO
gene_4940,DIAPH1
gene_4941,DIAPH2
gene_4942,DIAPH3
gene_4943,DICER1
gene_4944,DIDO1
gene_4945,DIMT1L
gene_4946,DIO1
gene_4947,DIO2
gene_4948,DIO3OS
gene_4949,DIO3
gene_4950,DIP2A
gene_4951,DIP2B
gene_4952,DIP2C
gene_4953,DIRAS1
gene_4954,DIRAS2
gene_4955,DIRAS3
gene_4956,DIRC1
gene_4957,DIRC2
gene_4958,DIRC3
gene_4959,DIS3L2
gene_4960,DIS3L
gene_4961,DIS3
gene_4962,DISC1
gene_4963,DISC2
gene_4964,DISP1
gene_4965,DISP2
gene_4966,DIXDC1
gene_4967,DKC1
gene_4968,DKFZP434H168
gene_4969,DKFZP434K028
gene_4970,DKFZP434L187
gene_4971,DKFZP586I1420
gene_4972,DKFZP686I15217
gene_4973,DKFZp434J0226
gene_4974,DKFZp434L192
gene_4975,DKFZp566F0947
gene_4976,DKFZp686A1627
gene_4977,DKFZp686O24166
gene_4978,DKFZp761E198
gene_4979,DKFZp779M0652
gene_4980,DKK1
gene_4981,DKK2
gene_4982,DKK3
gene_4983,DKK4
gene_4984,DKKL1
gene_4985,DLAT
gene_4986,DLC1
gene_4987,DLD
gene_4988,DLEC1
gene_4989,DLEU1
gene_4990,DLEU2L
gene_4991,DLEU2
gene_4992,DLEU7
gene_4993,DLG1
gene_4994,DLG2
gene_4995,DLG3
gene_4996,DLG4
gene_4997,DLG5
gene_4998,DLGAP1
gene_4999,DLGAP2
gene_5000,DLGAP3
gene_5001,DLGAP4
gene_5002,DLGAP5
gene_5003,DLK1
gene_5004,DLK2
gene_5005,DLL1
gene_5006,DLL3
gene_5007,DLL4
gene_5008,DLST
gene_5009,DLX1
gene_5010,DLX2
gene_5011,DLX3
gene_5012,DLX4
gene_5013,DLX5
gene_5014,DLX6AS
gene_5015,DLX6
gene_5016,DMAP1
gene_5017,DMBT1
gene_5018,DMBX1
gene_5019,DMC1
gene_5020,DMD
gene_5021,DMGDH
gene_5022,DMKN
gene_5023,DMP1
gene_5024,DMPK
gene_5025,DMRT1
gene_5026,DMRT2
gene_5027,DMRT3
gene_5028,DMRTA1
gene_5029,DMRTA2
gene_5030,DMRTB1
gene_5031,DMRTC1B
gene_5032,DMRTC1
gene_5033,DMRTC2
gene_5034,DMTF1
gene_5035,DMWD
gene_5036,DMXL1
gene_5037,DMXL2
gene_5038,DNA2
gene_5039,DNAH10
gene_5040,DNAH11
gene_5041,DNAH12
gene_5042,DNAH14
gene_5043,DNAH17
gene_5044,DNAH1
gene_5045,DNAH2
gene_5046,DNAH3
gene_5047,DNAH5
gene_5048,DNAH6
gene_5049,DNAH7
gene_5050,DNAH8
gene_5051,DNAH9
gene_5052,DNAI1
gene_5053,DNAI2
gene_5054,DNAJA1
gene_5055,DNAJA2
gene_5056,DNAJA3
gene_5057,DNAJA4
gene_5058,DNAJB11
gene_5059,DNAJB12
gene_5060,DNAJB13
gene_5061,DNAJB14
gene_5062,DNAJB1
gene_5063,DNAJB2
gene_5064,DNAJB3
gene_5065,DNAJB4
gene_5066,DNAJB5
gene_5067,DNAJB6
gene_5068,DNAJB7
gene_5069,DNAJB8
gene_5070,DNAJB9
gene_5071,DNAJC10
gene_5072,DNAJC11
gene_5073,DNAJC12
gene_5074,DNAJC13
gene_5075,DNAJC14
gene_5076,DNAJC15
gene_5077,DNAJC16
gene_5078,DNAJC17
gene_5079,DNAJC18
gene_5080,DNAJC19
gene_5081,DNAJC1
gene_5082,DNAJC21
gene_5083,DNAJC22
gene_5084,DNAJC24
gene_5085,DNAJC25-GNG10
gene_5086,DNAJC25
gene_5087,DNAJC27
gene_5088,DNAJC28
gene_5089,DNAJC2
gene_5090,DNAJC30
gene_5091,DNAJC3
gene_5092,DNAJC4
gene_5093,DNAJC5B
gene_5094,DNAJC5G
gene_5095,DNAJC5
gene_5096,DNAJC6
gene_5097,DNAJC7
gene_5098,DNAJC8
gene_5099,DNAJC9
gene_5100,DNAL1
gene_5101,DNAL4
gene_5102,DNALI1
gene_5103,DNASE1L1
gene_5104,DNASE1L2
gene_5105,DNASE1L3
gene_5106,DNASE1
gene_5107,DNASE2B
gene_5108,DNASE2
gene_5109,DND1
gene_5110,DNER
gene_5111,DNHD1
gene_5112,DNLZ
gene_5113,DNM1L
gene_5114,DNM1P35
gene_5115,DNM1
gene_5116,DNM2
gene_5117,DNM3
gene_5118,DNMBP
gene_5119,DNMT1
gene_5120,DNMT3A
gene_5121,DNMT3B
gene_5122,DNMT3L
gene_5123,DNPEP
gene_5124,DNTTIP1
gene_5125,DNTTIP2
gene_5126,DNTT
gene_5127,DOC2A
gene_5128,DOC2B
gene_5129,DOCK10
gene_5130,DOCK11
gene_5131,DOCK1
gene_5132,DOCK2
gene_5133,DOCK3
gene_5134,DOCK4
gene_5135,DOCK5
gene_5136,DOCK6
gene_5137,DOCK7
gene_5138,DOCK8
gene_5139,DOCK9
gene_5140,DOHH
gene_5141,DOK1
gene_5142,DOK2
gene_5143,DOK3
gene_5144,DOK4
gene_5145,DOK5
gene_5146,DOK6
gene_5147,DOK7
gene_5148,DOLK
gene_5149,DOLPP1
gene_5150,DOM3Z
gene_5151,DONSON
gene_5152,DOPEY1
gene_5153,DOPEY2
gene_5154,DOT1L
gene_5155,DPAGT1
gene_5156,DPCD
gene_5157,DPCR1
gene_5158,DPEP1
gene_5159,DPEP2
gene_5160,DPEP3
gene_5161,DPF1
gene_5162,DPF2
gene_5163,DPF3
gene_5164,DPH1
gene_5165,DPH2
gene_5166,DPH3B
gene_5167,DPH3
gene_5168,DPH5
gene_5169,DPM1
gene_5170,DPM2
gene_5171,DPM3
gene_5172,DPP10
gene_5173,DPP3
gene_5174,DPP4
gene_5175,DPP6
gene_5176,DPP7
gene_5177,DPP8
gene_5178,DPP9
gene_5179,DPPA2
gene_5180,DPPA3
gene_5181,DPPA4
gene_5182,DPPA5
gene_5183,DPRXP4
gene_5184,DPRX
gene_5185,DPT
gene_5186,DPY19L1
gene_5187,DPY19L2P1
gene_5188,DPY19L2P2
gene_5189,DPY19L2P4
gene_5190,DPY19L2
gene_5191,DPY19L3
gene_5192,DPY19L4
gene_5193,DPY30
gene_5194,DPYD
gene_5195,DPYSL2
gene_5196,DPYSL3
gene_5197,DPYSL4
gene_5198,DPYSL5
gene_5199,DPYS
gene_5200,DQX1
gene_5201,DR1
gene_5202,DRAM1
gene_5203,DRAM2
gene_5204,DRAP1
gene_5205,DRD1
gene_5206,DRD2
gene_5207,DRD3
gene_5208,DRD4
gene_5209,DRD5
gene_5210,DRG1
gene_5211,DRG2
gene_5212,DRGX
gene_5213,DRP2
gene_5214,DSC1
gene_5215,DSC2
gene_5216,DSC3
gene_5217,DSCAML1
gene_5218,DSCAM
gene_5219,DSCC1
gene_5220,DSCR10
gene_5221,DSCR3
gene_5222,DSCR4
gene_5223,DSCR6
gene_5224,DSCR8
gene_5225,DSCR9
gene_5226,DSEL
gene_5227,DSE
gene_5228,DSG1
gene_5229,DSG2
gene_5230,DSG3
gene_5231,DSG4
gene_5232,DSN1
gene_5233,DSPP
gene_5234,DSP
gene_5235,DSTN
gene_5236,DSTYK
gene_5237,DST
gene_5238,DTD1
gene_5239,DTHD1
gene_5240,DTL
gene_5241,DTNA
gene_5242,DTNBP1
gene_5243,DTNB
gene_5244,DTWD1
gene_5245,DTWD2
gene_5246,DTX1
gene_5247,DTX2
gene_5248,DTX3L
gene_5249,DTX3
gene_5250,DTX4
gene_5251,DTYMK
gene_5252,DULLARD
gene_5253,DUOX1
gene_5254,DUOX2
gene_5255,DUOXA1
gene_5256,DUOXA2
gene_5257,DUPD1
gene_5258,DUS1L
gene_5259,DUS2L
gene_5260,DUS3L
gene_5261,DUS4L
gene_5262,DUSP10
gene_5263,DUSP11
gene_5264,DUSP12
gene_5265,DUSP13
gene_5266,DUSP14
gene_5267,DUSP15
gene_5268,DUSP16
gene_5269,DUSP18
gene_5270,DUSP19
gene_5271,DUSP1
gene_5272,DUSP21
gene_5273,DUSP22
gene_5274,DUSP23
gene_5275,DUSP26
gene_5276,DUSP27
gene_5277,DUSP28
gene_5278,DUSP2
gene_5279,DUSP3
gene_5280,DUSP4
gene_5281,DUSP5P
gene_5282,DUSP5
gene_5283,DUSP6
gene_5284,DUSP7
gene_5285,DUSP8
gene_5286,DUSP9
gene_5287,DUT
gene_5288,DUX4
gene_5289,DUXA
gene_5290,DVL1
gene_5291,DVL2
gene_5292,DVL3
gene_5293,DVWA
gene_5294,DYDC1
gene_5295,DYDC2
gene_5296,DYM
gene_5297,DYNC1H1
gene_5298,DYNC1I1
gene_5299,DYNC1I2
gene_5300,DYNC1LI1
gene_5301,DYNC1LI2
gene_5302,DYNC2H1
gene_5303,DYNC2LI1
gene_5304,DYNLL1
gene_5305,DYNLL2
gene_5306,DYNLRB1
gene_5307,DYNLRB2
gene_5308,DYNLT1
gene_5309,DYNLT3
gene_5310,DYRK1A
gene_5311,DYRK1B
gene_5312,DYRK2
gene_5313,DYRK3
gene_5314,DYRK4
gene_5315,DYSFIP1
gene_5316,DYSF
gene_5317,DYTN
gene_5318,DYX1C1
gene_5319,DZIP1L
gene_5320,DZIP1
gene_5321,DZIP3
gene_5322,E2F1
gene_5323,E2F2
gene_5324,E2F3
gene_5325,E2F4
gene_5326,E2F5
gene_5327,E2F6
gene_5328,E2F7
gene_5329,E2F8
gene_5330,E4F1
gene_5331,EAF1
gene_5332,EAF2
gene_5333,EAPP
gene_5334,EARS2
gene_5335,EBAG9
gene_5336,EBF1
gene_5337,EBF2
gene_5338,EBF3
gene_5339,EBF4
gene_5340,EBI3
gene_5341,EBNA1BP2
gene_5342,EBPL
gene_5343,EBP
gene_5344,ECD
gene_5345,ECE1
gene_5346,ECE2
gene_5347,ECEL1
gene_5348,ECH1
gene_5349,ECHDC1
gene_5350,ECHDC2
gene_5351,ECHDC3
gene_5352,ECHS1
gene_5353,ECM1
gene_5354,ECM2
gene_5355,ECSCR
gene_5356,ECSIT
gene_5357,ECT2L
gene_5358,ECT2
gene_5359,EDA2R
gene_5360,EDARADD
gene_5361,EDAR
gene_5362,EDA
gene_5363,EDC3
gene_5364,EDC4
gene_5365,EDDM3A
gene_5366,EDDM3B
gene_5367,EDEM1
gene_5368,EDEM2
gene_5369,EDEM3
gene_5370,EDF1
gene_5371,EDIL3
gene_5372,EDN1
gene_5373,EDN2
gene_5374,EDN3
gene_5375,EDNRA
gene_5376,EDNRB
gene_5377,EEA1
gene_5378,EED
gene_5379,EEF1A1P9
gene_5380,EEF1A1
gene_5381,EEF1A2
gene_5382,EEF1B2
gene_5383,EEF1DP3
gene_5384,EEF1D
gene_5385,EEF1E1
gene_5386,EEF1G
gene_5387,EEF2K
gene_5388,EEF2
gene_5389,EEFSEC
gene_5390,EEPD1
gene_5391,EFCAB10
gene_5392,EFCAB1
gene_5393,EFCAB2
gene_5394,EFCAB3
gene_5395,EFCAB4A
gene_5396,EFCAB4B
gene_5397,EFCAB5
gene_5398,EFCAB6
gene_5399,EFCAB7
gene_5400,EFEMP1
gene_5401,EFEMP2
gene_5402,EFHA1
gene_5403,EFHA2
gene_5404,EFHB
gene_5405,EFHC1
gene_5406,EFHC2
gene_5407,EFHD1
gene_5408,EFHD2
gene_5409,EFNA1
gene_5410,EFNA2
gene_5411,EFNA3
gene_5412,EFNA4
gene_5413,EFNA5
gene_5414,EFNB1
gene_5415,EFNB2
gene_5416,EFNB3
gene_5417,EFR3A
gene_5418,EFR3B
gene_5419,EFS
gene_5420,EFTUD1
gene_5421,EFTUD2
gene_5422,EGFL6
gene_5423,EGFL7
gene_5424,EGFL8
gene_5425,EGFLAM
gene_5426,EGFR
gene_5427,EGF
gene_5428,EGLN1
gene_5429,EGLN2
gene_5430,EGLN3
gene_5431,EGOT
gene_5432,EGR1
gene_5433,EGR2
gene_5434,EGR3
gene_5435,EGR4
gene_5436,EHBP1L1
gene_5437,EHBP1
gene_5438,EHD1
gene_5439,EHD2
gene_5440,EHD3
gene_5441,EHD4
gene_5442,EHF
gene_5443,EHHADH
gene_5444,EHMT1
gene_5445,EHMT2
gene_5446,EI24
gene_5447,EID1
gene_5448,EID2B
gene_5449,EID2
gene_5450,EID3
gene_5451,EIF1AD
gene_5452,EIF1AX
gene_5453,EIF1AY
gene_5454,EIF1B
gene_5455,EIF1
gene_5456,EIF2AK1
gene_5457,EIF2AK2
gene_5458,EIF2AK3
gene_5459,EIF2AK4
gene_5460,EIF2A
gene_5461,EIF2B1
gene_5462,EIF2B2
gene_5463,EIF2B3
gene_5464,EIF2B4
gene_5465,EIF2B5
gene_5466,EIF2C1
gene_5467,EIF2C2
gene_5468,EIF2C3
gene_5469,EIF2C4
gene_5470,EIF2S1
gene_5471,EIF2S2
gene_5472,EIF2S3
gene_5473,EIF3A
gene_5474,EIF3B
gene_5475,EIF3CL
gene_5476,EIF3C
gene_5477,EIF3D
gene_5478,EIF3E
gene_5479,EIF3F
gene_5480,EIF3G
gene_5481,EIF3H
gene_5482,EIF3IP1
gene_5483,EIF3I
gene_5484,EIF3J
gene_5485,EIF3K
gene_5486,EIF3L
gene_5487,EIF3M
gene_5488,EIF4A1
gene_5489,EIF4A2
gene_5490,EIF4A3
gene_5491,EIF4B
gene_5492,EIF4E1B
gene_5493,EIF4E2
gene_5494,EIF4E3
gene_5495,EIF4EBP1
gene_5496,EIF4EBP2
gene_5497,EIF4EBP3
gene_5498,EIF4ENIF1
gene_5499,EIF4E
gene_5500,EIF4G1
gene_5501,EIF4G2
gene_5502,EIF4G3
gene_5503,EIF4H
gene_5504,EIF5A2
gene_5505,EIF5AL1
gene_5506,EIF5A
gene_5507,EIF5B
gene_5508,EIF5
gene_5509,EIF6
gene_5510,ELAC1
gene_5511,ELAC2
gene_5512,ELANE
gene_5513,ELAVL1
gene_5514,ELAVL2
gene_5515,ELAVL3
gene_5516,ELAVL4
gene_5517,ELF1
gene_5518,ELF2
gene_5519,ELF3
gene_5520,ELF4
gene_5521,ELF5
gene_5522,ELFN1
gene_5523,ELFN2
gene_5524,ELK1
gene_5525,ELK3
gene_5526,ELK4
gene_5527,ELL2
gene_5528,ELL3
gene_5529,ELL
gene_5530,ELMO1
gene_5531,ELMO2
gene_5532,ELMO3
gene_5533,ELMOD1
gene_5534,ELMOD2
gene_5535,ELMOD3
gene_5536,ELN
gene_5537,ELOF1
gene_5538,ELOVL1
gene_5539,ELOVL2
gene_5540,ELOVL3
gene_5541,ELOVL4
gene_5542,ELOVL5
gene_5543,ELOVL6
gene_5544,ELOVL7
gene_5545,ELP2P
gene_5546,ELP2
gene_5547,ELP3
gene_5548,ELP4
gene_5549,ELSPBP1
gene_5550,ELTD1
gene_5551,EMB
gene_5552,EMCN
gene_5553,EMD
gene_5554,EME1
gene_5555,EME2
gene_5556,EMG1
gene_5557,EMID1
gene_5558,EMID2
gene_5559,EMILIN1
gene_5560,EMILIN2
gene_5561,EMILIN3
gene_5562,EML1
gene_5563,EML2
gene_5564,EML3
gene_5565,EML4
gene_5566,EML5
gene_5567,EML6
gene_5568,EMP1
gene_5569,EMP2
gene_5570,EMP3
gene_5571,EMR1
gene_5572,EMR2
gene_5573,EMR3
gene_5574,EMR4P
gene_5575,EMX1
gene_5576,EMX2OS
gene_5577,EMX2
gene_5578,EN1
gene_5579,EN2
gene_5580,ENAH
gene_5581,ENAM
gene_5582,ENC1
gene_5583,ENDOD1
gene_5584,ENDOG
gene_5585,ENDOU
gene_5586,ENGASE
gene_5587,ENG
gene_5588,ENHO
gene_5589,ENKUR
gene_5590,ENO1
gene_5591,ENO2
gene_5592,ENO3
gene_5593,ENOPH1
gene_5594,ENOSF1
gene_5595,ENOX1
gene_5596,ENOX2
gene_5597,ENPEP
gene_5598,ENPP1
gene_5599,ENPP2
gene_5600,ENPP3
gene_5601,ENPP4
gene_5602,ENPP5
gene_5603,ENPP6
gene_5604,ENPP7
gene_5605,ENSA
gene_5606,ENTHD1
gene_5607,ENTPD1
gene_5608,ENTPD2
gene_5609,ENTPD3
gene_5610,ENTPD4
gene_5611,ENTPD5
gene_5612,ENTPD6
gene_5613,ENTPD7
gene_5614,ENTPD8
gene_5615,ENY2
gene_5616,EOMES
gene_5617,EP300
gene_5618,EP400NL
gene_5619,EP400
gene_5620,EPAS1
gene_5621,EPB41L1
gene_5622,EPB41L2
gene_5623,EPB41L3
gene_5624,EPB41L4A
gene_5625,EPB41L4B
gene_5626,EPB41L5
gene_5627,EPB41
gene_5628,EPB42
gene_5629,EPB49
gene_5630,EPC1
gene_5631,EPC2
gene_5632,EPCAM
gene_5633,EPDR1
gene_5634,EPGN
gene_5635,EPHA10
gene_5636,EPHA1
gene_5637,EPHA2
gene_5638,EPHA3
gene_5639,EPHA4
gene_5640,EPHA5
gene_5641,EPHA6
gene_5642,EPHA7
gene_5643,EPHA8
gene_5644,EPHB1
gene_5645,EPHB2
gene_5646,EPHB3
gene_5647,EPHB4
gene_5648,EPHB6
gene_5649,EPHX1
gene_5650,EPHX2
gene_5651,EPHX3
gene_5652,EPHX4
gene_5653,EPM2AIP1
gene_5654,EPM2A
gene_5655,EPN1
gene_5656,EPN2
gene_5657,EPN3
gene_5658,EPOR
gene_5659,EPO
gene_5660,EPPK1
gene_5661,EPR1
gene_5662,EPRS
gene_5663,EPS15L1
gene_5664,EPS15
gene_5665,EPS8L1
gene_5666,EPS8L2
gene_5667,EPS8L3
gene_5668,EPS8
gene_5669,EPSTI1
gene_5670,EPT1
gene_5671,EPX
gene_5672,EPYC
gene_5673,ERAL1
gene_5674,ERAP1
gene_5675,ERAP2
gene_5676,ERAS
gene_5677,ERBB2IP
gene_5678,ERBB2
gene_5679,ERBB3
gene_5680,ERBB4
gene_5681,ERC1
gene_5682,ERC2
gene_5683,ERCC1
gene_5684,ERCC2
gene_5685,ERCC3
gene_5686,ERCC4
gene_5687,ERCC5
gene_5688,ERCC6L
gene_5689,ERCC6
gene_5690,ERCC8
gene_5691,EREG
gene_5692,ERF
gene_5693,ERGIC1
gene_5694,ERGIC2
gene_5695,ERGIC3
gene_5696,ERG
gene_5697,ERH
gene_5698,ERI1
gene_5699,ERI2
gene_5700,ERI3
gene_5701,ERICH1
gene_5702,ERLEC1
gene_5703,ERLIN1
gene_5704,ERLIN2
gene_5705,ERMAP
gene_5706,ERMN
gene_5707,ERMP1
gene_5708,ERN1
gene_5709,ERN2
gene_5710,ERO1LB
gene_5711,ERO1L
gene_5712,ERP27
gene_5713,ERP29
gene_5714,ERP44
gene_5715,ERRFI1
gene_5716,ERVFRDE1
gene_5717,ESAM
gene_5718,ESCO1
gene_5719,ESCO2
gene_5720,ESD
gene_5721,ESF1
gene_5722,ESM1
gene_5723,ESPL1
gene_5724,ESPNL
gene_5725,ESPNP
gene_5726,ESPN
gene_5727,ESR1
gene_5728,ESR2
gene_5729,ESRP1
gene_5730,ESRP2
gene_5731,ESRRA
gene_5732,ESRRB
gene_5733,ESRRG
gene_5734,ESX1
gene_5735,ESYT1
gene_5736,ESYT2
gene_5737,ESYT3
gene_5738,ETAA1
gene_5739,ETF1
gene_5740,ETFA
gene_5741,ETFB
gene_5742,ETFDH
gene_5743,ETHE1
gene_5744,ETNK1
gene_5745,ETNK2
gene_5746,ETS1
gene_5747,ETS2
gene_5748,ETV1
gene_5749,ETV2
gene_5750,ETV3L
gene_5751,ETV3
gene_5752,ETV4
gene_5753,ETV5
gene_5754,ETV6
gene_5755,ETV7
gene_5756,EVC2
gene_5757,EVC
gene_5758,EVI2A
gene_5759,EVI2B
gene_5760,EVI5L
gene_5761,EVI5
gene_5762,EVL
gene_5763,EVPLL
gene_5764,EVPL
gene_5765,EVX1
gene_5766,EVX2
gene_5767,EWSR1
gene_5768,EXD1
gene_5769,EXD2
gene_5770,EXD3
gene_5771,EXO1
gene_5772,EXOC1
gene_5773,EXOC2
gene_5774,EXOC3L2
gene_5775,EXOC3L
gene_5776,EXOC3
gene_5777,EXOC4
gene_5778,EXOC5
gene_5779,EXOC6B
gene_5780,EXOC6
gene_5781,EXOC7
gene_5782,EXOC8
gene_5783,EXOG
gene_5784,EXOSC10
gene_5785,EXOSC1
gene_5786,EXOSC2
gene_5787,EXOSC3
gene_5788,EXOSC4
gene_5789,EXOSC5
gene_5790,EXOSC6
gene_5791,EXOSC7
gene_5792,EXOSC8
gene_5793,EXOSC9
gene_5794,EXPH5
gene_5795,EXT1
gene_5796,EXT2
gene_5797,EXTL1
gene_5798,EXTL2
gene_5799,EXTL3
gene_5800,EYA1
gene_5801,EYA2
gene_5802,EYA3
gene_5803,EYA4
gene_5804,EYS
gene_5805,EZH1
gene_5806,EZH2
gene_5807,EZR
gene_5808,F10
gene_5809,F11R
gene_5810,F11
gene_5811,F12
gene_5812,F13A1
gene_5813,F13B
gene_5814,F2RL1
gene_5815,F2RL2
gene_5816,F2RL3
gene_5817,F2R
gene_5818,F2
gene_5819,F3
gene_5820,F5
gene_5821,F7
gene_5822,F8A1
gene_5823,F8
gene_5824,F9
gene_5825,FA2H
gene_5826,FAAH2
gene_5827,FAAH
gene_5828,FABP12
gene_5829,FABP1
gene_5830,FABP2
gene_5831,FABP3
gene_5832,FABP4
gene_5833,FABP5L3
gene_5834,FABP5
gene_5835,FABP6
gene_5836,FABP7
gene_5837,FABP9
gene_5838,FADD
gene_5839,FADS1
gene_5840,FADS2
gene_5841,FADS3
gene_5842,FADS6
gene_5843,FAF1
gene_5844,FAF2
gene_5845,FAHD1
gene_5846,FAHD2A
gene_5847,FAHD2B
gene_5848,FAH
gene_5849,FAIM2
gene_5850,FAIM3
gene_5851,FAIM
gene_5852,FAM100A
gene_5853,FAM100B
gene_5854,FAM101A
gene_5855,FAM101B
gene_5856,FAM102A
gene_5857,FAM102B
gene_5858,FAM103A1
gene_5859,FAM104A
gene_5860,FAM104B
gene_5861,FAM105A
gene_5862,FAM105B
gene_5863,FAM106A
gene_5864,FAM106C
gene_5865,FAM107A
gene_5866,FAM107B
gene_5867,FAM108A1
gene_5868,FAM108B1
gene_5869,FAM108C1
gene_5870,FAM109A
gene_5871,FAM109B
gene_5872,FAM10A4
gene_5873,FAM110A
gene_5874,FAM110B
gene_5875,FAM110C
gene_5876,FAM111A
gene_5877,FAM111B
gene_5878,FAM113A
gene_5879,FAM113B
gene_5880,FAM114A1
gene_5881,FAM114A2
gene_5882,FAM115A
gene_5883,FAM115C
gene_5884,FAM116A
gene_5885,FAM116B
gene_5886,FAM117A
gene_5887,FAM117B
gene_5888,FAM118A
gene_5889,FAM118B
gene_5890,FAM119A
gene_5891,FAM119B
gene_5892,FAM120AOS
gene_5893,FAM120A
gene_5894,FAM120B
gene_5895,FAM120C
gene_5896,FAM122A
gene_5897,FAM122B
gene_5898,FAM122C
gene_5899,FAM123A
gene_5900,FAM123B
gene_5901,FAM123C
gene_5902,FAM124A
gene_5903,FAM124B
gene_5904,FAM125A
gene_5905,FAM125B
gene_5906,FAM126A
gene_5907,FAM126B
gene_5908,FAM127A
gene_5909,FAM127B
gene_5910,FAM127C
gene_5911,FAM128A
gene_5912,FAM128B
gene_5913,FAM129A
gene_5914,FAM129B
gene_5915,FAM129C
gene_5916,FAM131A
gene_5917,FAM131B
gene_5918,FAM131C
gene_5919,FAM132A
gene_5920,FAM133A
gene_5921,FAM133B
gene_5922,FAM134A
gene_5923,FAM134B
gene_5924,FAM134C
gene_5925,FAM135A
gene_5926,FAM135B
gene_5927,FAM136A
gene_5928,FAM136B
gene_5929,FAM138B
gene_5930,FAM138D
gene_5931,FAM138E
gene_5932,FAM138F
gene_5933,FAM13AOS
gene_5934,FAM13A
gene_5935,FAM13B
gene_5936,FAM13C
gene_5937,FAM149A
gene_5938,FAM149B1
gene_5939,FAM150A
gene_5940,FAM150B
gene_5941,FAM151A
gene_5942,FAM151B
gene_5943,FAM153A
gene_5944,FAM153B
gene_5945,FAM153C
gene_5946,FAM154A
gene_5947,FAM154B
gene_5948,FAM155A
gene_5949,FAM155B
gene_5950,FAM156A
gene_5951,FAM157A
gene_5952,FAM157B
gene_5953,FAM158A
gene_5954,FAM159A
gene_5955,FAM160A1
gene_5956,FAM160A2
gene_5957,FAM160B1
gene_5958,FAM160B2
gene_5959,FAM161A
gene_5960,FAM161B
gene_5961,FAM162A
gene_5962,FAM162B
gene_5963,FAM163A
gene_5964,FAM163B
gene_5965,FAM164A
gene_5966,FAM164C
gene_5967,FAM165B
gene_5968,FAM166A
gene_5969,FAM166B
gene_5970,FAM167A
gene_5971,FAM167B
gene_5972,FAM168A
gene_5973,FAM168B
gene_5974,FAM169A
gene_5975,FAM169B
gene_5976,FAM170A
gene_5977,FAM170B
gene_5978,FAM171A1
gene_5979,FAM171A2
gene_5980,FAM171B
gene_5981,FAM172A
gene_5982,FAM173A
gene_5983,FAM173B
gene_5984,FAM174A
gene_5985,FAM174B
gene_5986,FAM175A
gene_5987,FAM175B
gene_5988,FAM176A
gene_5989,FAM176B
gene_5990,FAM177A1
gene_5991,FAM177B
gene_5992,FAM178A
gene_5993,FAM178B
gene_5994,FAM179A
gene_5995,FAM179B
gene_5996,FAM180A
gene_5997,FAM180B
gene_5998,FAM181A
gene_5999,FAM181B
gene_6000,FAM182A
gene_6001,FAM182B
gene_6002,FAM183A
gene_6003,FAM183B
gene_6004,FAM184A
gene_6005,FAM184B
gene_6006,FAM185A
gene_6007,FAM186A
gene_6008,FAM186B
gene_6009,FAM187B
gene_6010,FAM188A
gene_6011,FAM188B
gene_6012,FAM189A1
gene_6013,FAM189A2
gene_6014,FAM189B
gene_6015,FAM18A
gene_6016,FAM18B2
gene_6017,FAM18B
gene_6018,FAM190A
gene_6019,FAM190B
gene_6020,FAM192A
gene_6021,FAM193A
gene_6022,FAM193B
gene_6023,FAM194A
gene_6024,FAM194B
gene_6025,FAM195A
gene_6026,FAM195B
gene_6027,FAM196A
gene_6028,FAM196B
gene_6029,FAM197Y2
gene_6030,FAM198A
gene_6031,FAM198B
gene_6032,FAM199X
gene_6033,FAM19A1
gene_6034,FAM19A2
gene_6035,FAM19A3
gene_6036,FAM19A4
gene_6037,FAM19A5
gene_6038,FAM200A
gene_6039,FAM200B
gene_6040,FAM20A
gene_6041,FAM20B
gene_6042,FAM20C
gene_6043,FAM21A
gene_6044,FAM21B
gene_6045,FAM21C
gene_6046,FAM22A
gene_6047,FAM22D
gene_6048,FAM22F
gene_6049,FAM22G
gene_6050,FAM23A
gene_6051,FAM24A
gene_6052,FAM24B
gene_6053,FAM25A
gene_6054,FAM25B
gene_6055,FAM26D
gene_6056,FAM26E
gene_6057,FAM26F
gene_6058,FAM27A
gene_6059,FAM27B
gene_6060,FAM27C
gene_6061,FAM27L
gene_6062,FAM32A
gene_6063,FAM35A
gene_6064,FAM35B2
gene_6065,FAM35B
gene_6066,FAM36A
gene_6067,FAM38A
gene_6068,FAM38B
gene_6069,FAM3A
gene_6070,FAM3B
gene_6071,FAM3C
gene_6072,FAM3D
gene_6073,FAM40A
gene_6074,FAM40B
gene_6075,FAM41AY1
gene_6076,FAM41C
gene_6077,FAM43A
gene_6078,FAM43B
gene_6079,FAM45A
gene_6080,FAM45B
gene_6081,FAM46A
gene_6082,FAM46B
gene_6083,FAM46C
gene_6084,FAM46D
gene_6085,FAM47A
gene_6086,FAM47B
gene_6087,FAM47C
gene_6088,FAM47E
gene_6089,FAM48A
gene_6090,FAM48B1
gene_6091,FAM48B2
gene_6092,FAM49A
gene_6093,FAM49B
gene_6094,FAM50A
gene_6095,FAM50B
gene_6096,FAM53A
gene_6097,FAM53B
gene_6098,FAM53C
gene_6099,FAM54A
gene_6100,FAM54B
gene_6101,FAM55A
gene_6102,FAM55B
gene_6103,FAM55C
gene_6104,FAM55D
gene_6105,FAM57A
gene_6106,FAM57B
gene_6107,FAM58A
gene_6108,FAM58B
gene_6109,FAM59A
gene_6110,FAM5B
gene_6111,FAM5C
gene_6112,FAM60A
gene_6113,FAM63A
gene_6114,FAM63B
gene_6115,FAM64A
gene_6116,FAM65A
gene_6117,FAM65B
gene_6118,FAM65C
gene_6119,FAM66A
gene_6120,FAM66C
gene_6121,FAM66D
gene_6122,FAM66E
gene_6123,FAM69A
gene_6124,FAM69B
gene_6125,FAM69C
gene_6126,FAM70A
gene_6127,FAM70B
gene_6128,FAM71A
gene_6129,FAM71B
gene_6130,FAM71C
gene_6131,FAM71D
gene_6132,FAM71E1
gene_6133,FAM71E2
gene_6134,FAM71F1
gene_6135,FAM71F2
gene_6136,FAM72A
gene_6137,FAM72B
gene_6138,FAM72D
gene_6139,FAM73A
gene_6140,FAM73B
gene_6141,FAM74A1
gene_6142,FAM74A3
gene_6143,FAM74A4
gene_6144,FAM75A2
gene_6145,FAM75A3
gene_6146,FAM75A5
gene_6147,FAM75A6
gene_6148,FAM75C1
gene_6149,FAM76A
gene_6150,FAM76B
gene_6151,FAM78A
gene_6152,FAM78B
gene_6153,FAM7A2
gene_6154,FAM7A3
gene_6155,FAM81A
gene_6156,FAM81B
gene_6157,FAM82A1
gene_6158,FAM82A2
gene_6159,FAM82B
gene_6160,FAM83A
gene_6161,FAM83B
gene_6162,FAM83C
gene_6163,FAM83D
gene_6164,FAM83E
gene_6165,FAM83F
gene_6166,FAM83G
gene_6167,FAM83H
gene_6168,FAM84A
gene_6169,FAM84B
gene_6170,FAM86A
gene_6171,FAM86B1
gene_6172,FAM86B2
gene_6173,FAM86C
gene_6174,FAM86D
gene_6175,FAM89A
gene_6176,FAM89B
gene_6177,FAM8A1
gene_6178,FAM90A1
gene_6179,FAM90A7
gene_6180,FAM91A1
gene_6181,FAM92A1
gene_6182,FAM92A3
gene_6183,FAM92B
gene_6184,FAM95B1
gene_6185,FAM96A
gene_6186,FAM96B
gene_6187,FAM98A
gene_6188,FAM98B
gene_6189,FAM98C
gene_6190,FAM99A
gene_6191,FAM99B
gene_6192,FAM9A
gene_6193,FAM9B
gene_6194,FAM9C
gene_6195,FANCA
gene_6196,FANCB
gene_6197,FANCC
gene_6198,FANCD2
gene_6199,FANCE
gene_6200,FANCF
gene_6201,FANCG
gene_6202,FANCI
gene_6203,FANCL
gene_6204,FANCM
gene_6205,FANK1
gene_6206,FAP
gene_6207,FAR1
gene_6208,FAR2
gene_6209,FARP1
gene_6210,FARP2
gene_6211,FARS2
gene_6212,FARSA
gene_6213,FARSB
gene_6214,FASLG
gene_6215,FASN
gene_6216,FASTKD1
gene_6217,FASTKD2
gene_6218,FASTKD3
gene_6219,FASTKD5
gene_6220,FASTK
gene_6221,FAS
gene_6222,FAT1
gene_6223,FAT2
gene_6224,FAT3
gene_6225,FAT4
gene_6226,FATE1
gene_6227,FAU
gene_6228,FBF1
gene_6229,FBLIM1
gene_6230,FBLL1
gene_6231,FBLN1
gene_6232,FBLN2
gene_6233,FBLN5
gene_6234,FBLN7
gene_6235,FBL
gene_6236,FBN1
gene_6237,FBN2
gene_6238,FBN3
gene_6239,FBP1
gene_6240,FBP2
gene_6241,FBRSL1
gene_6242,FBRS
gene_6243,FBXL12
gene_6244,FBXL13
gene_6245,FBXL14
gene_6246,FBXL15
gene_6247,FBXL16
gene_6248,FBXL17
gene_6249,FBXL18
gene_6250,FBXL19
gene_6251,FBXL20
gene_6252,FBXL21
gene_6253,FBXL22
gene_6254,FBXL2
gene_6255,FBXL3
gene_6256,FBXL4
gene_6257,FBXL5
gene_6258,FBXL6
gene_6259,FBXL7
gene_6260,FBXL8
gene_6261,FBXO10
gene_6262,FBXO11
gene_6263,FBXO15
gene_6264,FBXO16
gene_6265,FBXO17
gene_6266,FBXO18
gene_6267,FBXO21
gene_6268,FBXO22OS
gene_6269,FBXO22
gene_6270,FBXO24
gene_6271,FBXO25
gene_6272,FBXO27
gene_6273,FBXO28
gene_6274,FBXO2
gene_6275,FBXO30
gene_6276,FBXO31
gene_6277,FBXO32
gene_6278,FBXO33
gene_6279,FBXO34
gene_6280,FBXO36
gene_6281,FBXO38
gene_6282,FBXO39
gene_6283,FBXO3
gene_6284,FBXO40
gene_6285,FBXO41
gene_6286,FBXO42
gene_6287,FBXO43
gene_6288,FBXO44
gene_6289,FBXO45
gene_6290,FBXO46
gene_6291,FBXO47
gene_6292,FBXO48
gene_6293,FBXO4
gene_6294,FBXO5
gene_6295,FBXO6
gene_6296,FBXO7
gene_6297,FBXO8
gene_6298,FBXO9
gene_6299,FBXW10
gene_6300,FBXW11
gene_6301,FBXW12
gene_6302,FBXW2
gene_6303,FBXW4
gene_6304,FBXW5
gene_6305,FBXW7
gene_6306,FBXW8
gene_6307,FBXW9
gene_6308,FCAMR
gene_6309,FCAR
gene_6310,FCER1A
gene_6311,FCER1G
gene_6312,FCER2
gene_6313,FCF1
gene_6314,FCGBP
gene_6315,FCGR1A
gene_6316,FCGR1B
gene_6317,FCGR1C
gene_6318,FCGR2A
gene_6319,FCGR2B
gene_6320,FCGR2C
gene_6321,FCGR3A
gene_6322,FCGR3B
gene_6323,FCGRT
gene_6324,FCHO1
gene_6325,FCHO2
gene_6326,FCHSD1
gene_6327,FCHSD2
gene_6328,FCN1
gene_6329,FCN2
gene_6330,FCN3
gene_6331,FCRL1
gene_6332,FCRL2
gene_6333,FCRL3
gene_6334,FCRL4
gene_6335,FCRL5
gene_6336,FCRL6
gene_6337,FCRLA
gene_6338,FCRLB
gene_6339,FDFT1
gene_6340,FDPSL2A
gene_6341,FDPS
gene_6342,FDX1L
gene_6343,FDX1
gene_6344,FDXACB1
gene_6345,FDXR
gene_6346,FECH
gene_6347,FEM1A
gene_6348,FEM1B
gene_6349,FEM1C
gene_6350,FEN1
gene_6351,FER1L4
gene_6352,FER1L5
gene_6353,FER1L6
gene_6354,FERD3L
gene_6355,FERMT1
gene_6356,FERMT2
gene_6357,FERMT3
gene_6358,FER
gene_6359,FES
gene_6360,FETUB
gene_6361,FEV
gene_6362,FEZ1
gene_6363,FEZ2
gene_6364,FEZF1
gene_6365,FEZF2
gene_6366,FFAR1
gene_6367,FFAR2
gene_6368,FFAR3
gene_6369,FGA
gene_6370,FGB
gene_6371,FGD1
gene_6372,FGD2
gene_6373,FGD3
gene_6374,FGD4
gene_6375,FGD5
gene_6376,FGD6
gene_6377,FGF10
gene_6378,FGF11
gene_6379,FGF12
gene_6380,FGF13
gene_6381,FGF14
gene_6382,FGF16
gene_6383,FGF17
gene_6384,FGF18
gene_6385,FGF19
gene_6386,FGF1
gene_6387,FGF20
gene_6388,FGF21
gene_6389,FGF22
gene_6390,FGF23
gene_6391,FGF2
gene_6392,FGF3
gene_6393,FGF4
gene_6394,FGF5
gene_6395,FGF6
gene_6396,FGF7
gene_6397,FGF8
gene_6398,FGF9
gene_6399,FGFBP1
gene_6400,FGFBP2
gene_6401,FGFBP3
gene_6402,FGFR1OP2
gene_6403,FGFR1OP
gene_6404,FGFR1
gene_6405,FGFR2
gene_6406,FGFR3
gene_6407,FGFR4
gene_6408,FGFRL1
gene_6409,FGGY
gene_6410,FGG
gene_6411,FGL1
gene_6412,FGL2
gene_6413,FGR
gene_6414,FHAD1
gene_6415,FHDC1
gene_6416,FHIT
gene_6417,FHL1
gene_6418,FHL2
gene_6419,FHL3
gene_6420,FHL5
gene_6421,FHOD1
gene_6422,FHOD3
gene_6423,FH
gene_6424,FIBCD1
gene_6425,FIBIN
gene_6426,FIBP
gene_6427,FICD
gene_6428,FIG4
gene_6429,FIGF
gene_6430,FIGLA
gene_6431,FIGNL1
gene_6432,FIGNL2
gene_6433,FIGN
gene_6434,FILIP1L
gene_6435,FILIP1
gene_6436,FIP1L1
gene_6437,FIS1
gene_6438,FITM1
gene_6439,FITM2
gene_6440,FIZ1
gene_6441,FJX1
gene_6442,FKBP10
gene_6443,FKBP11
gene_6444,FKBP14
gene_6445,FKBP15
gene_6446,FKBP1AP1
gene_6447,FKBP1A
gene_6448,FKBP1B
gene_6449,FKBP2
gene_6450,FKBP3
gene_6451,FKBP4
gene_6452,FKBP5
gene_6453,FKBP6
gene_6454,FKBP7
gene_6455,FKBP8
gene_6456,FKBP9L
gene_6457,FKBP9
gene_6458,FKBPL
gene_6459,FKRP
gene_6460,FKSG29
gene_6461,FKSG73
gene_6462,FKSG83
gene_6463,FKTN
gene_6464,FLAD1
gene_6465,FLCN
gene_6466,FLG2
gene_6467,FLG
gene_6468,FLI1
gene_6469,FLII
gene_6470,FLJ10038
gene_6471,FLJ10213
gene_6472,FLJ10357
gene_6473,FLJ10661
gene_6474,FLJ11235
gene_6475,FLJ12825
gene_6476,FLJ13197
gene_6477,FLJ13224
gene_6478,FLJ14107
gene_6479,FLJ16779
gene_6480,FLJ22536
gene_6481,FLJ23867
gene_6482,FLJ25328
gene_6483,FLJ25363
gene_6484,FLJ25758
gene_6485,FLJ26850
gene_6486,FLJ30679
gene_6487,FLJ32063
gene_6488,FLJ33360
gene_6489,FLJ33630
gene_6490,FLJ34503
gene_6491,FLJ35024
gene_6492,FLJ35220
gene_6493,FLJ35390
gene_6494,FLJ35776
gene_6495,FLJ36000
gene_6496,FLJ36031
gene_6497,FLJ36777
gene_6498,FLJ37201
gene_6499,FLJ37307
gene_6500,FLJ37453
gene_6501,FLJ37543
gene_6502,FLJ39582
gene_6503,FLJ39609
gene_6504,FLJ39653
gene_6505,FLJ39739
gene_6506,FLJ40292
gene_6507,FLJ40330
gene_6508,FLJ40434
gene_6509,FLJ40504
gene_6510,FLJ40852
gene_6511,FLJ41941
gene_6512,FLJ42289
gene_6513,FLJ42393
gene_6514,FLJ42627
gene_6515,FLJ42709
gene_6516,FLJ42875
gene_6517,FLJ43390
gene_6518,FLJ43663
gene_6519,FLJ43859
gene_6520,FLJ43860
gene_6521,FLJ43950
gene_6522,FLJ44054
gene_6523,FLJ44082
gene_6524,FLJ44606
gene_6525,FLJ44635
gene_6526,FLJ45079
gene_6527,FLJ45244
gene_6528,FLJ45340
gene_6529,FLJ45445
gene_6530,FLJ45983
gene_6531,FLJ46111
gene_6532,FLJ46321
gene_6533,FLJ46361
gene_6534,FLJ90757
gene_6535,FLNA
gene_6536,FLNB
gene_6537,FLNC
gene_6538,FLOT1
gene_6539,FLOT2
gene_6540,FLRT1
gene_6541,FLRT2
gene_6542,FLRT3
gene_6543,FLT1
gene_6544,FLT3LG
gene_6545,FLT3
gene_6546,FLT4
gene_6547,FLVCR1
gene_6548,FLVCR2
gene_6549,FLYWCH1
gene_6550,FLYWCH2
gene_6551,FMN1
gene_6552,FMN2
gene_6553,FMNL1
gene_6554,FMNL2
gene_6555,FMNL3
gene_6556,FMO1
gene_6557,FMO2
gene_6558,FMO3
gene_6559,FMO4
gene_6560,FMO5
gene_6561,FMO6P
gene_6562,FMO9P
gene_6563,FMOD
gene_6564,FMR1NB
gene_6565,FMR1
gene_6566,FN1
gene_6567,FN3KRP
gene_6568,FN3K
gene_6569,FNBP1L
gene_6570,FNBP1
gene_6571,FNBP4
gene_6572,FNDC1
gene_6573,FNDC3A
gene_6574,FNDC3B
gene_6575,FNDC4
gene_6576,FNDC5
gene_6577,FNDC7
gene_6578,FNDC8
gene_6579,FNIP1
gene_6580,FNIP2
gene_6581,FNTA
gene_6582,FNTB
gene_6583,FOLH1B
gene_6584,FOLH1
gene_6585,FOLR1
gene_6586,FOLR2
gene_6587,FOLR3
gene_6588,FOLR4
gene_6589,FOSB
gene_6590,FOSL1
gene_6591,FOSL2
gene_6592,FOS
gene_6593,FOXA1
gene_6594,FOXA2
gene_6595,FOXA3
gene_6596,FOXB1
gene_6597,FOXB2
gene_6598,FOXC1
gene_6599,FOXC2
gene_6600,FOXD1
gene_6601,FOXD2
gene_6602,FOXD3
gene_6603,FOXD4L1
gene_6604,FOXD4L2
gene_6605,FOXD4L3
gene_6606,FOXD4L5
gene_6607,FOXD4L6
gene_6608,FOXD4
gene_6609,FOXE1
gene_6610,FOXE3
gene_6611,FOXF1
gene_6612,FOXF2
gene_6613,FOXG1
gene_6614,FOXH1
gene_6615,FOXI1
gene_6616,FOXI2
gene_6617,FOXI3
gene_6618,FOXJ1
gene_6619,FOXJ2
gene_6620,FOXJ3
gene_6621,FOXK1
gene_6622,FOXK2
gene_6623,FOXL1
gene_6624,FOXL2
gene_6625,FOXM1
gene_6626,FOXN1
gene_6627,FOXN2
gene_6628,FOXN3
gene_6629,FOXN4
gene_6630,FOXO1
gene_6631,FOXO3B
gene_6632,FOXO3
gene_6633,FOXO4
gene_6634,FOXP1
gene_6635,FOXP2
gene_6636,FOXP3
gene_6637,FOXP4
gene_6638,FOXQ1
gene_6639,FOXR1
gene_6640,FOXR2
gene_6641,FOXRED1
gene_6642,FOXRED2
gene_6643,FOXS1
gene_6644,FPGS
gene_6645,FPGT
gene_6646,FPR1
gene_6647,FPR2
gene_6648,FPR3
gene_6649,FRAS1
gene_6650,FRAT1
gene_6651,FRAT2
gene_6652,FREM1
gene_6653,FREM2
gene_6654,FRG1B
gene_6655,FRG1
gene_6656,FRG2B
gene_6657,FRG2C
gene_6658,FRG2
gene_6659,FRK
gene_6660,FRMD1
gene_6661,FRMD3
gene_6662,FRMD4A
gene_6663,FRMD4B
gene_6664,FRMD5
gene_6665,FRMD6
gene_6666,FRMD7
gene_6667,FRMD8
gene_6668,FRMPD1
gene_6669,FRMPD2L1
gene_6670,FRMPD2
gene_6671,FRMPD4
gene_6672,FRRS1
gene_6673,FRS2
gene_6674,FRS3
gene_6675,FRYL
gene_6676,FRY
gene_6677,FRZB
gene_6678,FSCB
gene_6679,FSCN1
gene_6680,FSCN2
gene_6681,FSCN3
gene_6682,FSD1L
gene_6683,FSD1
gene_6684,FSD2
gene_6685,FSHB
gene_6686,FSHR
gene_6687,FSIP1
gene_6688,FSTL1
gene_6689,FSTL3
gene_6690,FSTL4
gene_6691,FSTL5
gene_6692,FST
gene_6693,FTCD
gene_6694,FTH1
gene_6695,FTHL17
gene_6696,FTHL3
gene_6697,FTLP10
gene_6698,FTL
gene_6699,FTMT
gene_6700,FTO
gene_6701,FTSJ1
gene_6702,FTSJ2
gene_6703,FTSJ3
gene_6704,FTSJD1
gene_6705,FTSJD2
gene_6706,FUBP1
gene_6707,FUBP3
gene_6708,FUCA1
gene_6709,FUCA2
gene_6710,FUK
gene_6711,FUNDC1
gene_6712,FUNDC2P2
gene_6713,FUNDC2
gene_6714,FURIN
gene_6715,FUS
gene_6716,FUT10
gene_6717,FUT11
gene_6718,FUT1
gene_6719,FUT2
gene_6720,FUT3
gene_6721,FUT4
gene_6722,FUT5
gene_6723,FUT6
gene_6724,FUT7
gene_6725,FUT8
gene_6726,FUT9
gene_6727,FUZ
gene_6728,FXC1
gene_6729,FXN
gene_6730,FXR1
gene_6731,FXR2
gene_6732,FXYD1
gene_6733,FXYD2
gene_6734,FXYD3
gene_6735,FXYD4
gene_6736,FXYD5
gene_6737,FXYD6
gene_6738,FXYD7
gene_6739,FYB
gene_6740,FYCO1
gene_6741,FYN
gene_6742,FYTTD1
gene_6743,FZD10
gene_6744,FZD1
gene_6745,FZD2
gene_6746,FZD3
gene_6747,FZD4
gene_6748,FZD5
gene_6749,FZD6
gene_6750,FZD7
gene_6751,FZD8
gene_6752,FZD9
gene_6753,FZR1
gene_6754,G0S2
gene_6755,G2E3
gene_6756,G3BP1
gene_6757,G3BP2
gene_6758,G6PC2
gene_6759,G6PC3
gene_6760,G6PC
gene_6761,G6PD
gene_6762,GAA
gene_6763,GAB1
gene_6764,GAB2
gene_6765,GAB3
gene_6766,GAB4
gene_6767,GABARAPL1
gene_6768,GABARAPL2
gene_6769,GABARAPL3
gene_6770,GABARAP
gene_6771,GABBR1
gene_6772,GABBR2
gene_6773,GABPA
gene_6774,GABPB1
gene_6775,GABPB2
gene_6776,GABRA1
gene_6777,GABRA2
gene_6778,GABRA3
gene_6779,GABRA4
gene_6780,GABRA5
gene_6781,GABRA6
gene_6782,GABRB1
gene_6783,GABRB2
gene_6784,GABRB3
gene_6785,GABRD
gene_6786,GABRE
gene_6787,GABRG1
gene_6788,GABRG2
gene_6789,GABRG3
gene_6790,GABRP
gene_6791,GABRQ
gene_6792,GABRR1
gene_6793,GABRR2
gene_6794,GABRR3
gene_6795,GAD1
gene_6796,GAD2
gene_6797,GADD45A
gene_6798,GADD45B
gene_6799,GADD45GIP1
gene_6800,GADD45G
gene_6801,GADL1
gene_6802,GAGE10
gene_6803,GAGE12D
gene_6804,GAGE12F
gene_6805,GAGE12J
gene_6806,GAGE13
gene_6807,GAGE1
gene_6808,GAGE2A
gene_6809,GAGE2B
gene_6810,GAGE2C
gene_6811,GAGE2D
gene_6812,GAGE2E
gene_6813,GAGE4
gene_6814,GAGE8
gene_6815,GAK
gene_6816,GAL3ST1
gene_6817,GAL3ST2
gene_6818,GAL3ST3
gene_6819,GAL3ST4
gene_6820,GALC
gene_6821,GALE
gene_6822,GALK1
gene_6823,GALK2
gene_6824,GALM
gene_6825,GALNS
gene_6826,GALNT10
gene_6827,GALNT11
gene_6828,GALNT12
gene_6829,GALNT13
gene_6830,GALNT14
gene_6831,GALNT1
gene_6832,GALNT2
gene_6833,GALNT3
gene_6834,GALNT4
gene_6835,GALNT5
gene_6836,GALNT6
gene_6837,GALNT7
gene_6838,GALNT8
gene_6839,GALNT9
gene_6840,GALNTL1
gene_6841,GALNTL2
gene_6842,GALNTL4
gene_6843,GALNTL5
gene_6844,GALNTL6
gene_6845,GALP
gene_6846,GALR1
gene_6847,GALR2
gene_6848,GALR3
gene_6849,GALT
gene_6850,GAL
gene_6851,GAMT
gene_6852,GANAB
gene_6853,GANC
gene_6854,GAN
gene_6855,GAP43
gene_6856,GAPDHS
gene_6857,GAPDH
gene_6858,GAPT
gene_6859,GAPVD1
gene_6860,GAR1
gene_6861,GARNL3
gene_6862,GARS
gene_6863,GART
gene_6864,GAS1
gene_6865,GAS2L1
gene_6866,GAS2L2
gene_6867,GAS2L3
gene_6868,GAS2
gene_6869,GAS5
gene_6870,GAS6
gene_6871,GAS7
gene_6872,GAS8
gene_6873,GAST
gene_6874,GATA1
gene_6875,GATA2
gene_6876,GATA3
gene_6877,GATA4
gene_6878,GATA5
gene_6879,GATA6
gene_6880,GATAD1
gene_6881,GATAD2A
gene_6882,GATAD2B
gene_6883,GATC
gene_6884,GATM
gene_6885,GATSL1
gene_6886,GATSL2
gene_6887,GATSL3
gene_6888,GATS
gene_6889,GBA2
gene_6890,GBA3
gene_6891,GBAP1
gene_6892,GBAS
gene_6893,GBA
gene_6894,GBE1
gene_6895,GBF1
gene_6896,GBGT1
gene_6897,GBP1
gene_6898,GBP2
gene_6899,GBP3
gene_6900,GBP4
gene_6901,GBP5
gene_6902,GBP6
gene_6903,GBP7
gene_6904,GBX1
gene_6905,GBX2
gene_6906,GCAT
gene_6907,GCA
gene_6908,GCC1
gene_6909,GCC2
gene_6910,GCDH
gene_6911,GCET2
gene_6912,GCFC1
gene_6913,GCGR
gene_6914,GCG
gene_6915,GCH1
gene_6916,GCHFR
gene_6917,GCKR
gene_6918,GCK
gene_6919,GCLC
gene_6920,GCLM
gene_6921,GCM1
gene_6922,GCM2
gene_6923,GCN1L1
gene_6924,GCNT1
gene_6925,GCNT2
gene_6926,GCNT3
gene_6927,GCNT4
gene_6928,GCNT7
gene_6929,GCOM1
gene_6930,GCSH
gene_6931,GC
gene_6932,GDAP1L1
gene_6933,GDAP1
gene_6934,GDAP2
gene_6935,GDA
gene_6936,GDE1
gene_6937,GDEP
gene_6938,GDF10
gene_6939,GDF11
gene_6940,GDF15
gene_6941,GDF1
gene_6942,GDF2
gene_6943,GDF3
gene_6944,GDF5
gene_6945,GDF6
gene_6946,GDF7
gene_6947,GDF9
gene_6948,GDI1
gene_6949,GDI2
gene_6950,GDNF
gene_6951,GDPD1
gene_6952,GDPD2
gene_6953,GDPD3
gene_6954,GDPD4
gene_6955,GDPD5
gene_6956,GEFT
gene_6957,GEMIN4
gene_6958,GEMIN5
gene_6959,GEMIN6
gene_6960,GEMIN7
gene_6961,GEMIN8P4
gene_6962,GEMIN8
gene_6963,GEM
gene_6964,GEN1
gene_6965,GET4
gene_6966,GFAP
gene_6967,GFER
gene_6968,GFI1B
gene_6969,GFI1
gene_6970,GFM1
gene_6971,GFM2
gene_6972,GFOD1
gene_6973,GFOD2
gene_6974,GFPT1
gene_6975,GFPT2
gene_6976,GFRA1
gene_6977,GFRA2
gene_6978,GFRA3
gene_6979,GFRA4
gene_6980,GFRAL
gene_6981,GGA1
gene_6982,GGA2
gene_6983,GGA3
gene_6984,GGCT
gene_6985,GGCX
gene_6986,GGH
gene_6987,GGNBP1
gene_6988,GGNBP2
gene_6989,GGN
gene_6990,GGPS1
gene_6991,GGT1
gene_6992,GGT3P
gene_6993,GGT5
gene_6994,GGT6
gene_6995,GGT7
gene_6996,GGT8P
gene_6997,GGTA1
gene_6998,GGTLC1
gene_6999,GGTLC2
gene_7000,GH1
gene_7001,GH2
gene_7002,GHDC
gene_7003,GHITM
gene_7004,GHRHR
gene_7005,GHRH
gene_7006,GHRLOS
gene_7007,GHRL
gene_7008,GHR
gene_7009,GHSR
gene_7010,GIF
gene_7011,GIGYF1
gene_7012,GIGYF2
gene_7013,GIMAP1
gene_7014,GIMAP2
gene_7015,GIMAP4
gene_7016,GIMAP5
gene_7017,GIMAP6
gene_7018,GIMAP7
gene_7019,GIMAP8
gene_7020,GIN1
gene_7021,GINS1
gene_7022,GINS2
gene_7023,GINS3
gene_7024,GINS4
gene_7025,GIPC1
gene_7026,GIPC2
gene_7027,GIPC3
gene_7028,GIPR
gene_7029,GIP
gene_7030,GIT1
gene_7031,GIT2
gene_7032,GIYD2
gene_7033,GJA10
gene_7034,GJA1
gene_7035,GJA3
gene_7036,GJA4
gene_7037,GJA5
gene_7038,GJA8
gene_7039,GJA9
gene_7040,GJB1
gene_7041,GJB2
gene_7042,GJB3
gene_7043,GJB4
gene_7044,GJB5
gene_7045,GJB6
gene_7046,GJB7
gene_7047,GJC1
gene_7048,GJC2
gene_7049,GJC3
gene_7050,GJD2
gene_7051,GJD3
gene_7052,GJD4
gene_7053,GK2
gene_7054,GK3P
gene_7055,GK5
gene_7056,GKAP1
gene_7057,GKN1
gene_7058,GKN2
gene_7059,GK
gene_7060,GLA
gene_7061,GLB1L2
gene_7062,GLB1L3
gene_7063,GLB1L
gene_7064,GLB1
gene_7065,GLCCI1
gene_7066,GLCE
gene_7067,GLDC
gene_7068,GLDN
gene_7069,GLE1
gene_7070,GLG1
gene_7071,GLI1
gene_7072,GLI2
gene_7073,GLI3
gene_7074,GLI4
gene_7075,GLIPR1L1
gene_7076,GLIPR1L2
gene_7077,GLIPR1
gene_7078,GLIPR2
gene_7079,GLIS1
gene_7080,GLIS2
gene_7081,GLIS3
gene_7082,GLMN
gene_7083,GLO1
gene_7084,GLOD4
gene_7085,GLOD5
gene_7086,GLP1R
gene_7087,GLP2R
gene_7088,GLRA1
gene_7089,GLRA2
gene_7090,GLRA3
gene_7091,GLRA4
gene_7092,GLRB
gene_7093,GLRX2
gene_7094,GLRX3
gene_7095,GLRX5
gene_7096,GLRX
gene_7097,GLS2
gene_7098,GLS
gene_7099,GLT1D1
gene_7100,GLT25D1
gene_7101,GLT25D2
gene_7102,GLT6D1
gene_7103,GLT8D1
gene_7104,GLT8D2
gene_7105,GLTPD1
gene_7106,GLTPD2
gene_7107,GLTP
gene_7108,GLTSCR1
gene_7109,GLTSCR2
gene_7110,GLUD1
gene_7111,GLUD2
gene_7112,GLUL
gene_7113,GLYATL1
gene_7114,GLYATL2
gene_7115,GLYATL3
gene_7116,GLYAT
gene_7117,GLYCAM1
gene_7118,GLYCTK
gene_7119,GLYR1
gene_7120,GM2A
gene_7121,GMCL1L
gene_7122,GMCL1
gene_7123,GMDS
gene_7124,GMEB1
gene_7125,GMEB2
gene_7126,GMFB
gene_7127,GMFG
gene_7128,GMIP
gene_7129,GML
gene_7130,GMNN
gene_7131,GMPPA
gene_7132,GMPPB
gene_7133,GMPR2
gene_7134,GMPR
gene_7135,GMPS
gene_7136,GNA11
gene_7137,GNA12
gene_7138,GNA13
gene_7139,GNA14
gene_7140,GNA15
gene_7141,GNAI1
gene_7142,GNAI2
gene_7143,GNAI3
gene_7144,GNAL
gene_7145,GNAO1
gene_7146,GNAQ
gene_7147,GNASAS
gene_7148,GNAS
gene_7149,GNAT1
gene_7150,GNAT2
gene_7151,GNAT3
gene_7152,GNAZ
gene_7153,GNB1L
gene_7154,GNB1
gene_7155,GNB2L1
gene_7156,GNB2
gene_7157,GNB3
gene_7158,GNB4
gene_7159,GNB5
gene_7160,GNE
gene_7161,GNG10
gene_7162,GNG11
gene_7163,GNG12
gene_7164,GNG13
gene_7165,GNG2
gene_7166,GNG3
gene_7167,GNG4
gene_7168,GNG5
gene_7169,GNG7
gene_7170,GNG8
gene_7171,GNGT1
gene_7172,GNGT2
gene_7173,GNL1
gene_7174,GNL2
gene_7175,GNL3L
gene_7176,GNL3
gene_7177,GNLY
gene_7178,GNMT
gene_7179,GNPAT
gene_7180,GNPDA1
gene_7181,GNPDA2
gene_7182,GNPNAT1
gene_7183,GNPTAB
gene_7184,GNPTG
gene_7185,GNRH1
gene_7186,GNRH2
gene_7187,GNRHR2
gene_7188,GNRHR
gene_7189,GNS
gene_7190,GOLGA1
gene_7191,GOLGA2B
gene_7192,GOLGA2P3
gene_7193,GOLGA2
gene_7194,GOLGA3
gene_7195,GOLGA4
gene_7196,GOLGA5
gene_7197,GOLGA6A
gene_7198,GOLGA6B
gene_7199,GOLGA6C
gene_7200,GOLGA6D
gene_7201,GOLGA6L10
gene_7202,GOLGA6L1
gene_7203,GOLGA6L5
gene_7204,GOLGA6L6
gene_7205,GOLGA6L9
gene_7206,GOLGA7B
gene_7207,GOLGA7
gene_7208,GOLGA8A
gene_7209,GOLGA8B
gene_7210,GOLGA8C
gene_7211,GOLGA8DP
gene_7212,GOLGA8E
gene_7213,GOLGA8F
gene_7214,GOLGA8G
gene_7215,GOLGA9P
gene_7216,GOLGB1
gene_7217,GOLIM4
gene_7218,GOLM1
gene_7219,GOLPH3L
gene_7220,GOLPH3
gene_7221,GOLT1A
gene_7222,GOLT1B
gene_7223,GON4L
gene_7224,GOPC
gene_7225,GORAB
gene_7226,GORASP1
gene_7227,GORASP2
gene_7228,GOSR1
gene_7229,GOSR2
gene_7230,GOT1L1
gene_7231,GOT1
gene_7232,GOT2
gene_7233,GP1BA
gene_7234,GP2
gene_7235,GP5
gene_7236,GP6
gene_7237,GP9
gene_7238,GPA33
gene_7239,GPAA1
gene_7240,GPAM
gene_7241,GPAT2
gene_7242,GPATCH1
gene_7243,GPATCH2
gene_7244,GPATCH3
gene_7245,GPATCH4
gene_7246,GPATCH8
gene_7247,GPBAR1
gene_7248,GPBP1L1
gene_7249,GPBP1
gene_7250,GPC1
gene_7251,GPC2
gene_7252,GPC3
gene_7253,GPC4
gene_7254,GPC5
gene_7255,GPC6
gene_7256,GPCPD1
gene_7257,GPD1L
gene_7258,GPD1
gene_7259,GPD2
gene_7260,GPER
gene_7261,GPHA2
gene_7262,GPHB5
gene_7263,GPHN
gene_7264,GPIHBP1
gene_7265,GPI
gene_7266,GPKOW
gene_7267,GPLD1
gene_7268,GPM6A
gene_7269,GPM6B
gene_7270,GPN1
gene_7271,GPN2
gene_7272,GPN3
gene_7273,GPNMB
gene_7274,GPR101
gene_7275,GPR107
gene_7276,GPR108
gene_7277,GPR109A
gene_7278,GPR109B
gene_7279,GPR110
gene_7280,GPR111
gene_7281,GPR112
gene_7282,GPR113
gene_7283,GPR114
gene_7284,GPR115
gene_7285,GPR116
gene_7286,GPR119
gene_7287,GPR120
gene_7288,GPR123
gene_7289,GPR124
gene_7290,GPR125
gene_7291,GPR126
gene_7292,GPR128
gene_7293,GPR12
gene_7294,GPR132
gene_7295,GPR133
gene_7296,GPR135
gene_7297,GPR137B
gene_7298,GPR137C
gene_7299,GPR137
gene_7300,GPR139
gene_7301,GPR141
gene_7302,GPR142
gene_7303,GPR143
gene_7304,GPR144
gene_7305,GPR146
gene_7306,GPR148
gene_7307,GPR149
gene_7308,GPR150
gene_7309,GPR151
gene_7310,GPR152
gene_7311,GPR153
gene_7312,GPR155
gene_7313,GPR156
gene_7314,GPR157
gene_7315,GPR158
gene_7316,GPR15
gene_7317,GPR160
gene_7318,GPR161
gene_7319,GPR162
gene_7320,GPR171
gene_7321,GPR172A
gene_7322,GPR172B
gene_7323,GPR173
gene_7324,GPR174
gene_7325,GPR176
gene_7326,GPR179
gene_7327,GPR17
gene_7328,GPR180
gene_7329,GPR182
gene_7330,GPR183
gene_7331,GPR18
gene_7332,GPR19
gene_7333,GPR1
gene_7334,GPR20
gene_7335,GPR21
gene_7336,GPR22
gene_7337,GPR25
gene_7338,GPR26
gene_7339,GPR27
gene_7340,GPR31
gene_7341,GPR32
gene_7342,GPR34
gene_7343,GPR35
gene_7344,GPR37L1
gene_7345,GPR37
gene_7346,GPR39
gene_7347,GPR3
gene_7348,GPR44
gene_7349,GPR45
gene_7350,GPR4
gene_7351,GPR50
gene_7352,GPR52
gene_7353,GPR55
gene_7354,GPR56
gene_7355,GPR61
gene_7356,GPR62
gene_7357,GPR63
gene_7358,GPR64
gene_7359,GPR65
gene_7360,GPR68
gene_7361,GPR6
gene_7362,GPR75
gene_7363,GPR77
gene_7364,GPR78
gene_7365,GPR81
gene_7366,GPR82
gene_7367,GPR83
gene_7368,GPR84
gene_7369,GPR85
gene_7370,GPR87
gene_7371,GPR88
gene_7372,GPR89A
gene_7373,GPR89B
gene_7374,GPR89C
gene_7375,GPR97
gene_7376,GPR98
gene_7377,GPRASP1
gene_7378,GPRASP2
gene_7379,GPRC5A
gene_7380,GPRC5B
gene_7381,GPRC5C
gene_7382,GPRC5D
gene_7383,GPRC6A
gene_7384,GPRIN1
gene_7385,GPRIN2
gene_7386,GPRIN3
gene_7387,GPS1
gene_7388,GPS2
gene_7389,GPSM1
gene_7390,GPSM2
gene_7391,GPSM3
gene_7392,GPT2
gene_7393,GPT
gene_7394,GPX1
gene_7395,GPX2
gene_7396,GPX3
gene_7397,GPX4
gene_7398,GPX5
gene_7399,GPX6
gene_7400,GPX7
gene_7401,GPX8
gene_7402,GRAMD1A
gene_7403,GRAMD1B
gene_7404,GRAMD1C
gene_7405,GRAMD2
gene_7406,GRAMD3
gene_7407,GRAMD4
gene_7408,GRAP2
gene_7409,GRAPL
gene_7410,GRAP
gene_7411,GRASP
gene_7412,GRB10
gene_7413,GRB14
gene_7414,GRB2
gene_7415,GRB7
gene_7416,GREB1L
gene_7417,GREB1
gene_7418,GREM1
gene_7419,GREM2
gene_7420,GRHL1
gene_7421,GRHL2
gene_7422,GRHL3
gene_7423,GRHPR
gene_7424,GRIA1
gene_7425,GRIA2
gene_7426,GRIA3
gene_7427,GRIA4
gene_7428,GRID1
gene_7429,GRID2IP
gene_7430,GRID2
gene_7431,GRIK1
gene_7432,GRIK2
gene_7433,GRIK3
gene_7434,GRIK4
gene_7435,GRIK5
gene_7436,GRIN1
gene_7437,GRIN2A
gene_7438,GRIN2B
gene_7439,GRIN2C
gene_7440,GRIN2D
gene_7441,GRIN3A
gene_7442,GRIN3B
gene_7443,GRINA
gene_7444,GRINL1A
gene_7445,GRIP1
gene_7446,GRIP2
gene_7447,GRIPAP1
gene_7448,GRK1
gene_7449,GRK4
gene_7450,GRK5
gene_7451,GRK6
gene_7452,GRK7
gene_7453,GRLF1
gene_7454,GRM1
gene_7455,GRM2
gene_7456,GRM3
gene_7457,GRM4
gene_7458,GRM5
gene_7459,GRM6
gene_7460,GRM7
gene_7461,GRM8
gene_7462,GRN
gene_7463,GRPEL1
gene_7464,GRPEL2
gene_7465,GRPR
gene_7466,GRP
gene_7467,GRRP1
gene_7468,GRSF1
gene_7469,GRTP1
gene_7470,GRWD1
gene_7471,GRXCR1
gene_7472,GRXCR2
gene_7473,GSC2
gene_7474,GSC
gene_7475,GSDMA
gene_7476,GSDMB
gene_7477,GSDMC
gene_7478,GSDMD
gene_7479,GSG1L
gene_7480,GSG1
gene_7481,GSG2
gene_7482,GSK3A
gene_7483,GSK3B
gene_7484,GSN
gene_7485,GSPT1
gene_7486,GSPT2
gene_7487,GSR
gene_7488,GSS
gene_7489,GSTA1
gene_7490,GSTA2
gene_7491,GSTA3
gene_7492,GSTA4
gene_7493,GSTA5
gene_7494,GSTCD
gene_7495,GSTK1
gene_7496,GSTM1
gene_7497,GSTM2P1
gene_7498,GSTM2
gene_7499,GSTM3
gene_7500,GSTM4
gene_7501,GSTM5
gene_7502,GSTO1
gene_7503,GSTO2
gene_7504,GSTP1
gene_7505,GSTT1
gene_7506,GSTT2
gene_7507,GSTTP1
gene_7508,GSTTP2
gene_7509,GSTZ1
gene_7510,GSX1
gene_7511,GSX2
gene_7512,GTDC1
gene_7513,GTF2A1L
gene_7514,GTF2A1
gene_7515,GTF2A2
gene_7516,GTF2B
gene_7517,GTF2E1
gene_7518,GTF2E2
gene_7519,GTF2F1
gene_7520,GTF2F2
gene_7521,GTF2H1
gene_7522,GTF2H2B
gene_7523,GTF2H2C
gene_7524,GTF2H2
gene_7525,GTF2H3
gene_7526,GTF2H4
gene_7527,GTF2H5
gene_7528,GTF2IP1
gene_7529,GTF2IRD1
gene_7530,GTF2IRD2B
gene_7531,GTF2IRD2P1
gene_7532,GTF2IRD2
gene_7533,GTF2I
gene_7534,GTF3A
gene_7535,GTF3C1
gene_7536,GTF3C2
gene_7537,GTF3C3
gene_7538,GTF3C4
gene_7539,GTF3C5
gene_7540,GTF3C6
gene_7541,GTPBP10
gene_7542,GTPBP1
gene_7543,GTPBP2
gene_7544,GTPBP3
gene_7545,GTPBP4
gene_7546,GTPBP5
gene_7547,GTPBP8
gene_7548,GTSE1
gene_7549,GTSF1L
gene_7550,GTSF1
gene_7551,GUCA1A
gene_7552,GUCA1B
gene_7553,GUCA1C
gene_7554,GUCA2A
gene_7555,GUCA2B
gene_7556,GUCY1A2
gene_7557,GUCY1A3
gene_7558,GUCY1B2
gene_7559,GUCY1B3
gene_7560,GUCY2C
gene_7561,GUCY2D
gene_7562,GUCY2E
gene_7563,GUCY2F
gene_7564,GUCY2GP
gene_7565,GUF1
gene_7566,GUK1
gene_7567,GULP1
gene_7568,GUSBL1
gene_7569,GUSBL2
gene_7570,GUSBP1
gene_7571,GUSBP3
gene_7572,GUSB
gene_7573,GVIN1
gene_7574,GXYLT1
gene_7575,GXYLT2
gene_7576,GYG1
gene_7577,GYG2
gene_7578,GYLTL1B
gene_7579,GYPA
gene_7580,GYPB
gene_7581,GYPC
gene_7582,GYPE
gene_7583,GYS1
gene_7584,GYS2
gene_7585,GZF1
gene_7586,GZMA
gene_7587,GZMB
gene_7588,GZMH
gene_7589,GZMK
gene_7590,GZMM
gene_7591,H19
gene_7592,H1F0
gene_7593,H1FNT
gene_7594,H1FOO
gene_7595,H1FX
gene_7596,H2AFB1
gene_7597,H2AFJ
gene_7598,H2AFV
gene_7599,H2AFX
gene_7600,H2AFY2
gene_7601,H2AFY
gene_7602,H2AFZ
gene_7603,H2BFM
gene_7604,H2BFWT
gene_7605,H2BFXP
gene_7606,H3F3A
gene_7607,H3F3B
gene_7608,H3F3C
gene_7609,H6PD
gene_7610,HAAO
gene_7611,HABP2
gene_7612,HABP4
gene_7613,HACE1
gene_7614,HACL1
gene_7615,HADHA
gene_7616,HADHB
gene_7617,HADH
gene_7618,HAGHL
gene_7619,HAGH
gene_7620,HAL
gene_7621,HAMP
gene_7622,HAND1
gene_7623,HAND2
gene_7624,HAO1
gene_7625,HAO2
gene_7626,HAP1
gene_7627,HAPLN1
gene_7628,HAPLN2
gene_7629,HAPLN3
gene_7630,HAPLN4
gene_7631,HAR1A
gene_7632,HAR1B
gene_7633,HARBI1
gene_7634,HARS2
gene_7635,HARS
gene_7636,HAS1
gene_7637,HAS2AS
gene_7638,HAS2
gene_7639,HAS3
gene_7640,HAT1
gene_7641,HAUS1
gene_7642,HAUS2
gene_7643,HAUS3
gene_7644,HAUS4
gene_7645,HAUS5
gene_7646,HAUS6
gene_7647,HAUS7
gene_7648,HAUS8
gene_7649,HAVCR1
gene_7650,HAVCR2
gene_7651,HAX1
gene_7652,HBA1
gene_7653,HBA2
gene_7654,HBBP1
gene_7655,HBB
gene_7656,HBD
gene_7657,HBE1
gene_7658,HBEGF
gene_7659,HBG1
gene_7660,HBG2
gene_7661,HBII-52-24
gene_7662,HBII-52-27
gene_7663,HBII-52-28
gene_7664,HBII-52-45
gene_7665,HBII-52-46
gene_7666,HBM
gene_7667,HBP1
gene_7668,HBQ1
gene_7669,HBS1L
gene_7670,HBXIP
gene_7671,HBZ
gene_7672,HCCS
gene_7673,HCFC1R1
gene_7674,HCFC1
gene_7675,HCFC2
gene_7676,HCG11
gene_7677,HCG18
gene_7678,HCG22
gene_7679,HCG26
gene_7680,HCG27
gene_7681,HCG2P7
gene_7682,HCG4P6
gene_7683,HCG4
gene_7684,HCG9
gene_7685,HCK
gene_7686,HCLS1
gene_7687,HCN1
gene_7688,HCN2
gene_7689,HCN3
gene_7690,HCN4
gene_7691,HCP5
gene_7692,HCRTR1
gene_7693,HCRTR2
gene_7694,HCRT
gene_7695,HCST
gene_7696,HDAC10
gene_7697,HDAC11
gene_7698,HDAC1
gene_7699,HDAC2
gene_7700,HDAC3
gene_7701,HDAC4
gene_7702,HDAC5
gene_7703,HDAC6
gene_7704,HDAC7
gene_7705,HDAC8
gene_7706,HDAC9
gene_7707,HDC
gene_7708,HDDC2
gene_7709,HDDC3
gene_7710,HDGFL1
gene_7711,HDGFRP2
gene_7712,HDGFRP3
gene_7713,HDGF
gene_7714,HDHD1A
gene_7715,HDHD2
gene_7716,HDHD3
gene_7717,HDLBP
gene_7718,HDX
gene_7719,HEATR1
gene_7720,HEATR2
gene_7721,HEATR3
gene_7722,HEATR4
gene_7723,HEATR5A
gene_7724,HEATR5B
gene_7725,HEATR6
gene_7726,HEATR7A
gene_7727,HEATR7B2
gene_7728,HEBP1
gene_7729,HEBP2
gene_7730,HECA
gene_7731,HECTD1
gene_7732,HECTD2
gene_7733,HECTD3
gene_7734,HECW1
gene_7735,HECW2
gene_7736,HEG1
gene_7737,HELB
gene_7738,HELLS
gene_7739,HELQ
gene_7740,HELT
gene_7741,HELZ
gene_7742,HEMGN
gene_7743,HEMK1
gene_7744,HEPACAM2
gene_7745,HEPACAM
gene_7746,HEPHL1
gene_7747,HEPH
gene_7748,HEPN1
gene_7749,HERC1
gene_7750,HERC2P2
gene_7751,HERC2P4
gene_7752,HERC2
gene_7753,HERC3
gene_7754,HERC4
gene_7755,HERC5
gene_7756,HERC6
gene_7757,HERPUD1
gene_7758,HERPUD2
gene_7759,HES1
gene_7760,HES2
gene_7761,HES3
gene_7762,HES4
gene_7763,HES5
gene_7764,HES6
gene_7765,HES7
gene_7766,HESRG
gene_7767,HESX1
gene_7768,HEXA
gene_7769,HEXB
gene_7770,HEXDC
gene_7771,HEXIM1
gene_7772,HEXIM2
gene_7773,HEY1
gene_7774,HEY2
gene_7775,HEYL
gene_7776,HFE2
gene_7777,HFE
gene_7778,HFM1
gene_7779,HGC6.3
gene_7780,HGD
gene_7781,HGFAC
gene_7782,HGF
gene_7783,HGSNAT
gene_7784,HGS
gene_7785,HHATL
gene_7786,HHAT
gene_7787,HHEX
gene_7788,HHIPL1
gene_7789,HHIPL2
gene_7790,HHIP
gene_7791,HHLA1
gene_7792,HHLA2
gene_7793,HHLA3
gene_7794,HIAT1
gene_7795,HIATL1
gene_7796,HIATL2
gene_7797,HIBADH
gene_7798,HIBCH
gene_7799,HIC1
gene_7800,HIC2
gene_7801,HIF1AN
gene_7802,HIF1A
gene_7803,HIF3A
gene_7804,HIGD1A
gene_7805,HIGD1B
gene_7806,HIGD1C
gene_7807,HIGD2A
gene_7808,HIGD2B
gene_7809,HILS1
gene_7810,HINFP
gene_7811,HINT1
gene_7812,HINT2
gene_7813,HINT3
gene_7814,HIP1R
gene_7815,HIP1
gene_7816,HIPK1
gene_7817,HIPK2
gene_7818,HIPK3
gene_7819,HIPK4
gene_7820,HIRA
gene_7821,HIRIP3
gene_7822,HIST1H1A
gene_7823,HIST1H1B
gene_7824,HIST1H1C
gene_7825,HIST1H1D
gene_7826,HIST1H1E
gene_7827,HIST1H1T
gene_7828,HIST1H2AA
gene_7829,HIST1H2AB
gene_7830,HIST1H2AC
gene_7831,HIST1H2AD
gene_7832,HIST1H2AE
gene_7833,HIST1H2AG
gene_7834,HIST1H2AH
gene_7835,HIST1H2AJ
gene_7836,HIST1H2AK
gene_7837,HIST1H2AL
gene_7838,HIST1H2AM
gene_7839,HIST1H2BA
gene_7840,HIST1H2BB
gene_7841,HIST1H2BC
gene_7842,HIST1H2BD
gene_7843,HIST1H2BE
gene_7844,HIST1H2BF
gene_7845,HIST1H2BG
gene_7846,HIST1H2BH
gene_7847,HIST1H2BI
gene_7848,HIST1H2BJ
gene_7849,HIST1H2BK
gene_7850,HIST1H2BL
gene_7851,HIST1H2BM
gene_7852,HIST1H2BN
gene_7853,HIST1H2BO
gene_7854,HIST1H3A
gene_7855,HIST1H3B
gene_7856,HIST1H3C
gene_7857,HIST1H3D
gene_7858,HIST1H3E
gene_7859,HIST1H3F
gene_7860,HIST1H3G
gene_7861,HIST1H3H
gene_7862,HIST1H3I
gene_7863,HIST1H3J
gene_7864,HIST1H4A
gene_7865,HIST1H4B
gene_7866,HIST1H4C
gene_7867,HIST1H4D
gene_7868,HIST1H4E
gene_7869,HIST1H4F
gene_7870,HIST1H4G
gene_7871,HIST1H4H
gene_7872,HIST1H4I
gene_7873,HIST1H4J
gene_7874,HIST1H4K
gene_7875,HIST1H4L
gene_7876,HIST2H2AA3
gene_7877,HIST2H2AB
gene_7878,HIST2H2AC
gene_7879,HIST2H2BA
gene_7880,HIST2H2BE
gene_7881,HIST2H2BF
gene_7882,HIST2H3C
gene_7883,HIST2H3D
gene_7884,HIST2H4A
gene_7885,HIST3H2A
gene_7886,HIST3H2BB
gene_7887,HIST3H3
gene_7888,HIST4H4
gene_7889,HIVEP1
gene_7890,HIVEP2
gene_7891,HIVEP3
gene_7892,HJURP
gene_7893,HK1
gene_7894,HK2
gene_7895,HK3
gene_7896,HKDC1
gene_7897,HKR1
gene_7898,HLA-A
gene_7899,HLA-B
gene_7900,HLA-C
gene_7901,HLA-DMA
gene_7902,HLA-DMB
gene_7903,HLA-DOA
gene_7904,HLA-DOB
gene_7905,HLA-DPA1
gene_7906,HLA-DPB1
gene_7907,HLA-DPB2
gene_7908,HLA-DQA1
gene_7909,HLA-DQA2
gene_7910,HLA-DQB1
gene_7911,HLA-DQB2
gene_7912,HLA-DRA
gene_7913,HLA-DRB1
gene_7914,HLA-DRB5
gene_7915,HLA-DRB6
gene_7916,HLA-E
gene_7917,HLA-F
gene_7918,HLA-G
gene_7919,HLA-H
gene_7920,HLA-J
gene_7921,HLA-L
gene_7922,HLCS
gene_7923,HLF
gene_7924,HLTF
gene_7925,HLX
gene_7926,HM13
gene_7927,HMBOX1
gene_7928,HMBS
gene_7929,HMCN1
gene_7930,HMG20A
gene_7931,HMG20B
gene_7932,HMGA1
gene_7933,HMGA2
gene_7934,HMGB1
gene_7935,HMGB2
gene_7936,HMGB3L1
gene_7937,HMGB3
gene_7938,HMGB4
gene_7939,HMGCLL1
gene_7940,HMGCL
gene_7941,HMGCR
gene_7942,HMGCS1
gene_7943,HMGCS2
gene_7944,HMGN1
gene_7945,HMGN2
gene_7946,HMGN3
gene_7947,HMGN4
gene_7948,HMGN5
gene_7949,HMGXB3
gene_7950,HMGXB4
gene_7951,HMHA1
gene_7952,HMHB1
gene_7953,HMMR
gene_7954,HMOX1
gene_7955,HMOX2
gene_7956,HMP19
gene_7957,HMSD
gene_7958,HMX1
gene_7959,HMX2
gene_7960,HMX3
gene_7961,HN1L
gene_7962,HN1
gene_7963,HNF1A
gene_7964,HNF1B
gene_7965,HNF4A
gene_7966,HNF4G
gene_7967,HNMT
gene_7968,HNRNPA0
gene_7969,HNRNPA1L2
gene_7970,HNRNPA1
gene_7971,HNRNPA2B1
gene_7972,HNRNPA3P1
gene_7973,HNRNPA3
gene_7974,HNRNPAB
gene_7975,HNRNPCL1
gene_7976,HNRNPC
gene_7977,HNRNPD
gene_7978,HNRNPF
gene_7979,HNRNPH1
gene_7980,HNRNPH2
gene_7981,HNRNPH3
gene_7982,HNRNPK
gene_7983,HNRNPL
gene_7984,HNRNPM
gene_7985,HNRNPR
gene_7986,HNRNPUL1
gene_7987,HNRNPUL2
gene_7988,HNRNPU
gene_7989,HNRPDL
gene_7990,HNRPLL
gene_7991,HOMER1
gene_7992,HOMER2
gene_7993,HOMER3
gene_7994,HOMEZ
gene_7995,HOOK1
gene_7996,HOOK2
gene_7997,HOOK3
gene_7998,HOPX
gene_7999,HORMAD1
gene_8000,HORMAD2
gene_8001,HOTAIR
gene_8002,HOXA10
gene_8003,HOXA11AS
gene_8004,HOXA11
gene_8005,HOXA13
gene_8006,HOXA1
gene_8007,HOXA2
gene_8008,HOXA3
gene_8009,HOXA4
gene_8010,HOXA5
gene_8011,HOXA6
gene_8012,HOXA7
gene_8013,HOXA9
gene_8014,HOXB13
gene_8015,HOXB1
gene_8016,HOXB2
gene_8017,HOXB3
gene_8018,HOXB4
gene_8019,HOXB5
gene_8020,HOXB6
gene_8021,HOXB7
gene_8022,HOXB8
gene_8023,HOXB9
gene_8024,HOXC10
gene_8025,HOXC11
gene_8026,HOXC12
gene_8027,HOXC13
gene_8028,HOXC4
gene_8029,HOXC5
gene_8030,HOXC6
gene_8031,HOXC8
gene_8032,HOXC9
gene_8033,HOXD10
gene_8034,HOXD11
gene_8035,HOXD12
gene_8036,HOXD13
gene_8037,HOXD1
gene_8038,HOXD3
gene_8039,HOXD4
gene_8040,HOXD8
gene_8041,HOXD9
gene_8042,HP1BP3
gene_8043,HPCAL1
gene_8044,HPCAL4
gene_8045,HPCA
gene_8046,HPDL
gene_8047,HPD
gene_8048,HPGDS
gene_8049,HPGD
gene_8050,HPN
gene_8051,HPRT1
gene_8052,HPR
gene_8053,HPS1
gene_8054,HPS3
gene_8055,HPS4
gene_8056,HPS5
gene_8057,HPS6
gene_8058,HPSE2
gene_8059,HPSE
gene_8060,HPVC1
gene_8061,HPX
gene_8062,HPYR1
gene_8063,HP
gene_8064,HRASLS2
gene_8065,HRASLS5
gene_8066,HRASLS
gene_8067,HRAS
gene_8068,HRCT1
gene_8069,HRC
gene_8070,HRG
gene_8071,HRH1
gene_8072,HRH2
gene_8073,HRH3
gene_8074,HRH4
gene_8075,HRK
gene_8076,HRNBP3
gene_8077,HRNR
gene_8078,HRSP12
gene_8079,HR
gene_8080,HS1BP3
gene_8081,HS2ST1
gene_8082,HS3ST1
gene_8083,HS3ST2
gene_8084,HS3ST3A1
gene_8085,HS3ST3B1
gene_8086,HS3ST4
gene_8087,HS3ST5
gene_8088,HS3ST6
gene_8089,HS6ST1
gene_8090,HS6ST2
gene_8091,HS6ST3
gene_8092,HSBP1L1
gene_8093,HSBP1
gene_8094,HSCB
gene_8095,HSD11B1L
gene_8096,HSD11B1
gene_8097,HSD11B2
gene_8098,HSD17B10
gene_8099,HSD17B11
gene_8100,HSD17B12
gene_8101,HSD17B13
gene_8102,HSD17B14
gene_8103,HSD17B1
gene_8104,HSD17B2
gene_8105,HSD17B3
gene_8106,HSD17B4
gene_8107,HSD17B6
gene_8108,HSD17B7P2
gene_8109,HSD17B7
gene_8110,HSD17B8
gene_8111,HSD3B1
gene_8112,HSD3B2
gene_8113,HSD3B7
gene_8114,HSDL1
gene_8115,HSDL2
gene_8116,HSF1
gene_8117,HSF2BP
gene_8118,HSF2
gene_8119,HSF4
gene_8120,HSF5
gene_8121,HSFX1
gene_8122,HSFX2
gene_8123,HSFY2
gene_8124,HSFYL1
gene_8125,HSH2D
gene_8126,HSN2
gene_8127,HSP90AA1
gene_8128,HSP90AB1
gene_8129,HSP90AB2P
gene_8130,HSP90AB4P
gene_8131,HSP90B1
gene_8132,HSP90B3P
gene_8133,HSPA12A
gene_8134,HSPA12B
gene_8135,HSPA13
gene_8136,HSPA14
gene_8137,HSPA1A
gene_8138,HSPA1B
gene_8139,HSPA1L
gene_8140,HSPA2
gene_8141,HSPA4L
gene_8142,HSPA4
gene_8143,HSPA5
gene_8144,HSPA6
gene_8145,HSPA7
gene_8146,HSPA8
gene_8147,HSPA9
gene_8148,HSPB11
gene_8149,HSPB1
gene_8150,HSPB2
gene_8151,HSPB3
gene_8152,HSPB6
gene_8153,HSPB7
gene_8154,HSPB8
gene_8155,HSPB9
gene_8156,HSPBAP1
gene_8157,HSPBP1
gene_8158,HSPC072
gene_8159,HSPC157
gene_8160,HSPC159
gene_8161,HSPD1
gene_8162,HSPE1
gene_8163,HSPG2
gene_8164,HSPH1
gene_8165,HTATIP2
gene_8166,HTATSF1
gene_8167,HTA
gene_8168,HTN1
gene_8169,HTN3
gene_8170,HTR1A
gene_8171,HTR1B
gene_8172,HTR1D
gene_8173,HTR1E
gene_8174,HTR1F
gene_8175,HTR2A
gene_8176,HTR2B
gene_8177,HTR2C
gene_8178,HTR3A
gene_8179,HTR3B
gene_8180,HTR3C
gene_8181,HTR3D
gene_8182,HTR3E
gene_8183,HTR4
gene_8184,HTR5A
gene_8185,HTR6
gene_8186,HTR7P1
gene_8187,HTR7
gene_8188,HTRA1
gene_8189,HTRA2
gene_8190,HTRA3
gene_8191,HTRA4
gene_8192,HTT
gene_8193,HULC
gene_8194,HUNK
gene_8195,HUS1B
gene_8196,HUS1
gene_8197,HUWE1
gene_8198,HVCN1
gene_8199,HYAL1
gene_8200,HYAL2
gene_8201,HYAL3
gene_8202,HYAL4
gene_8203,HYALP1
gene_8204,HYDIN
gene_8205,HYI
gene_8206,HYLS1
gene_8207,HYMAI
gene_8208,HYOU1
gene_8209,IAH1
gene_8210,IAPP
gene_8211,IARS2
gene_8212,IARS
gene_8213,IBSP
gene_8214,IBTK
gene_8215,ICA1L
gene_8216,ICA1
gene_8217,ICAM1
gene_8218,ICAM2
gene_8219,ICAM3
gene_8220,ICAM4
gene_8221,ICAM5
gene_8222,ICK
gene_8223,ICMT
gene_8224,ICOSLG
gene_8225,ICOS
gene_8226,ICT1
gene_8227,ID1
gene_8228,ID2B
gene_8229,ID2
gene_8230,ID3
gene_8231,ID4
gene_8232,IDE
gene_8233,IDH1
gene_8234,IDH2
gene_8235,IDH3A
gene_8236,IDH3B
gene_8237,IDH3G
gene_8238,IDI1
gene_8239,IDI2
gene_8240,IDO1
gene_8241,IDO2
gene_8242,IDS
gene_8243,IDUA
gene_8244,IER2
gene_8245,IER3IP1
gene_8246,IER3
gene_8247,IER5L
gene_8248,IER5
gene_8249,IFFO1
gene_8250,IFFO2
gene_8251,IFI16
gene_8252,IFI27L1
gene_8253,IFI27L2
gene_8254,IFI27
gene_8255,IFI30
gene_8256,IFI35
gene_8257,IFI44L
gene_8258,IFI44
gene_8259,IFI6
gene_8260,IFIH1
gene_8261,IFIT1B
gene_8262,IFIT1
gene_8263,IFIT2
gene_8264,IFIT3
gene_8265,IFIT5
gene_8266,IFITM1
gene_8267,IFITM2
gene_8268,IFITM3
gene_8269,IFITM4P
gene_8270,IFITM5
gene_8271,IFLTD1
gene_8272,IFNA10
gene_8273,IFNA13
gene_8274,IFNA14
gene_8275,IFNA16
gene_8276,IFNA17
gene_8277,IFNA1
gene_8278,IFNA21
gene_8279,IFNA2
gene_8280,IFNA4
gene_8281,IFNA5
gene_8282,IFNA6
gene_8283,IFNA7
gene_8284,IFNA8
gene_8285,IFNAR1
gene_8286,IFNAR2
gene_8287,IFNB1
gene_8288,IFNE
gene_8289,IFNGR1
gene_8290,IFNGR2
gene_8291,IFNG
gene_8292,IFNK
gene_8293,IFNW1
gene_8294,IFRD1
gene_8295,IFRD2
gene_8296,IFT122
gene_8297,IFT140
gene_8298,IFT172
gene_8299,IFT20
gene_8300,IFT27
gene_8301,IFT46
gene_8302,IFT52
gene_8303,IFT57
gene_8304,IFT74
gene_8305,IFT80
gene_8306,IFT81
gene_8307,IFT88
gene_8308,IGBP1
gene_8309,IGDCC3
gene_8310,IGDCC4
gene_8311,IGF1R
gene_8312,IGF1
gene_8313,IGF2AS
gene_8314,IGF2BP1
gene_8315,IGF2BP2
gene_8316,IGF2BP3
gene_8317,IGF2R
gene_8318,IGF2
gene_8319,IGFALS
gene_8320,IGFBP1
gene_8321,IGFBP2
gene_8322,IGFBP3
gene_8323,IGFBP4
gene_8324,IGFBP5
gene_8325,IGFBP6
gene_8326,IGFBP7
gene_8327,IGFBPL1
gene_8328,IGFL1
gene_8329,IGFL2
gene_8330,IGFL3
gene_8331,IGFL4
gene_8332,IGFN1
gene_8333,IGHMBP2
gene_8334,IGJ
gene_8335,IGLL1
gene_8336,IGLL3
gene_8337,IGLON5
gene_8338,IGSF10
gene_8339,IGSF11
gene_8340,IGSF1
gene_8341,IGSF21
gene_8342,IGSF22
gene_8343,IGSF3
gene_8344,IGSF5
gene_8345,IGSF6
gene_8346,IGSF8
gene_8347,IGSF9B
gene_8348,IGSF9
gene_8349,IHH
gene_8350,IKBIP
gene_8351,IKBKAP
gene_8352,IKBKB
gene_8353,IKBKE
gene_8354,IKBKG
gene_8355,IKZF1
gene_8356,IKZF2
gene_8357,IKZF3
gene_8358,IKZF4
gene_8359,IKZF5
gene_8360,IK
gene_8361,IL10RA
gene_8362,IL10RB
gene_8363,IL10
gene_8364,IL11RA
gene_8365,IL11
gene_8366,IL12A
gene_8367,IL12B
gene_8368,IL12RB1
gene_8369,IL12RB2
gene_8370,IL13RA1
gene_8371,IL13RA2
gene_8372,IL13
gene_8373,IL15RA
gene_8374,IL15
gene_8375,IL16
gene_8376,IL17A
gene_8377,IL17B
gene_8378,IL17C
gene_8379,IL17D
gene_8380,IL17F
gene_8381,IL17RA
gene_8382,IL17RB
gene_8383,IL17RC
gene_8384,IL17RD
gene_8385,IL17REL
gene_8386,IL17RE
gene_8387,IL18BP
gene_8388,IL18R1
gene_8389,IL18RAP
gene_8390,IL18
gene_8391,IL19
gene_8392,IL1A
gene_8393,IL1B
gene_8394,IL1F10
gene_8395,IL1F5
gene_8396,IL1F6
gene_8397,IL1F7
gene_8398,IL1F8
gene_8399,IL1F9
gene_8400,IL1R1
gene_8401,IL1R2
gene_8402,IL1RAPL1
gene_8403,IL1RAPL2
gene_8404,IL1RAP
gene_8405,IL1RL1
gene_8406,IL1RL2
gene_8407,IL1RN
gene_8408,IL20RA
gene_8409,IL20RB
gene_8410,IL20
gene_8411,IL21R
gene_8412,IL21
gene_8413,IL22RA1
gene_8414,IL22RA2
gene_8415,IL22
gene_8416,IL23A
gene_8417,IL23R
gene_8418,IL24
gene_8419,IL25
gene_8420,IL26
gene_8421,IL27RA
gene_8422,IL27
gene_8423,IL28A
gene_8424,IL28B
gene_8425,IL28RA
gene_8426,IL29
gene_8427,IL2RA
gene_8428,IL2RB
gene_8429,IL2RG
gene_8430,IL2
gene_8431,IL31RA
gene_8432,IL31
gene_8433,IL32
gene_8434,IL33
gene_8435,IL34
gene_8436,IL3RA
gene_8437,IL3
gene_8438,IL4I1
gene_8439,IL4R
gene_8440,IL4
gene_8441,IL5RA
gene_8442,IL5
gene_8443,IL6R
gene_8444,IL6ST
gene_8445,IL6
gene_8446,IL7R
gene_8447,IL7
gene_8448,IL8
gene_8449,IL9R
gene_8450,IL9
gene_8451,ILDR1
gene_8452,ILDR2
gene_8453,ILF2
gene_8454,ILF3
gene_8455,ILKAP
gene_8456,ILK
gene_8457,ILVBL
gene_8458,IMMP1L
gene_8459,IMMP2L
gene_8460,IMMT
gene_8461,IMP3
gene_8462,IMP4
gene_8463,IMP5
gene_8464,IMPA1
gene_8465,IMPA2
gene_8466,IMPACT
gene_8467,IMPAD1
gene_8468,IMPDH1
gene_8469,IMPDH2
gene_8470,IMPG1
gene_8471,IMPG2
gene_8472,INADL
gene_8473,INA
gene_8474,INCA1
gene_8475,INCENP
gene_8476,INE1
gene_8477,INE2
gene_8478,INF2
gene_8479,ING1
gene_8480,ING2
gene_8481,ING3
gene_8482,ING4
gene_8483,ING5
gene_8484,INGX
gene_8485,INHA
gene_8486,INHBA
gene_8487,INHBB
gene_8488,INHBC
gene_8489,INHBE
gene_8490,INMT
gene_8491,INO80B
gene_8492,INO80C
gene_8493,INO80D
gene_8494,INO80E
gene_8495,INO80
gene_8496,INPP1
gene_8497,INPP4A
gene_8498,INPP4B
gene_8499,INPP5A
gene_8500,INPP5B
gene_8501,INPP5D
gene_8502,INPP5E
gene_8503,INPP5F
gene_8504,INPP5J
gene_8505,INPP5K
gene_8506,INPPL1
gene_8507,INS-IGF2
gene_8508,INSC
gene_8509,INSIG1
gene_8510,INSIG2
gene_8511,INSL3
gene_8512,INSL4
gene_8513,INSL5
gene_8514,INSL6
gene_8515,INSM1
gene_8516,INSM2
gene_8517,INSRR
gene_8518,INSR
gene_8519,INS
gene_8520,INTS10
gene_8521,INTS12
gene_8522,INTS1
gene_8523,INTS2
gene_8524,INTS3
gene_8525,INTS4L1
gene_8526,INTS4L2
gene_8527,INTS4
gene_8528,INTS5
gene_8529,INTS6
gene_8530,INTS7
gene_8531,INTS8
gene_8532,INTS9
gene_8533,INTU
gene_8534,INVS
gene_8535,IP6K1
gene_8536,IP6K2
gene_8537,IP6K3
gene_8538,IPCEF1
gene_8539,IPMK
gene_8540,IPO11
gene_8541,IPO13
gene_8542,IPO4
gene_8543,IPO5
gene_8544,IPO7
gene_8545,IPO8
gene_8546,IPO9
gene_8547,IPPK
gene_8548,IPP
gene_8549,IPW
gene_8550,IQCA1
gene_8551,IQCB1
gene_8552,IQCC
gene_8553,IQCD
gene_8554,IQCE
gene_8555,IQCF1
gene_8556,IQCF2
gene_8557,IQCF3
gene_8558,IQCF5
gene_8559,IQCF6
gene_8560,IQCG
gene_8561,IQCH
gene_8562,IQCJ
gene_8563,IQCK
gene_8564,IQGAP1
gene_8565,IQGAP2
gene_8566,IQGAP3
gene_8567,IQSEC1
gene_8568,IQSEC2
gene_8569,IQSEC3
gene_8570,IQUB
gene_8571,IRAK1BP1
gene_8572,IRAK1
gene_8573,IRAK2
gene_8574,IRAK3
gene_8575,IRAK4
gene_8576,IREB2
gene_8577,IRF1
gene_8578,IRF2BP1
gene_8579,IRF2BP2
gene_8580,IRF2
gene_8581,IRF3
gene_8582,IRF4
gene_8583,IRF5
gene_8584,IRF6
gene_8585,IRF7
gene_8586,IRF8
gene_8587,IRF9
gene_8588,IRGC
gene_8589,IRGM
gene_8590,IRGQ
gene_8591,IRS1
gene_8592,IRS2
gene_8593,IRS4
gene_8594,IRX1
gene_8595,IRX2
gene_8596,IRX3
gene_8597,IRX4
gene_8598,IRX5
gene_8599,IRX6
gene_8600,ISCA1P1
gene_8601,ISCA1
gene_8602,ISCA2
gene_8603,ISCU
gene_8604,ISG15
gene_8605,ISG20L2
gene_8606,ISG20
gene_8607,ISL1
gene_8608,ISL2
gene_8609,ISLR2
gene_8610,ISLR
gene_8611,ISM1
gene_8612,ISM2
gene_8613,ISOC1
gene_8614,ISOC2
gene_8615,ISPD
gene_8616,ISX
gene_8617,ISY1
gene_8618,ISYNA1
gene_8619,ITCH
gene_8620,ITFG1
gene_8621,ITFG2
gene_8622,ITFG3
gene_8623,ITGA10
gene_8624,ITGA11
gene_8625,ITGA1
gene_8626,ITGA2B
gene_8627,ITGA2
gene_8628,ITGA3
gene_8629,ITGA4
gene_8630,ITGA5
gene_8631,ITGA6
gene_8632,ITGA7
gene_8633,ITGA8
gene_8634,ITGA9
gene_8635,ITGAD
gene_8636,ITGAE
gene_8637,ITGAL
gene_8638,ITGAM
gene_8639,ITGAV
gene_8640,ITGAX
gene_8641,ITGB1BP1
gene_8642,ITGB1BP2
gene_8643,ITGB1BP3
gene_8644,ITGB1
gene_8645,ITGB2
gene_8646,ITGB3BP
gene_8647,ITGB3
gene_8648,ITGB4
gene_8649,ITGB5
gene_8650,ITGB6
gene_8651,ITGB7
gene_8652,ITGB8
gene_8653,ITGBL1
gene_8654,ITIH1
gene_8655,ITIH2
gene_8656,ITIH3
gene_8657,ITIH4
gene_8658,ITIH5L
gene_8659,ITIH5
gene_8660,ITK
gene_8661,ITLN1
gene_8662,ITLN2
gene_8663,ITM2A
gene_8664,ITM2B
gene_8665,ITM2C
gene_8666,ITPA
gene_8667,ITPK1
gene_8668,ITPKA
gene_8669,ITPKB
gene_8670,ITPKC
gene_8671,ITPR1
gene_8672,ITPR2
gene_8673,ITPR3
gene_8674,ITPRIPL1
gene_8675,ITPRIPL2
gene_8676,ITPRIP
gene_8677,ITSN1
gene_8678,ITSN2
gene_8679,IVD
gene_8680,IVL
gene_8681,IVNS1ABP
gene_8682,IWS1
gene_8683,IYD
gene_8684,IZUMO1
gene_8685,JAG1
gene_8686,JAG2
gene_8687,JAGN1
gene_8688,JAK1
gene_8689,JAK2
gene_8690,JAK3
gene_8691,JAKMIP1
gene_8692,JAKMIP2
gene_8693,JAKMIP3
gene_8694,JAM2
gene_8695,JAM3
gene_8696,JARID2
gene_8697,JAZF1
gene_8698,JDP2
gene_8699,JHDM1D
gene_8700,JKAMP
gene_8701,JMJD1C
gene_8702,JMJD4
gene_8703,JMJD5
gene_8704,JMJD6
gene_8705,JMJD7-PLA2G4B
gene_8706,JMJD8
gene_8707,JMY
gene_8708,JOSD1
gene_8709,JOSD2
gene_8710,JPH1
gene_8711,JPH2
gene_8712,JPH3
gene_8713,JPH4
gene_8714,JRKL
gene_8715,JRK
gene_8716,JSRP1
gene_8717,JTB
gene_8718,JUB
gene_8719,JUNB
gene_8720,JUND
gene_8721,JUN
gene_8722,JUP
gene_8723,KAAG1
gene_8724,KAL1
gene_8725,KALRN
gene_8726,KANK1
gene_8727,KANK2
gene_8728,KANK3
gene_8729,KANK4
gene_8730,KARS
gene_8731,KAT2A
gene_8732,KAT2B
gene_8733,KAT5
gene_8734,KATNA1
gene_8735,KATNAL1
gene_8736,KATNAL2
gene_8737,KATNB1
gene_8738,KAZALD1
gene_8739,KAZ
gene_8740,KBTBD10
gene_8741,KBTBD11
gene_8742,KBTBD12
gene_8743,KBTBD13
gene_8744,KBTBD2
gene_8745,KBTBD3
gene_8746,KBTBD4
gene_8747,KBTBD5
gene_8748,KBTBD6
gene_8749,KBTBD7
gene_8750,KBTBD8
gene_8751,KC6
gene_8752,KCMF1
gene_8753,KCNA10
gene_8754,KCNA1
gene_8755,KCNA2
gene_8756,KCNA3
gene_8757,KCNA4
gene_8758,KCNA5
gene_8759,KCNA6
gene_8760,KCNA7
gene_8761,KCNAB1
gene_8762,KCNAB2
gene_8763,KCNAB3
gene_8764,KCNB1
gene_8765,KCNB2
gene_8766,KCNC1
gene_8767,KCNC2
gene_8768,KCNC3
gene_8769,KCNC4
gene_8770,KCND1
gene_8771,KCND2
gene_8772,KCND3
gene_8773,KCNE1L
gene_8774,KCNE1
gene_8775,KCNE2
gene_8776,KCNE3
gene_8777,KCNE4
gene_8778,KCNF1
gene_8779,KCNG1
gene_8780,KCNG2
gene_8781,KCNG3
gene_8782,KCNG4
gene_8783,KCNH1
gene_8784,KCNH2
gene_8785,KCNH3
gene_8786,KCNH4
gene_8787,KCNH5
gene_8788,KCNH6
gene_8789,KCNH7
gene_8790,KCNH8
gene_8791,KCNIP1
gene_8792,KCNIP2
gene_8793,KCNIP3
gene_8794,KCNIP4
gene_8795,KCNJ10
gene_8796,KCNJ11
gene_8797,KCNJ12
gene_8798,KCNJ13
gene_8799,KCNJ14
gene_8800,KCNJ15
gene_8801,KCNJ16
gene_8802,KCNJ1
gene_8803,KCNJ2
gene_8804,KCNJ3
gene_8805,KCNJ4
gene_8806,KCNJ5
gene_8807,KCNJ6
gene_8808,KCNJ8
gene_8809,KCNJ9
gene_8810,KCNK10
gene_8811,KCNK12
gene_8812,KCNK13
gene_8813,KCNK15
gene_8814,KCNK16
gene_8815,KCNK17
gene_8816,KCNK18
gene_8817,KCNK1
gene_8818,KCNK2
gene_8819,KCNK3
gene_8820,KCNK4
gene_8821,KCNK5
gene_8822,KCNK6
gene_8823,KCNK7
gene_8824,KCNK9
gene_8825,KCNMA1
gene_8826,KCNMB1
gene_8827,KCNMB2
gene_8828,KCNMB3
gene_8829,KCNMB4
gene_8830,KCNN1
gene_8831,KCNN2
gene_8832,KCNN3
gene_8833,KCNN4
gene_8834,KCNQ1DN
gene_8835,KCNQ1OT1
gene_8836,KCNQ1
gene_8837,KCNQ2
gene_8838,KCNQ3
gene_8839,KCNQ4
gene_8840,KCNQ5
gene_8841,KCNRG
gene_8842,KCNS1
gene_8843,KCNS2
gene_8844,KCNS3
gene_8845,KCNT1
gene_8846,KCNT2
gene_8847,KCNU1
gene_8848,KCNV1
gene_8849,KCNV2
gene_8850,KCP
gene_8851,KCTD10
gene_8852,KCTD11
gene_8853,KCTD12
gene_8854,KCTD13
gene_8855,KCTD14
gene_8856,KCTD15
gene_8857,KCTD16
gene_8858,KCTD17
gene_8859,KCTD18
gene_8860,KCTD19
gene_8861,KCTD1
gene_8862,KCTD20
gene_8863,KCTD21
gene_8864,KCTD2
gene_8865,KCTD3
gene_8866,KCTD4
gene_8867,KCTD5
gene_8868,KCTD6
gene_8869,KCTD7
gene_8870,KCTD8
gene_8871,KCTD9
gene_8872,KDELC1
gene_8873,KDELC2
gene_8874,KDELR1
gene_8875,KDELR2
gene_8876,KDELR3
gene_8877,KDM1A
gene_8878,KDM1B
gene_8879,KDM2A
gene_8880,KDM2B
gene_8881,KDM3A
gene_8882,KDM3B
gene_8883,KDM4A
gene_8884,KDM4B
gene_8885,KDM4C
gene_8886,KDM4DL
gene_8887,KDM4D
gene_8888,KDM5A
gene_8889,KDM5B
gene_8890,KDM5C
gene_8891,KDM5D
gene_8892,KDM6A
gene_8893,KDM6B
gene_8894,KDR
gene_8895,KDSR
gene_8896,KEAP1
gene_8897,KEL
gene_8898,KERA
gene_8899,KGFLP1
gene_8900,KGFLP2
gene_8901,KHDC1L
gene_8902,KHDC1
gene_8903,KHDRBS1
gene_8904,KHDRBS2
gene_8905,KHDRBS3
gene_8906,KHK
gene_8907,KHNYN
gene_8908,KHSRP
gene_8909,KIAA0020
gene_8910,KIAA0040
gene_8911,KIAA0087
gene_8912,KIAA0090
gene_8913,KIAA0100
gene_8914,KIAA0101
gene_8915,KIAA0114
gene_8916,KIAA0125
gene_8917,KIAA0141
gene_8918,KIAA0146
gene_8919,KIAA0174
gene_8920,KIAA0182
gene_8921,KIAA0195
gene_8922,KIAA0196
gene_8923,KIAA0226
gene_8924,KIAA0232
gene_8925,KIAA0240
gene_8926,KIAA0247
gene_8927,KIAA0284
gene_8928,KIAA0317
gene_8929,KIAA0319L
gene_8930,KIAA0319
gene_8931,KIAA0355
gene_8932,KIAA0368
gene_8933,KIAA0391
gene_8934,KIAA0406
gene_8935,KIAA0408
gene_8936,KIAA0415
gene_8937,KIAA0427
gene_8938,KIAA0430
gene_8939,KIAA0467
gene_8940,KIAA0494
gene_8941,KIAA0495
gene_8942,KIAA0513
gene_8943,KIAA0528
gene_8944,KIAA0556
gene_8945,KIAA0562
gene_8946,KIAA0564
gene_8947,KIAA0586
gene_8948,KIAA0649
gene_8949,KIAA0652
gene_8950,KIAA0664P3
gene_8951,KIAA0664
gene_8952,KIAA0748
gene_8953,KIAA0753
gene_8954,KIAA0754
gene_8955,KIAA0776
gene_8956,KIAA0802
gene_8957,KIAA0831
gene_8958,KIAA0892
gene_8959,KIAA0895L
gene_8960,KIAA0895
gene_8961,KIAA0907
gene_8962,KIAA0913
gene_8963,KIAA0922
gene_8964,KIAA0947
gene_8965,KIAA1009
gene_8966,KIAA1012
gene_8967,KIAA1024
gene_8968,KIAA1033
gene_8969,KIAA1045
gene_8970,KIAA1107
gene_8971,KIAA1109
gene_8972,KIAA1143
gene_8973,KIAA1147
gene_8974,KIAA1161
gene_8975,KIAA1191
gene_8976,KIAA1199
gene_8977,KIAA1210
gene_8978,KIAA1211
gene_8979,KIAA1217
gene_8980,KIAA1239
gene_8981,KIAA1244
gene_8982,KIAA1257
gene_8983,KIAA1267
gene_8984,KIAA1274
gene_8985,KIAA1279
gene_8986,KIAA1310
gene_8987,KIAA1324L
gene_8988,KIAA1324
gene_8989,KIAA1328
gene_8990,KIAA1370
gene_8991,KIAA1377
gene_8992,KIAA1383
gene_8993,KIAA1407
gene_8994,KIAA1409
gene_8995,KIAA1429
gene_8996,KIAA1430
gene_8997,KIAA1432
gene_8998,KIAA1462
gene_8999,KIAA1467
gene_9000,KIAA1468
gene_9001,KIAA1486
gene_9002,KIAA1522
gene_9003,KIAA1524
gene_9004,KIAA1529
gene_9005,KIAA1530
gene_9006,KIAA1539
gene_9007,KIAA1543
gene_9008,KIAA1549
gene_9009,KIAA1586
gene_9010,KIAA1598
gene_9011,KIAA1609
gene_9012,KIAA1614
gene_9013,KIAA1632
gene_9014,KIAA1644
gene_9015,KIAA1671
gene_9016,KIAA1683
gene_9017,KIAA1704
gene_9018,KIAA1712
gene_9019,KIAA1715
gene_9020,KIAA1731
gene_9021,KIAA1737
gene_9022,KIAA1751
gene_9023,KIAA1755
gene_9024,KIAA1797
gene_9025,KIAA1804
gene_9026,KIAA1826
gene_9027,KIAA1841
gene_9028,KIAA1875
gene_9029,KIAA1908
gene_9030,KIAA1919
gene_9031,KIAA1949
gene_9032,KIAA1958
gene_9033,KIAA1967
gene_9034,KIAA1984
gene_9035,KIAA2013
gene_9036,KIAA2018
gene_9037,KIAA2022
gene_9038,KIAA2026
gene_9039,KIDINS220
gene_9040,KIF11
gene_9041,KIF12
gene_9042,KIF13A
gene_9043,KIF13B
gene_9044,KIF14
gene_9045,KIF15
gene_9046,KIF16B
gene_9047,KIF17
gene_9048,KIF18A
gene_9049,KIF18B
gene_9050,KIF19
gene_9051,KIF1A
gene_9052,KIF1B
gene_9053,KIF1C
gene_9054,KIF20A
gene_9055,KIF20B
gene_9056,KIF21A
gene_9057,KIF21B
gene_9058,KIF22
gene_9059,KIF23
gene_9060,KIF24
gene_9061,KIF25
gene_9062,KIF26A
gene_9063,KIF26B
gene_9064,KIF27
gene_9065,KIF2A
gene_9066,KIF2B
gene_9067,KIF2C
gene_9068,KIF3A
gene_9069,KIF3B
gene_9070,KIF3C
gene_9071,KIF4A
gene_9072,KIF4B
gene_9073,KIF5A
gene_9074,KIF5B
gene_9075,KIF5C
gene_9076,KIF6
gene_9077,KIF7
gene_9078,KIF9
gene_9079,KIFAP3
gene_9080,KIFC1
gene_9081,KIFC2
gene_9082,KIFC3
gene_9083,KILLIN
gene_9084,KIN
gene_9085,KIR2DL1
gene_9086,KIR2DL3
gene_9087,KIR2DL4
gene_9088,KIR2DS4
gene_9089,KIR3DL1
gene_9090,KIR3DL2
gene_9091,KIR3DL3
gene_9092,KIR3DP1
gene_9093,KIR3DX1
gene_9094,KIRREL2
gene_9095,KIRREL3
gene_9096,KIRREL
gene_9097,KISS1R
gene_9098,KISS1
gene_9099,KITLG
gene_9100,KIT
gene_9101,KLB
gene_9102,KLC1
gene_9103,KLC2
gene_9104,KLC3
gene_9105,KLC4
gene_9106,KLF10
gene_9107,KLF11
gene_9108,KLF12
gene_9109,KLF13
gene_9110,KLF14
gene_9111,KLF15
gene_9112,KLF16
gene_9113,KLF17
gene_9114,KLF1
gene_9115,KLF2
gene_9116,KLF3
gene_9117,KLF4
gene_9118,KLF5
gene_9119,KLF6
gene_9120,KLF7
gene_9121,KLF8
gene_9122,KLF9
gene_9123,KLHDC10
gene_9124,KLHDC1
gene_9125,KLHDC2
gene_9126,KLHDC3
gene_9127,KLHDC4
gene_9128,KLHDC5
gene_9129,KLHDC7A
gene_9130,KLHDC7B
gene_9131,KLHDC8A
gene_9132,KLHDC8B
gene_9133,KLHDC9
gene_9134,KLHL10
gene_9135,KLHL11
gene_9136,KLHL12
gene_9137,KLHL13
gene_9138,KLHL14
gene_9139,KLHL15
gene_9140,KLHL17
gene_9141,KLHL18
gene_9142,KLHL1
gene_9143,KLHL20
gene_9144,KLHL21
gene_9145,KLHL22
gene_9146,KLHL23
gene_9147,KLHL24
gene_9148,KLHL25
gene_9149,KLHL26
gene_9150,KLHL28
gene_9151,KLHL29
gene_9152,KLHL2
gene_9153,KLHL30
gene_9154,KLHL31
gene_9155,KLHL32
gene_9156,KLHL33
gene_9157,KLHL34
gene_9158,KLHL35
gene_9159,KLHL36
gene_9160,KLHL38
gene_9161,KLHL3
gene_9162,KLHL4
gene_9163,KLHL5
gene_9164,KLHL6
gene_9165,KLHL7
gene_9166,KLHL8
gene_9167,KLHL9
gene_9168,KLK10
gene_9169,KLK11
gene_9170,KLK12
gene_9171,KLK13
gene_9172,KLK14
gene_9173,KLK15
gene_9174,KLK1
gene_9175,KLK2
gene_9176,KLK3
gene_9177,KLK4
gene_9178,KLK5
gene_9179,KLK6
gene_9180,KLK7
gene_9181,KLK8
gene_9182,KLK9
gene_9183,KLKB1
gene_9184,KLKP1
gene_9185,KLRA1
gene_9186,KLRAQ1
gene_9187,KLRB1
gene_9188,KLRC1
gene_9189,KLRC2
gene_9190,KLRC3
gene_9191,KLRC4
gene_9192,KLRD1
gene_9193,KLRF1
gene_9194,KLRG1
gene_9195,KLRG2
gene_9196,KLRK1
gene_9197,KL
gene_9198,KMO
gene_9199,KNCN
gene_9200,KNDC1
gene_9201,KNG1
gene_9202,KNTC1
gene_9203,KPNA1
gene_9204,KPNA2
gene_9205,KPNA3
gene_9206,KPNA4
gene_9207,KPNA5
gene_9208,KPNA6
gene_9209,KPNA7
gene_9210,KPNB1
gene_9211,KPRP
gene_9212,KPTN
gene_9213,KRAS
gene_9214,KRBA1
gene_9215,KRBA2
gene_9216,KRCC1
gene_9217,KREMEN1
gene_9218,KREMEN2
gene_9219,KRI1
gene_9220,KRIT1
gene_9221,KRR1
gene_9222,KRT10
gene_9223,KRT12
gene_9224,KRT13
gene_9225,KRT14
gene_9226,KRT15
gene_9227,KRT16
gene_9228,KRT17
gene_9229,KRT18
gene_9230,KRT19
gene_9231,KRT1
gene_9232,KRT20
gene_9233,KRT222
gene_9234,KRT23
gene_9235,KRT24
gene_9236,KRT25
gene_9237,KRT26
gene_9238,KRT27
gene_9239,KRT28
gene_9240,KRT2
gene_9241,KRT31
gene_9242,KRT32
gene_9243,KRT33A
gene_9244,KRT33B
gene_9245,KRT34
gene_9246,KRT35
gene_9247,KRT36
gene_9248,KRT37
gene_9249,KRT38
gene_9250,KRT39
gene_9251,KRT3
gene_9252,KRT40
gene_9253,KRT4
gene_9254,KRT5
gene_9255,KRT6A
gene_9256,KRT6B
gene_9257,KRT6C
gene_9258,KRT71
gene_9259,KRT72
gene_9260,KRT73
gene_9261,KRT74
gene_9262,KRT75
gene_9263,KRT76
gene_9264,KRT77
gene_9265,KRT78
gene_9266,KRT79
gene_9267,KRT7
gene_9268,KRT80
gene_9269,KRT81
gene_9270,KRT82
gene_9271,KRT83
gene_9272,KRT84
gene_9273,KRT85
gene_9274,KRT86
gene_9275,KRT8
gene_9276,KRT9
gene_9277,KRTAP1-1
gene_9278,KRTAP1-3
gene_9279,KRTAP1-5
gene_9280,KRTAP10-10
gene_9281,KRTAP10-11
gene_9282,KRTAP10-12
gene_9283,KRTAP10-1
gene_9284,KRTAP10-2
gene_9285,KRTAP10-3
gene_9286,KRTAP10-4
gene_9287,KRTAP10-5
gene_9288,KRTAP10-6
gene_9289,KRTAP10-7
gene_9290,KRTAP10-8
gene_9291,KRTAP10-9
gene_9292,KRTAP11-1
gene_9293,KRTAP12-1
gene_9294,KRTAP12-2
gene_9295,KRTAP12-3
gene_9296,KRTAP12-4
gene_9297,KRTAP13-1
gene_9298,KRTAP13-2
gene_9299,KRTAP13-3
gene_9300,KRTAP13-4
gene_9301,KRTAP15-1
gene_9302,KRTAP17-1
gene_9303,KRTAP19-1
gene_9304,KRTAP19-2
gene_9305,KRTAP19-3
gene_9306,KRTAP19-4
gene_9307,KRTAP19-5
gene_9308,KRTAP19-6
gene_9309,KRTAP19-7
gene_9310,KRTAP19-8
gene_9311,KRTAP2-1
gene_9312,KRTAP2-2
gene_9313,KRTAP2-4
gene_9314,KRTAP20-1
gene_9315,KRTAP20-2
gene_9316,KRTAP20-3
gene_9317,KRTAP20-4
gene_9318,KRTAP21-1
gene_9319,KRTAP21-2
gene_9320,KRTAP22-1
gene_9321,KRTAP23-1
gene_9322,KRTAP24-1
gene_9323,KRTAP25-1
gene_9324,KRTAP26-1
gene_9325,KRTAP27-1
gene_9326,KRTAP3-1
gene_9327,KRTAP3-2
gene_9328,KRTAP3-3
gene_9329,KRTAP4-11
gene_9330,KRTAP4-12
gene_9331,KRTAP4-1
gene_9332,KRTAP4-2
gene_9333,KRTAP4-3
gene_9334,KRTAP4-4
gene_9335,KRTAP4-5
gene_9336,KRTAP4-7
gene_9337,KRTAP4-8
gene_9338,KRTAP4-9
gene_9339,KRTAP5-10
gene_9340,KRTAP5-11
gene_9341,KRTAP5-1
gene_9342,KRTAP5-2
gene_9343,KRTAP5-3
gene_9344,KRTAP5-4
gene_9345,KRTAP5-5
gene_9346,KRTAP5-6
gene_9347,KRTAP5-7
gene_9348,KRTAP5-8
gene_9349,KRTAP5-9
gene_9350,KRTAP6-1
gene_9351,KRTAP6-2
gene_9352,KRTAP6-3
gene_9353,KRTAP7-1
gene_9354,KRTAP8-1
gene_9355,KRTAP9-2
gene_9356,KRTAP9-4
gene_9357,KRTAP9-8
gene_9358,KRTAP9-9
gene_9359,KRTCAP2
gene_9360,KRTCAP3
gene_9361,KRTDAP
gene_9362,KSR1
gene_9363,KSR2
gene_9364,KTELC1
gene_9365,KTI12
gene_9366,KTN1
gene_9367,KYNU
gene_9368,KY
gene_9369,L1CAM
gene_9370,L1TD1
gene_9371,L2HGDH
gene_9372,L3MBTL2
gene_9373,L3MBTL3
gene_9374,L3MBTL4
gene_9375,L3MBTL
gene_9376,LACE1
gene_9377,LACRT
gene_9378,LACTB2
gene_9379,LACTB
gene_9380,LAD1
gene_9381,LAG3
gene_9382,LAGE3
gene_9383,LAIR1
gene_9384,LAIR2
gene_9385,LALBA
gene_9386,LAMA1
gene_9387,LAMA2
gene_9388,LAMA3
gene_9389,LAMA4
gene_9390,LAMA5
gene_9391,LAMB1
gene_9392,LAMB2L
gene_9393,LAMB2
gene_9394,LAMB3
gene_9395,LAMB4
gene_9396,LAMC1
gene_9397,LAMC2
gene_9398,LAMC3
gene_9399,LAMP1
gene_9400,LAMP2
gene_9401,LAMP3
gene_9402,LANCL1
gene_9403,LANCL2
gene_9404,LANCL3
gene_9405,LAP3
gene_9406,LAPTM4A
gene_9407,LAPTM4B
gene_9408,LAPTM5
gene_9409,LARGE
gene_9410,LARP1B
gene_9411,LARP1
gene_9412,LARP4B
gene_9413,LARP4
gene_9414,LARP6
gene_9415,LARP7
gene_9416,LARS2
gene_9417,LARS
gene_9418,LAS1L
gene_9419,LASP1
gene_9420,LASS1
gene_9421,LASS2
gene_9422,LASS3
gene_9423,LASS4
gene_9424,LASS5
gene_9425,LASS6
gene_9426,LAT2
gene_9427,LATS1
gene_9428,LATS2
gene_9429,LAT
gene_9430,LAX1
gene_9431,LAYN
gene_9432,LBH
gene_9433,LBP
gene_9434,LBR
gene_9435,LBX1
gene_9436,LBX2
gene_9437,LBXCOR1
gene_9438,LCA5L
gene_9439,LCA5
gene_9440,LCAT
gene_9441,LCE1A
gene_9442,LCE1B
gene_9443,LCE1C
gene_9444,LCE1D
gene_9445,LCE1E
gene_9446,LCE1F
gene_9447,LCE2A
gene_9448,LCE2B
gene_9449,LCE2C
gene_9450,LCE2D
gene_9451,LCE3A
gene_9452,LCE3B
gene_9453,LCE3C
gene_9454,LCE3D
gene_9455,LCE3E
gene_9456,LCE4A
gene_9457,LCE5A
gene_9458,LCE6A
gene_9459,LCK
gene_9460,LCLAT1
gene_9461,LCMT1
gene_9462,LCMT2
gene_9463,LCN10
gene_9464,LCN12
gene_9465,LCN15
gene_9466,LCN1
gene_9467,LCN2
gene_9468,LCN6
gene_9469,LCN8
gene_9470,LCN9
gene_9471,LCNL1
gene_9472,LCORL
gene_9473,LCOR
gene_9474,LCP1
gene_9475,LCP2
gene_9476,LCTL
gene_9477,LCT
gene_9478,LDB1
gene_9479,LDB2
gene_9480,LDB3
gene_9481,LDHAL6A
gene_9482,LDHAL6B
gene_9483,LDHA
gene_9484,LDHB
gene_9485,LDHC
gene_9486,LDHD
gene_9487,LDLRAD1
gene_9488,LDLRAD2
gene_9489,LDLRAD3
gene_9490,LDLRAP1
gene_9491,LDLR
gene_9492,LDOC1L
gene_9493,LDOC1
gene_9494,LEAP2
gene_9495,LECT1
gene_9496,LECT2
gene_9497,LEF1
gene_9498,LEFTY1
gene_9499,LEFTY2
gene_9500,LEKR1
gene_9501,LELP1
gene_9502,LEMD1
gene_9503,LEMD2
gene_9504,LEMD3
gene_9505,LENEP
gene_9506,LENG1
gene_9507,LENG8
gene_9508,LENG9
gene_9509,LEO1
gene_9510,LEPRE1
gene_9511,LEPREL1
gene_9512,LEPREL2
gene_9513,LEPROTL1
gene_9514,LEPROT
gene_9515,LEPR
gene_9516,LEP
gene_9517,LETM1
gene_9518,LETM2
gene_9519,LETMD1
gene_9520,LEUTX
gene_9521,LFNG
gene_9522,LGALS12
gene_9523,LGALS13
gene_9524,LGALS14
gene_9525,LGALS1
gene_9526,LGALS2
gene_9527,LGALS3BP
gene_9528,LGALS3
gene_9529,LGALS4
gene_9530,LGALS7B
gene_9531,LGALS7
gene_9532,LGALS8
gene_9533,LGALS9B
gene_9534,LGALS9C
gene_9535,LGALS9
gene_9536,LGI1
gene_9537,LGI2
gene_9538,LGI3
gene_9539,LGI4
gene_9540,LGMN
gene_9541,LGR4
gene_9542,LGR5
gene_9543,LGR6
gene_9544,LGSN
gene_9545,LGTN
gene_9546,LHB
gene_9547,LHCGR
gene_9548,LHFPL1
gene_9549,LHFPL2
gene_9550,LHFPL3
gene_9551,LHFPL4
gene_9552,LHFPL5
gene_9553,LHFP
gene_9554,LHPP
gene_9555,LHX1
gene_9556,LHX2
gene_9557,LHX3
gene_9558,LHX4
gene_9559,LHX5
gene_9560,LHX6
gene_9561,LHX8
gene_9562,LHX9
gene_9563,LIAS
gene_9564,LIFR
gene_9565,LIF
gene_9566,LIG1
gene_9567,LIG3
gene_9568,LIG4
gene_9569,LILRA1
gene_9570,LILRA2
gene_9571,LILRA3
gene_9572,LILRA4
gene_9573,LILRA5
gene_9574,LILRA6
gene_9575,LILRB1
gene_9576,LILRB2
gene_9577,LILRB3
gene_9578,LILRB4
gene_9579,LILRB5
gene_9580,LILRP2
gene_9581,LIM2
gene_9582,LIMA1
gene_9583,LIMCH1
gene_9584,LIMD1
gene_9585,LIMD2
gene_9586,LIME1
gene_9587,LIMK1
gene_9588,LIMK2
gene_9589,LIMS1
gene_9590,LIMS2
gene_9591,LIMS3-LOC440895
gene_9592,LIMS3
gene_9593,LIN28A
gene_9594,LIN28B
gene_9595,LIN37
gene_9596,LIN52
gene_9597,LIN54
gene_9598,LIN7A
gene_9599,LIN7B
gene_9600,LIN7C
gene_9601,LIN9
gene_9602,LINGO1
gene_9603,LINGO2
gene_9604,LINGO3
gene_9605,LINGO4
gene_9606,LINS1
gene_9607,LIPA
gene_9608,LIPC
gene_9609,LIPE
gene_9610,LIPF
gene_9611,LIPG
gene_9612,LIPH
gene_9613,LIPI
gene_9614,LIPJ
gene_9615,LIPK
gene_9616,LIPM
gene_9617,LIPN
gene_9618,LIPT1
gene_9619,LIPT2
gene_9620,LITAF
gene_9621,LIX1L
gene_9622,LIX1
gene_9623,LLGL1
gene_9624,LLGL2
gene_9625,LLPH
gene_9626,LMAN1L
gene_9627,LMAN1
gene_9628,LMAN2L
gene_9629,LMAN2
gene_9630,LMBR1L
gene_9631,LMBR1
gene_9632,LMBRD1
gene_9633,LMBRD2
gene_9634,LMCD1
gene_9635,LMF1
gene_9636,LMF2
gene_9637,LMLN
gene_9638,LMNA
gene_9639,LMNB1
gene_9640,LMNB2
gene_9641,LMO1
gene_9642,LMO2
gene_9643,LMO3
gene_9644,LMO4
gene_9645,LMO7
gene_9646,LMOD1
gene_9647,LMOD2
gene_9648,LMOD3
gene_9649,LMTK2
gene_9650,LMTK3
gene_9651,LMX1A
gene_9652,LMX1B
gene_9653,LNP1
gene_9654,LNPEP
gene_9655,LNX1
gene_9656,LNX2
gene_9657,LOC100009676
gene_9658,LOC100101266
gene_9659,LOC100101938
gene_9660,LOC100124692
gene_9661,LOC100125556
gene_9662,LOC100126784
gene_9663,LOC100127888
gene_9664,LOC100128023
gene_9665,LOC100128076
gene_9666,LOC100128164
gene_9667,LOC100128191
gene_9668,LOC100128239
gene_9669,LOC100128288
gene_9670,LOC100128292
gene_9671,LOC100128542
gene_9672,LOC100128554
gene_9673,LOC100128573
gene_9674,LOC100128640
gene_9675,LOC100128675
gene_9676,LOC100128788
gene_9677,LOC100128811
gene_9678,LOC100128822
gene_9679,LOC100128842
gene_9680,LOC100128977
gene_9681,LOC100129034
gene_9682,LOC100129055
gene_9683,LOC100129066
gene_9684,LOC100129387
gene_9685,LOC100129534
gene_9686,LOC100129550
gene_9687,LOC100129637
gene_9688,LOC100129716
gene_9689,LOC100129726
gene_9690,LOC100129935
gene_9691,LOC100130015
gene_9692,LOC100130093
gene_9693,LOC100130148
gene_9694,LOC100130238
gene_9695,LOC100130264
gene_9696,LOC100130274
gene_9697,LOC100130331
gene_9698,LOC100130386
gene_9699,LOC100130522
gene_9700,LOC100130557
gene_9701,LOC100130581
gene_9702,LOC100130691
gene_9703,LOC100130776
gene_9704,LOC100130872
gene_9705,LOC100130932
gene_9706,LOC100130933
gene_9707,LOC100130987
gene_9708,LOC100131193
gene_9709,LOC100131434
gene_9710,LOC100131496
gene_9711,LOC100131551
gene_9712,LOC100131691
gene_9713,LOC100131726
gene_9714,LOC100132111
gene_9715,LOC100132215
gene_9716,LOC100132247
gene_9717,LOC100132287
gene_9718,LOC100132288
gene_9719,LOC100132354
gene_9720,LOC100132707
gene_9721,LOC100132724
gene_9722,LOC100132831
gene_9723,LOC100132832
gene_9724,LOC100133050
gene_9725,LOC100133161
gene_9726,LOC100133308
gene_9727,LOC100133331
gene_9728,LOC100133469
gene_9729,LOC100133545
gene_9730,LOC100133612
gene_9731,LOC100133669
gene_9732,LOC100133893
gene_9733,LOC100133920
gene_9734,LOC100133957
gene_9735,LOC100133985
gene_9736,LOC100133991
gene_9737,LOC100134229
gene_9738,LOC100134259
gene_9739,LOC100134368
gene_9740,LOC100134713
gene_9741,LOC100134868
gene_9742,LOC100144603
gene_9743,LOC100144604
gene_9744,LOC100169752
gene_9745,LOC100170939
gene_9746,LOC100188947
gene_9747,LOC100188949
gene_9748,LOC100189589
gene_9749,LOC100190938
gene_9750,LOC100190939
gene_9751,LOC100190940
gene_9752,LOC100190986
gene_9753,LOC100192378
gene_9754,LOC100192379
gene_9755,LOC100192426
gene_9756,LOC100216001
gene_9757,LOC100216545
gene_9758,LOC100233209
gene_9759,LOC100240726
gene_9760,LOC100240734
gene_9761,LOC100240735
gene_9762,LOC100268168
gene_9763,LOC100270710
gene_9764,LOC100270746
gene_9765,LOC100270804
gene_9766,LOC100271722
gene_9767,LOC100271831
gene_9768,LOC100271832
gene_9769,LOC100271836
gene_9770,LOC100272146
gene_9771,LOC100272216
gene_9772,LOC100272217
gene_9773,LOC100272228
gene_9774,LOC100286793
gene_9775,LOC100286844
gene_9776,LOC100287227
gene_9777,LOC100287704
gene_9778,LOC100287718
gene_9779,LOC100288778
gene_9780,LOC100289341
gene_9781,LOC100302401
gene_9782,LOC100302640
gene_9783,LOC100302650
gene_9784,LOC100303728
gene_9785,LOC113230
gene_9786,LOC115110
gene_9787,LOC116437
gene_9788,LOC121838
gene_9789,LOC121952
gene_9790,LOC126536
gene_9791,LOC127841
gene_9792,LOC134466
gene_9793,LOC143188
gene_9794,LOC143666
gene_9795,LOC144438
gene_9796,LOC144486
gene_9797,LOC144571
gene_9798,LOC144742
gene_9799,LOC144776
gene_9800,LOC145474
gene_9801,LOC145783
gene_9802,LOC145820
gene_9803,LOC145837
gene_9804,LOC145845
gene_9805,LOC146336
gene_9806,LOC146481
gene_9807,LOC146880
gene_9808,LOC147727
gene_9809,LOC147804
gene_9810,LOC148145
gene_9811,LOC148189
gene_9812,LOC148413
gene_9813,LOC148696
gene_9814,LOC148709
gene_9815,LOC148824
gene_9816,LOC149134
gene_9817,LOC149620
gene_9818,LOC149837
gene_9819,LOC150185
gene_9820,LOC150197
gene_9821,LOC150381
gene_9822,LOC150527
gene_9823,LOC150568
gene_9824,LOC150622
gene_9825,LOC150776
gene_9826,LOC150786
gene_9827,LOC151009
gene_9828,LOC151162
gene_9829,LOC151174
gene_9830,LOC151300
gene_9831,LOC151534
gene_9832,LOC151658
gene_9833,LOC152024
gene_9834,LOC152217
gene_9835,LOC152225
gene_9836,LOC153328
gene_9837,LOC153684
gene_9838,LOC153910
gene_9839,LOC154449
gene_9840,LOC154761
gene_9841,LOC154822
gene_9842,LOC157381
gene_9843,LOC157627
gene_9844,LOC158376
gene_9845,LOC158572
gene_9846,LOC158696
gene_9847,LOC162632
gene_9848,LOC168474
gene_9849,LOC200030
gene_9850,LOC200726
gene_9851,LOC201651
gene_9852,LOC202181
gene_9853,LOC202781
gene_9854,LOC219347
gene_9855,LOC220429
gene_9856,LOC220594
gene_9857,LOC220729
gene_9858,LOC220930
gene_9859,LOC221122
gene_9860,LOC221442
gene_9861,LOC221710
gene_9862,LOC222699
gene_9863,LOC253039
gene_9864,LOC253724
gene_9865,LOC254312
gene_9866,LOC254559
gene_9867,LOC255025
gene_9868,LOC255167
gene_9869,LOC256880
gene_9870,LOC257358
gene_9871,LOC25845
gene_9872,LOC26102
gene_9873,LOC282997
gene_9874,LOC283050
gene_9875,LOC283070
gene_9876,LOC283174
gene_9877,LOC283267
gene_9878,LOC283314
gene_9879,LOC283332
gene_9880,LOC283392
gene_9881,LOC283404
gene_9882,LOC283663
gene_9883,LOC283731
gene_9884,LOC283761
gene_9885,LOC283856
gene_9886,LOC283867
gene_9887,LOC283914
gene_9888,LOC283922
gene_9889,LOC283999
gene_9890,LOC284009
gene_9891,LOC284023
gene_9892,LOC284100
gene_9893,LOC284232
gene_9894,LOC284233
gene_9895,LOC284276
gene_9896,LOC284379
gene_9897,LOC284440
gene_9898,LOC284441
gene_9899,LOC284551
gene_9900,LOC284578
gene_9901,LOC284632
gene_9902,LOC284661
gene_9903,LOC284688
gene_9904,LOC284749
gene_9905,LOC284788
gene_9906,LOC284798
gene_9907,LOC284837
gene_9908,LOC284900
gene_9909,LOC285033
gene_9910,LOC285045
gene_9911,LOC285074
gene_9912,LOC285194
gene_9913,LOC285205
gene_9914,LOC285359
gene_9915,LOC285370
gene_9916,LOC285375
gene_9917,LOC285401
gene_9918,LOC285419
gene_9919,LOC285456
gene_9920,LOC285501
gene_9921,LOC285548
gene_9922,LOC285593
gene_9923,LOC285627
gene_9924,LOC285629
gene_9925,LOC285692
gene_9926,LOC285696
gene_9927,LOC285733
gene_9928,LOC285735
gene_9929,LOC285740
gene_9930,LOC285768
gene_9931,LOC285780
gene_9932,LOC285796
gene_9933,LOC285830
gene_9934,LOC285847
gene_9935,LOC285954
gene_9936,LOC286002
gene_9937,LOC286094
gene_9938,LOC286135
gene_9939,LOC286238
gene_9940,LOC286359
gene_9941,LOC286367
gene_9942,LOC286467
gene_9943,LOC29034
gene_9944,LOC338588
gene_9945,LOC338651
gene_9946,LOC338758
gene_9947,LOC338799
gene_9948,LOC339047
gene_9949,LOC339240
gene_9950,LOC339290
gene_9951,LOC339524
gene_9952,LOC339535
gene_9953,LOC339568
gene_9954,LOC339674
gene_9955,LOC339788
gene_9956,LOC340017
gene_9957,LOC340074
gene_9958,LOC340094
gene_9959,LOC340357
gene_9960,LOC340508
gene_9961,LOC341056
gene_9962,LOC342346
gene_9963,LOC344595
gene_9964,LOC344967
gene_9965,LOC347376
gene_9966,LOC348021
gene_9967,LOC348840
gene_9968,LOC348926
gene_9969,LOC349114
gene_9970,LOC349196
gene_9971,LOC360030
gene_9972,LOC374443
gene_9973,LOC374491
gene_9974,LOC375190
gene_9975,LOC387646
gene_9976,LOC387647
gene_9977,LOC388152
gene_9978,LOC388242
gene_9979,LOC388387
gene_9980,LOC388428
gene_9981,LOC388588
gene_9982,LOC388692
gene_9983,LOC388789
gene_9984,LOC388796
gene_9985,LOC388946
gene_9986,LOC388955
gene_9987,LOC389033
gene_9988,LOC389332
gene_9989,LOC389333
gene_9990,LOC389458
gene_9991,LOC389493
gene_9992,LOC389634
gene_9993,LOC389705
gene_9994,LOC389791
gene_9995,LOC390595
gene_9996,LOC390858
gene_9997,LOC391322
gene_9998,LOC392196
gene_9999,LOC399744
gene_10000,LOC399815
gene_10001,LOC399959
gene_10002,LOC400027
gene_10003,LOC400043
gene_10004,LOC400657
gene_10005,LOC400696
gene_10006,LOC400752
gene_10007,LOC400759
gene_10008,LOC400794
gene_10009,LOC400804
gene_10010,LOC400891
gene_10011,LOC400927
gene_10012,LOC400931
gene_10013,LOC400940
gene_10014,LOC401010
gene_10015,LOC401052
gene_10016,LOC401093
gene_10017,LOC401127
gene_10018,LOC401387
gene_10019,LOC401397
gene_10020,LOC401431
gene_10021,LOC401463
gene_10022,LOC401588
gene_10023,LOC402377
gene_10024,LOC402644
gene_10025,LOC407835
gene_10026,LOC415056
gene_10027,LOC440040
gene_10028,LOC440173
gene_10029,LOC440354
gene_10030,LOC440356
gene_10031,LOC440461
gene_10032,LOC440563
gene_10033,LOC440896
gene_10034,LOC440905
gene_10035,LOC440925
gene_10036,LOC440944
gene_10037,LOC440957
gene_10038,LOC441046
gene_10039,LOC441089
gene_10040,LOC441177
gene_10041,LOC441204
gene_10042,LOC441208
gene_10043,LOC441294
gene_10044,LOC441454
gene_10045,LOC441455
gene_10046,LOC441601
gene_10047,LOC441666
gene_10048,LOC441869
gene_10049,LOC442308
gene_10050,LOC442421
gene_10051,LOC442454
gene_10052,LOC442459
gene_10053,LOC493754
gene_10054,LOC494141
gene_10055,LOC541471
gene_10056,LOC541473
gene_10057,LOC550112
gene_10058,LOC550643
gene_10059,LOC554202
gene_10060,LOC55908
gene_10061,LOC572558
gene_10062,LOC595101
gene_10063,LOC606724
gene_10064,LOC613037
gene_10065,LOC619207
gene_10066,LOC641298
gene_10067,LOC641367
gene_10068,LOC642587
gene_10069,LOC642597
gene_10070,LOC642826
gene_10071,LOC642846
gene_10072,LOC642852
gene_10073,LOC642929
gene_10074,LOC643008
gene_10075,LOC643387
gene_10076,LOC643486
gene_10077,LOC643677
gene_10078,LOC643719
gene_10079,LOC643763
gene_10080,LOC643837
gene_10081,LOC643923
gene_10082,LOC643955
gene_10083,LOC644145
gene_10084,LOC644165
gene_10085,LOC644172
gene_10086,LOC644538
gene_10087,LOC644669
gene_10088,LOC644936
gene_10089,LOC645166
gene_10090,LOC645323
gene_10091,LOC645332
gene_10092,LOC645431
gene_10093,LOC645676
gene_10094,LOC645752
gene_10095,LOC646214
gene_10096,LOC646471
gene_10097,LOC646498
gene_10098,LOC646627
gene_10099,LOC646762
gene_10100,LOC646813
gene_10101,LOC646851
gene_10102,LOC646982
gene_10103,LOC646999
gene_10104,LOC647121
gene_10105,LOC647288
gene_10106,LOC647309
gene_10107,LOC647859
gene_10108,LOC647946
gene_10109,LOC647979
gene_10110,LOC648691
gene_10111,LOC648740
gene_10112,LOC649330
gene_10113,LOC650293
gene_10114,LOC650368
gene_10115,LOC650623
gene_10116,LOC651250
gene_10117,LOC652276
gene_10118,LOC653113
gene_10119,LOC653501
gene_10120,LOC653544
gene_10121,LOC653545
gene_10122,LOC653566
gene_10123,LOC653653
gene_10124,LOC653786
gene_10125,LOC654342
gene_10126,LOC654433
gene_10127,LOC678655
gene_10128,LOC723809
gene_10129,LOC723972
gene_10130,LOC727677
gene_10131,LOC727896
gene_10132,LOC727924
gene_10133,LOC728024
gene_10134,LOC728190
gene_10135,LOC728264
gene_10136,LOC728276
gene_10137,LOC728323
gene_10138,LOC728392
gene_10139,LOC728410
gene_10140,LOC728554
gene_10141,LOC728606
gene_10142,LOC728613
gene_10143,LOC728640
gene_10144,LOC728643
gene_10145,LOC728723
gene_10146,LOC728743
gene_10147,LOC728758
gene_10148,LOC728819
gene_10149,LOC728855
gene_10150,LOC728875
gene_10151,LOC728989
gene_10152,LOC729020
gene_10153,LOC729082
gene_10154,LOC729121
gene_10155,LOC729156
gene_10156,LOC729176
gene_10157,LOC729234
gene_10158,LOC729375
gene_10159,LOC729467
gene_10160,LOC729603
gene_10161,LOC729609
gene_10162,LOC729668
gene_10163,LOC729678
gene_10164,LOC729799
gene_10165,LOC729991-MEF2B
gene_10166,LOC729991
gene_10167,LOC730101
gene_10168,LOC730668
gene_10169,LOC730811
gene_10170,LOC731779
gene_10171,LOC731789
gene_10172,LOC732275
gene_10173,LOC80054
gene_10174,LOC80154
gene_10175,LOC81691
gene_10176,LOC84740
gene_10177,LOC84856
gene_10178,LOC84931
gene_10179,LOC84989
gene_10180,LOC90110
gene_10181,LOC90246
gene_10182,LOC90586
gene_10183,LOC90784
gene_10184,LOC90834
gene_10185,LOC91149
gene_10186,LOC91316
gene_10187,LOC91450
gene_10188,LOC91948
gene_10189,LOC92249
gene_10190,LOC92659
gene_10191,LOC92973
gene_10192,LOC93432
gene_10193,LOC93622
gene_10194,LOC96610
gene_10195,LOH12CR1
gene_10196,LOH12CR2
gene_10197,LOH3CR2A
gene_10198,LONP1
gene_10199,LONP2
gene_10200,LONRF1
gene_10201,LONRF2
gene_10202,LONRF3
gene_10203,LOR
gene_10204,LOXHD1
gene_10205,LOXL1
gene_10206,LOXL2
gene_10207,LOXL3
gene_10208,LOXL4
gene_10209,LOX
gene_10210,LPAL2
gene_10211,LPAR1
gene_10212,LPAR2
gene_10213,LPAR3
gene_10214,LPAR4
gene_10215,LPAR5
gene_10216,LPAR6
gene_10217,LPA
gene_10218,LPCAT1
gene_10219,LPCAT2
gene_10220,LPCAT3
gene_10221,LPCAT4
gene_10222,LPGAT1
gene_10223,LPHN1
gene_10224,LPHN2
gene_10225,LPHN3
gene_10226,LPIN1
gene_10227,LPIN2
gene_10228,LPIN3
gene_10229,LPL
gene_10230,LPO
gene_10231,LPPR1
gene_10232,LPPR2
gene_10233,LPPR3
gene_10234,LPPR4
gene_10235,LPPR5
gene_10236,LPP
gene_10237,LPXN
gene_10238,LQK1
gene_10239,LRAT
gene_10240,LRBA
gene_10241,LRCH1
gene_10242,LRCH2
gene_10243,LRCH3
gene_10244,LRCH4
gene_10245,LRDD
gene_10246,LRFN1
gene_10247,LRFN2
gene_10248,LRFN3
gene_10249,LRFN4
gene_10250,LRFN5
gene_10251,LRG1
gene_10252,LRGUK
gene_10253,LRIG1
gene_10254,LRIG2
gene_10255,LRIG3
gene_10256,LRIT1
gene_10257,LRIT2
gene_10258,LRIT3
gene_10259,LRMP
gene_10260,LRP10
gene_10261,LRP11
gene_10262,LRP12
gene_10263,LRP1B
gene_10264,LRP1
gene_10265,LRP2BP
gene_10266,LRP2
gene_10267,LRP3
gene_10268,LRP4
gene_10269,LRP5L
gene_10270,LRP5
gene_10271,LRP6
gene_10272,LRP8
gene_10273,LRPAP1
gene_10274,LRPPRC
gene_10275,LRRC10B
gene_10276,LRRC10
gene_10277,LRRC14B
gene_10278,LRRC14
gene_10279,LRRC15
gene_10280,LRRC16A
gene_10281,LRRC16B
gene_10282,LRRC17
gene_10283,LRRC18
gene_10284,LRRC19
gene_10285,LRRC1
gene_10286,LRRC20
gene_10287,LRRC23
gene_10288,LRRC24
gene_10289,LRRC25
gene_10290,LRRC26
gene_10291,LRRC27
gene_10292,LRRC28
gene_10293,LRRC29
gene_10294,LRRC2
gene_10295,LRRC30
gene_10296,LRRC31
gene_10297,LRRC32
gene_10298,LRRC33
gene_10299,LRRC34
gene_10300,LRRC36
gene_10301,LRRC37A2
gene_10302,LRRC37A3
gene_10303,LRRC37A4
gene_10304,LRRC37A
gene_10305,LRRC37B2
gene_10306,LRRC37B
gene_10307,LRRC39
gene_10308,LRRC3B
gene_10309,LRRC3
gene_10310,LRRC40
gene_10311,LRRC41
gene_10312,LRRC42
gene_10313,LRRC43
gene_10314,LRRC45
gene_10315,LRRC46
gene_10316,LRRC47
gene_10317,LRRC48
gene_10318,LRRC49
gene_10319,LRRC4B
gene_10320,LRRC4C
gene_10321,LRRC4
gene_10322,LRRC50
gene_10323,LRRC52
gene_10324,LRRC55
gene_10325,LRRC56
gene_10326,LRRC57
gene_10327,LRRC58
gene_10328,LRRC59
gene_10329,LRRC61
gene_10330,LRRC66
gene_10331,LRRC67
gene_10332,LRRC69
gene_10333,LRRC6
gene_10334,LRRC70
gene_10335,LRRC7
gene_10336,LRRC8A
gene_10337,LRRC8B
gene_10338,LRRC8C
gene_10339,LRRC8D
gene_10340,LRRC8E
gene_10341,LRRCC1
gene_10342,LRRFIP1
gene_10343,LRRFIP2
gene_10344,LRRIQ1
gene_10345,LRRIQ3
gene_10346,LRRIQ4
gene_10347,LRRK1
gene_10348,LRRK2
gene_10349,LRRN1
gene_10350,LRRN2
gene_10351,LRRN3
gene_10352,LRRN4CL
gene_10353,LRRN4
gene_10354,LRRTM1
gene_10355,LRRTM2
gene_10356,LRRTM3
gene_10357,LRRTM4
gene_10358,LRSAM1
gene_10359,LRTM1
gene_10360,LRTM2
gene_10361,LRTOMT
gene_10362,LRWD1
gene_10363,LSAMP
gene_10364,LSG1
gene_10365,LSM10
gene_10366,LSM11
gene_10367,LSM12
gene_10368,LSM14A
gene_10369,LSM14B
gene_10370,LSM1
gene_10371,LSM2
gene_10372,LSM3
gene_10373,LSM4
gene_10374,LSM5
gene_10375,LSM6
gene_10376,LSM7
gene_10377,LSMD1
gene_10378,LSP1
gene_10379,LSR
gene_10380,LSS
gene_10381,LST-3TM12
gene_10382,LST1
gene_10383,LTA4H
gene_10384,LTA
gene_10385,LTB4R2
gene_10386,LTB4R
gene_10387,LTBP1
gene_10388,LTBP2
gene_10389,LTBP3
gene_10390,LTBP4
gene_10391,LTBR
gene_10392,LTB
gene_10393,LTC4S
gene_10394,LTF
gene_10395,LTK
gene_10396,LTV1
gene_10397,LUC7L2
gene_10398,LUC7L3
gene_10399,LUC7L
gene_10400,LUM
gene_10401,LUZP1
gene_10402,LUZP2
gene_10403,LUZP4
gene_10404,LUZP6
gene_10405,LXN
gene_10406,LY6D
gene_10407,LY6E
gene_10408,LY6G5B
gene_10409,LY6G5C
gene_10410,LY6G6C
gene_10411,LY6G6D
gene_10412,LY6G6E
gene_10413,LY6G6F
gene_10414,LY6H
gene_10415,LY6K
gene_10416,LY75
gene_10417,LY86
gene_10418,LY96
gene_10419,LY9
gene_10420,LYAR
gene_10421,LYG1
gene_10422,LYG2
gene_10423,LYL1
gene_10424,LYNX1
gene_10425,LYN
gene_10426,LYPD1
gene_10427,LYPD2
gene_10428,LYPD3
gene_10429,LYPD4
gene_10430,LYPD5
gene_10431,LYPD6B
gene_10432,LYPD6
gene_10433,LYPLA1
gene_10434,LYPLA2P1
gene_10435,LYPLA2
gene_10436,LYPLAL1
gene_10437,LYRM1
gene_10438,LYRM2
gene_10439,LYRM4
gene_10440,LYRM5
gene_10441,LYRM7
gene_10442,LYSMD1
gene_10443,LYSMD2
gene_10444,LYSMD3
gene_10445,LYSMD4
gene_10446,LYST
gene_10447,LYVE1
gene_10448,LYZL1
gene_10449,LYZL2
gene_10450,LYZL4
gene_10451,LYZL6
gene_10452,LYZ
gene_10453,LZIC
gene_10454,LZTFL1
gene_10455,LZTR1
gene_10456,LZTS1
gene_10457,LZTS2
gene_10458,M6PR
gene_10459,MAB21L1
gene_10460,MAB21L2
gene_10461,MACC1
gene_10462,MACF1
gene_10463,MACROD1
gene_10464,MACROD2
gene_10465,MAD1L1
gene_10466,MAD2L1BP
gene_10467,MAD2L1
gene_10468,MAD2L2
gene_10469,MADCAM1
gene_10470,MADD
gene_10471,MAEA
gene_10472,MAEL
gene_10473,MAF1
gene_10474,MAFA
gene_10475,MAFB
gene_10476,MAFF
gene_10477,MAFG
gene_10478,MAFK
gene_10479,MAF
gene_10480,MAGEA10
gene_10481,MAGEA11
gene_10482,MAGEA12
gene_10483,MAGEA1
gene_10484,MAGEA2
gene_10485,MAGEA3
gene_10486,MAGEA4
gene_10487,MAGEA5
gene_10488,MAGEA6
gene_10489,MAGEA8
gene_10490,MAGEA9B
gene_10491,MAGEB10
gene_10492,MAGEB16
gene_10493,MAGEB18
gene_10494,MAGEB1
gene_10495,MAGEB2
gene_10496,MAGEB3
gene_10497,MAGEB4
gene_10498,MAGEB6
gene_10499,MAGEC1
gene_10500,MAGEC2
gene_10501,MAGEC3
gene_10502,MAGED1
gene_10503,MAGED2
gene_10504,MAGED4B
gene_10505,MAGED4
gene_10506,MAGEE1
gene_10507,MAGEE2
gene_10508,MAGEF1
gene_10509,MAGEH1
gene_10510,MAGEL2
gene_10511,MAGI1
gene_10512,MAGI2
gene_10513,MAGI3
gene_10514,MAGIX
gene_10515,MAGOHB
gene_10516,MAGOH
gene_10517,MAGT1
gene_10518,MAG
gene_10519,MAK16
gene_10520,MAK
gene_10521,MAL2
gene_10522,MALAT1
gene_10523,MALL
gene_10524,MALT1
gene_10525,MAL
gene_10526,MAMDC2
gene_10527,MAMDC4
gene_10528,MAML1
gene_10529,MAML2
gene_10530,MAML3
gene_10531,MAMLD1
gene_10532,MAMSTR
gene_10533,MAN1A1
gene_10534,MAN1A2
gene_10535,MAN1B1
gene_10536,MAN1C1
gene_10537,MAN2A1
gene_10538,MAN2A2
gene_10539,MAN2B1
gene_10540,MAN2B2
gene_10541,MAN2C1
gene_10542,MANBAL
gene_10543,MANBA
gene_10544,MANEAL
gene_10545,MANEA
gene_10546,MANF
gene_10547,MANSC1
gene_10548,MAOA
gene_10549,MAOB
gene_10550,MAP1A
gene_10551,MAP1B
gene_10552,MAP1D
gene_10553,MAP1LC3A
gene_10554,MAP1LC3B2
gene_10555,MAP1LC3B
gene_10556,MAP1LC3C
gene_10557,MAP1S
gene_10558,MAP2K1
gene_10559,MAP2K2
gene_10560,MAP2K3
gene_10561,MAP2K4
gene_10562,MAP2K5
gene_10563,MAP2K6
gene_10564,MAP2K7
gene_10565,MAP2
gene_10566,MAP3K10
gene_10567,MAP3K11
gene_10568,MAP3K12
gene_10569,MAP3K13
gene_10570,MAP3K14
gene_10571,MAP3K15
gene_10572,MAP3K1
gene_10573,MAP3K2
gene_10574,MAP3K3
gene_10575,MAP3K4
gene_10576,MAP3K5
gene_10577,MAP3K6
gene_10578,MAP3K7
gene_10579,MAP3K8
gene_10580,MAP3K9
gene_10581,MAP4K1
gene_10582,MAP4K2
gene_10583,MAP4K3
gene_10584,MAP4K4
gene_10585,MAP4K5
gene_10586,MAP4
gene_10587,MAP6D1
gene_10588,MAP6
gene_10589,MAP7D1
gene_10590,MAP7D2
gene_10591,MAP7D3
gene_10592,MAP7
gene_10593,MAP9
gene_10594,MAPK10
gene_10595,MAPK11
gene_10596,MAPK12
gene_10597,MAPK13
gene_10598,MAPK14
gene_10599,MAPK15
gene_10600,MAPK1IP1L
gene_10601,MAPK1
gene_10602,MAPK3
gene_10603,MAPK4
gene_10604,MAPK6
gene_10605,MAPK7
gene_10606,MAPK8IP1
gene_10607,MAPK8IP2
gene_10608,MAPK8IP3
gene_10609,MAPK8
gene_10610,MAPK9
gene_10611,MAPKAP1
gene_10612,MAPKAPK2
gene_10613,MAPKAPK3
gene_10614,MAPKAPK5
gene_10615,MAPKBP1
gene_10616,MAPKSP1
gene_10617,MAPRE1
gene_10618,MAPRE2
gene_10619,MAPRE3
gene_10620,MAPT
gene_10621,MARCH10
gene_10622,MARCH11
gene_10623,MARCH1
gene_10624,MARCH2
gene_10625,MARCH3
gene_10626,MARCH4
gene_10627,MARCH5
gene_10628,MARCH6
gene_10629,MARCH7
gene_10630,MARCH8
gene_10631,MARCH9
gene_10632,MARCKSL1
gene_10633,MARCKS
gene_10634,MARCO
gene_10635,MARK1
gene_10636,MARK2
gene_10637,MARK3
gene_10638,MARK4
gene_10639,MARS2
gene_10640,MARS
gene_10641,MARVELD1
gene_10642,MARVELD2
gene_10643,MARVELD3
gene_10644,MAS1L
gene_10645,MAS1
gene_10646,MASP1
gene_10647,MASP2
gene_10648,MAST1
gene_10649,MAST2
gene_10650,MAST3
gene_10651,MAST4
gene_10652,MASTL
gene_10653,MAT1A
gene_10654,MAT2A
gene_10655,MAT2B
gene_10656,MATK
gene_10657,MATN1
gene_10658,MATN2
gene_10659,MATN3
gene_10660,MATN4
gene_10661,MATR3
gene_10662,MAVS
gene_10663,MAX
gene_10664,MAZ
gene_10665,MBD1
gene_10666,MBD2
gene_10667,MBD3L1
gene_10668,MBD3L2
gene_10669,MBD3L5
gene_10670,MBD3
gene_10671,MBD4
gene_10672,MBD5
gene_10673,MBD6
gene_10674,MBIP
gene_10675,MBL1P
gene_10676,MBL2
gene_10677,MBLAC1
gene_10678,MBLAC2
gene_10679,MBNL1
gene_10680,MBNL2
gene_10681,MBNL3
gene_10682,MBOAT1
gene_10683,MBOAT2
gene_10684,MBOAT4
gene_10685,MBOAT7
gene_10686,MBP
gene_10687,MBTD1
gene_10688,MBTPS1
gene_10689,MBTPS2
gene_10690,MB
gene_10691,MC1R
gene_10692,MC2R
gene_10693,MC3R
gene_10694,MC4R
gene_10695,MC5R
gene_10696,MCAM
gene_10697,MCART1
gene_10698,MCART2
gene_10699,MCART3P
gene_10700,MCART6
gene_10701,MCAT
gene_10702,MCCC1
gene_10703,MCCC2
gene_10704,MCCD1
gene_10705,MCC
gene_10706,MCEE
gene_10707,MCF2L2
gene_10708,MCF2L
gene_10709,MCF2
gene_10710,MCFD2
gene_10711,MCHR1
gene_10712,MCHR2
gene_10713,MCL1
gene_10714,MCM10
gene_10715,MCM2
gene_10716,MCM3APAS
gene_10717,MCM3AP
gene_10718,MCM3
gene_10719,MCM4
gene_10720,MCM5
gene_10721,MCM6
gene_10722,MCM7
gene_10723,MCM8
gene_10724,MCM9
gene_10725,MCOLN1
gene_10726,MCOLN2
gene_10727,MCOLN3
gene_10728,MCPH1
gene_10729,MCRS1
gene_10730,MCTP1
gene_10731,MCTP2
gene_10732,MCTS1
gene_10733,MDC1
gene_10734,MDFIC
gene_10735,MDFI
gene_10736,MDGA1
gene_10737,MDGA2
gene_10738,MDH1B
gene_10739,MDH1
gene_10740,MDH2
gene_10741,MDK
gene_10742,MDM1
gene_10743,MDM2
gene_10744,MDM4
gene_10745,MDN1
gene_10746,MDP1
gene_10747,MDS2
gene_10748,ME1
gene_10749,ME2
gene_10750,ME3
gene_10751,MEA1
gene_10752,MEAF6
gene_10753,MECOM
gene_10754,MECP2
gene_10755,MECR
gene_10756,MED10
gene_10757,MED11
gene_10758,MED12L
gene_10759,MED12
gene_10760,MED13L
gene_10761,MED13
gene_10762,MED14
gene_10763,MED15
gene_10764,MED16
gene_10765,MED17
gene_10766,MED18
gene_10767,MED19
gene_10768,MED1
gene_10769,MED20
gene_10770,MED21
gene_10771,MED22
gene_10772,MED23
gene_10773,MED24
gene_10774,MED25
gene_10775,MED26
gene_10776,MED27
gene_10777,MED28
gene_10778,MED29
gene_10779,MED30
gene_10780,MED31
gene_10781,MED4
gene_10782,MED6
gene_10783,MED7
gene_10784,MED8
gene_10785,MED9
gene_10786,MEF2A
gene_10787,MEF2B
gene_10788,MEF2C
gene_10789,MEF2D
gene_10790,MEFV
gene_10791,MEG3
gene_10792,MEG8
gene_10793,MEGF10
gene_10794,MEGF11
gene_10795,MEGF6
gene_10796,MEGF8
gene_10797,MEGF9
gene_10798,MEI1
gene_10799,MEIG1
gene_10800,MEIS1
gene_10801,MEIS2
gene_10802,MEIS3P1
gene_10803,MEIS3
gene_10804,MELK
gene_10805,MEMO1
gene_10806,MEN1
gene_10807,MEOX1
gene_10808,MEOX2
gene_10809,MEP1A
gene_10810,MEP1B
gene_10811,MEPCE
gene_10812,MEPE
gene_10813,MERTK
gene_10814,MESDC1
gene_10815,MESDC2
gene_10816,MESP1
gene_10817,MESP2
gene_10818,MESTIT1
gene_10819,MEST
gene_10820,METAP1
gene_10821,METAP2
gene_10822,METRNL
gene_10823,METRN
gene_10824,METT10D
gene_10825,METT11D1
gene_10826,METT5D1
gene_10827,METTL10
gene_10828,METTL11A
gene_10829,METTL11B
gene_10830,METTL12
gene_10831,METTL13
gene_10832,METTL14
gene_10833,METTL1
gene_10834,METTL2A
gene_10835,METTL2B
gene_10836,METTL3
gene_10837,METTL4
gene_10838,METTL5
gene_10839,METTL6
gene_10840,METTL7A
gene_10841,METTL7B
gene_10842,METTL8
gene_10843,METTL9
gene_10844,MET
gene_10845,MEX3A
gene_10846,MEX3B
gene_10847,MEX3C
gene_10848,MEX3D
gene_10849,MFAP1
gene_10850,MFAP2
gene_10851,MFAP3L
gene_10852,MFAP3
gene_10853,MFAP4
gene_10854,MFAP5
gene_10855,MFF
gene_10856,MFGE8
gene_10857,MFHAS1
gene_10858,MFI2
gene_10859,MFN1
gene_10860,MFN2
gene_10861,MFNG
gene_10862,MFRP
gene_10863,MFSD10
gene_10864,MFSD11
gene_10865,MFSD1
gene_10866,MFSD2A
gene_10867,MFSD2B
gene_10868,MFSD3
gene_10869,MFSD4
gene_10870,MFSD5
gene_10871,MFSD6L
gene_10872,MFSD6
gene_10873,MFSD7
gene_10874,MFSD8
gene_10875,MFSD9
gene_10876,MGAM
gene_10877,MGAT1
gene_10878,MGAT2
gene_10879,MGAT3
gene_10880,MGAT4A
gene_10881,MGAT4B
gene_10882,MGAT4C
gene_10883,MGAT5B
gene_10884,MGAT5
gene_10885,MGA
gene_10886,MGC12916
gene_10887,MGC12982
gene_10888,MGC14436
gene_10889,MGC15885
gene_10890,MGC16025
gene_10891,MGC16121
gene_10892,MGC16142
gene_10893,MGC16275
gene_10894,MGC16384
gene_10895,MGC16703
gene_10896,MGC21881
gene_10897,MGC23270
gene_10898,MGC23284
gene_10899,MGC26647
gene_10900,MGC27382
gene_10901,MGC2752
gene_10902,MGC2889
gene_10903,MGC29506
gene_10904,MGC34034
gene_10905,MGC3771
gene_10906,MGC42105
gene_10907,MGC4473
gene_10908,MGC45800
gene_10909,MGC57346
gene_10910,MGC70857
gene_10911,MGC72080
gene_10912,MGC87042
gene_10913,MGEA5
gene_10914,MGLL
gene_10915,MGMT
gene_10916,MGP
gene_10917,MGRN1
gene_10918,MGST1
gene_10919,MGST2
gene_10920,MGST3
gene_10921,MIA2
gene_10922,MIA3
gene_10923,MIAT
gene_10924,MIA
gene_10925,MIB1
gene_10926,MIB2
gene_10927,MICAL1
gene_10928,MICAL2
gene_10929,MICAL3
gene_10930,MICALCL
gene_10931,MICALL1
gene_10932,MICALL2
gene_10933,MICA
gene_10934,MICB
gene_10935,MID1IP1
gene_10936,MID1
gene_10937,MID2
gene_10938,MIDN
gene_10939,MIER1
gene_10940,MIER2
gene_10941,MIER3
gene_10942,MIF4GD
gene_10943,MIF
gene_10944,MIIP
gene_10945,MIMT1
gene_10946,MINA
gene_10947,MINK1
gene_10948,MINPP1
gene_10949,MIOS
gene_10950,MIOX
gene_10951,MIPEP
gene_10952,MIPOL1
gene_10953,MIP
gene_10954,MIR155HG
gene_10955,MIR17HG
gene_10956,MIS12
gene_10957,MITD1
gene_10958,MITF
gene_10959,MIXL1
gene_10960,MKI67IP
gene_10961,MKI67
gene_10962,MKKS
gene_10963,MKL1
gene_10964,MKL2
gene_10965,MKLN1
gene_10966,MKNK1
gene_10967,MKNK2
gene_10968,MKRN1
gene_10969,MKRN2
gene_10970,MKRN3
gene_10971,MKS1
gene_10972,MKX
gene_10973,MLANA
gene_10974,MLC1
gene_10975,MLEC
gene_10976,MLF1IP
gene_10977,MLF1
gene_10978,MLF2
gene_10979,MLH1
gene_10980,MLH3
gene_10981,MLKL
gene_10982,MLL2
gene_10983,MLL3
gene_10984,MLL4
gene_10985,MLL5
gene_10986,MLLT10
gene_10987,MLLT11
gene_10988,MLLT1
gene_10989,MLLT3
gene_10990,MLLT4
gene_10991,MLLT6
gene_10992,MLL
gene_10993,MLNR
gene_10994,MLN
gene_10995,MLPH
gene_10996,MLST8
gene_10997,MLXIPL
gene_10998,MLXIP
gene_10999,MLX
gene_11000,MLYCD
gene_11001,MMAA
gene_11002,MMAB
gene_11003,MMACHC
gene_11004,MMADHC
gene_11005,MMD2
gene_11006,MMD
gene_11007,MMEL1
gene_11008,MME
gene_11009,MMGT1
gene_11010,MMP10
gene_11011,MMP11
gene_11012,MMP12
gene_11013,MMP13
gene_11014,MMP14
gene_11015,MMP15
gene_11016,MMP16
gene_11017,MMP17
gene_11018,MMP19
gene_11019,MMP1
gene_11020,MMP20
gene_11021,MMP21
gene_11022,MMP23A
gene_11023,MMP23B
gene_11024,MMP24
gene_11025,MMP25
gene_11026,MMP26
gene_11027,MMP27
gene_11028,MMP28
gene_11029,MMP2
gene_11030,MMP3
gene_11031,MMP7
gene_11032,MMP8
gene_11033,MMP9
gene_11034,MMRN1
gene_11035,MMRN2
gene_11036,MMS19
gene_11037,MN1
gene_11038,MNAT1
gene_11039,MND1
gene_11040,MNDA
gene_11041,MNS1
gene_11042,MNT
gene_11043,MNX1
gene_11044,MOAP1
gene_11045,MOB2
gene_11046,MOBKL1A
gene_11047,MOBKL1B
gene_11048,MOBKL2A
gene_11049,MOBKL2B
gene_11050,MOBKL2C
gene_11051,MOBKL3
gene_11052,MOBP
gene_11053,MOCOS
gene_11054,MOCS1
gene_11055,MOCS2
gene_11056,MOCS3
gene_11057,MOGAT1
gene_11058,MOGAT2
gene_11059,MOGAT3
gene_11060,MOGS
gene_11061,MOG
gene_11062,MON1A
gene_11063,MON1B
gene_11064,MON2
gene_11065,MORC1
gene_11066,MORC2
gene_11067,MORC3
gene_11068,MORC4
gene_11069,MORF4L1
gene_11070,MORF4L2
gene_11071,MORF4
gene_11072,MORN1
gene_11073,MORN2
gene_11074,MORN3
gene_11075,MORN4
gene_11076,MORN5
gene_11077,MOSC1
gene_11078,MOSC2
gene_11079,MOSPD1
gene_11080,MOSPD2
gene_11081,MOSPD3
gene_11082,MOS
gene_11083,MOV10L1
gene_11084,MOV10
gene_11085,MOXD1
gene_11086,MPDU1
gene_11087,MPDZ
gene_11088,MPEG1
gene_11089,MPG
gene_11090,MPHOSPH10
gene_11091,MPHOSPH6
gene_11092,MPHOSPH8
gene_11093,MPHOSPH9
gene_11094,MPI
gene_11095,MPL
gene_11096,MPND
gene_11097,MPO
gene_11098,MPP1
gene_11099,MPP2
gene_11100,MPP3
gene_11101,MPP4
gene_11102,MPP5
gene_11103,MPP6
gene_11104,MPP7
gene_11105,MPPE1
gene_11106,MPPED1
gene_11107,MPPED2
gene_11108,MPRIP
gene_11109,MPST
gene_11110,MPV17L2
gene_11111,MPV17L
gene_11112,MPV17
gene_11113,MPZL1
gene_11114,MPZL2
gene_11115,MPZL3
gene_11116,MPZ
gene_11117,MR1
gene_11118,MRAP2
gene_11119,MRAP
gene_11120,MRAS
gene_11121,MRC1
gene_11122,MRC2
gene_11123,MRE11A
gene_11124,MREG
gene_11125,MRFAP1L1
gene_11126,MRFAP1
gene_11127,MRGPRD
gene_11128,MRGPRE
gene_11129,MRGPRF
gene_11130,MRGPRG
gene_11131,MRGPRX1
gene_11132,MRGPRX2
gene_11133,MRGPRX3
gene_11134,MRGPRX4
gene_11135,MRI1
gene_11136,MRM1
gene_11137,MRO
gene_11138,MRP63
gene_11139,MRPL10
gene_11140,MRPL11
gene_11141,MRPL12
gene_11142,MRPL13
gene_11143,MRPL14
gene_11144,MRPL15
gene_11145,MRPL16
gene_11146,MRPL17
gene_11147,MRPL18
gene_11148,MRPL19
gene_11149,MRPL1
gene_11150,MRPL20
gene_11151,MRPL21
gene_11152,MRPL22
gene_11153,MRPL23
gene_11154,MRPL24
gene_11155,MRPL27
gene_11156,MRPL28
gene_11157,MRPL2
gene_11158,MRPL30
gene_11159,MRPL32
gene_11160,MRPL33
gene_11161,MRPL34
gene_11162,MRPL35
gene_11163,MRPL36
gene_11164,MRPL37
gene_11165,MRPL38
gene_11166,MRPL39
gene_11167,MRPL3
gene_11168,MRPL40
gene_11169,MRPL41
gene_11170,MRPL42P5
gene_11171,MRPL42
gene_11172,MRPL43
gene_11173,MRPL44
gene_11174,MRPL45
gene_11175,MRPL46
gene_11176,MRPL47
gene_11177,MRPL48
gene_11178,MRPL49
gene_11179,MRPL4
gene_11180,MRPL50
gene_11181,MRPL51
gene_11182,MRPL52
gene_11183,MRPL53
gene_11184,MRPL54
gene_11185,MRPL55
gene_11186,MRPL9
gene_11187,MRPS10
gene_11188,MRPS11
gene_11189,MRPS12
gene_11190,MRPS14
gene_11191,MRPS15
gene_11192,MRPS16
gene_11193,MRPS17
gene_11194,MRPS18A
gene_11195,MRPS18B
gene_11196,MRPS18C
gene_11197,MRPS21
gene_11198,MRPS22
gene_11199,MRPS23
gene_11200,MRPS24
gene_11201,MRPS25
gene_11202,MRPS26
gene_11203,MRPS27
gene_11204,MRPS28
gene_11205,MRPS2
gene_11206,MRPS30
gene_11207,MRPS31
gene_11208,MRPS33
gene_11209,MRPS34
gene_11210,MRPS35
gene_11211,MRPS36
gene_11212,MRPS5
gene_11213,MRPS6
gene_11214,MRPS7
gene_11215,MRPS9
gene_11216,MRRF
gene_11217,MRS2P2
gene_11218,MRS2
gene_11219,MRTO4
gene_11220,MRVI1
gene_11221,MS4A10
gene_11222,MS4A12
gene_11223,MS4A13
gene_11224,MS4A14
gene_11225,MS4A15
gene_11226,MS4A1
gene_11227,MS4A2
gene_11228,MS4A3
gene_11229,MS4A4A
gene_11230,MS4A5
gene_11231,MS4A6A
gene_11232,MS4A6E
gene_11233,MS4A7
gene_11234,MS4A8B
gene_11235,MSC
gene_11236,MSGN1
gene_11237,MSH2
gene_11238,MSH3
gene_11239,MSH4
gene_11240,MSH5
gene_11241,MSH6
gene_11242,MSI1
gene_11243,MSI2
gene_11244,MSL1
gene_11245,MSL2
gene_11246,MSL3L2
gene_11247,MSL3
gene_11248,MSLNL
gene_11249,MSLN
gene_11250,MSMB
gene_11251,MSMP
gene_11252,MSN
gene_11253,MSR1
gene_11254,MSRA
gene_11255,MSRB2
gene_11256,MSRB3
gene_11257,MST1P2
gene_11258,MST1P9
gene_11259,MST1R
gene_11260,MST1
gene_11261,MST4
gene_11262,MSTN
gene_11263,MSTO1
gene_11264,MSTO2P
gene_11265,MSX1
gene_11266,MSX2P1
gene_11267,MSX2
gene_11268,MT1A
gene_11269,MT1B
gene_11270,MT1DP
gene_11271,MT1E
gene_11272,MT1F
gene_11273,MT1G
gene_11274,MT1H
gene_11275,MT1IP
gene_11276,MT1L
gene_11277,MT1M
gene_11278,MT1X
gene_11279,MT2A
gene_11280,MT3
gene_11281,MT4
gene_11282,MTA1
gene_11283,MTA2
gene_11284,MTA3
gene_11285,MTAP
gene_11286,MTBP
gene_11287,MTCH1
gene_11288,MTCH2
gene_11289,MTCP1NB
gene_11290,MTCP1
gene_11291,MTDH
gene_11292,MTERFD1
gene_11293,MTERFD2
gene_11294,MTERFD3
gene_11295,MTERF
gene_11296,MTF1
gene_11297,MTF2
gene_11298,MTFMT
gene_11299,MTFR1
gene_11300,MTG1
gene_11301,MTHFD1L
gene_11302,MTHFD1
gene_11303,MTHFD2L
gene_11304,MTHFD2
gene_11305,MTHFR
gene_11306,MTHFSD
gene_11307,MTHFS
gene_11308,MTIF2
gene_11309,MTIF3
gene_11310,MTL5
gene_11311,MTM1
gene_11312,MTMR10
gene_11313,MTMR11
gene_11314,MTMR12
gene_11315,MTMR14
gene_11316,MTMR15
gene_11317,MTMR1
gene_11318,MTMR2
gene_11319,MTMR3
gene_11320,MTMR4
gene_11321,MTMR6
gene_11322,MTMR7
gene_11323,MTMR8
gene_11324,MTMR9L
gene_11325,MTMR9
gene_11326,MTNR1A
gene_11327,MTNR1B
gene_11328,MTO1
gene_11329,MTOR
gene_11330,MTP18
gene_11331,MTPAP
gene_11332,MTRF1L
gene_11333,MTRF1
gene_11334,MTRR
gene_11335,MTR
gene_11336,MTSS1L
gene_11337,MTSS1
gene_11338,MTTP
gene_11339,MTUS1
gene_11340,MTUS2
gene_11341,MTVR2
gene_11342,MTX1
gene_11343,MTX2
gene_11344,MTX3
gene_11345,MUC12
gene_11346,MUC13
gene_11347,MUC15
gene_11348,MUC16
gene_11349,MUC17
gene_11350,MUC1
gene_11351,MUC20
gene_11352,MUC21
gene_11353,MUC2
gene_11354,MUC4
gene_11355,MUC5B
gene_11356,MUC6
gene_11357,MUC7
gene_11358,MUCL1
gene_11359,MUDENG
gene_11360,MUL1
gene_11361,MUM1L1
gene_11362,MUM1
gene_11363,MURC
gene_11364,MUS81
gene_11365,MUSK
gene_11366,MUSTN1
gene_11367,MUTED
gene_11368,MUTYH
gene_11369,MUT
gene_11370,MVD
gene_11371,MVK
gene_11372,MVP
gene_11373,MX1
gene_11374,MX2
gene_11375,MXD1
gene_11376,MXD3
gene_11377,MXD4
gene_11378,MXI1
gene_11379,MXRA5
gene_11380,MXRA7
gene_11381,MXRA8
gene_11382,MYADML2
gene_11383,MYADML
gene_11384,MYADM
gene_11385,MYBBP1A
gene_11386,MYBL1
gene_11387,MYBL2
gene_11388,MYBPC1
gene_11389,MYBPC2
gene_11390,MYBPC3
gene_11391,MYBPHL
gene_11392,MYBPH
gene_11393,MYB
gene_11394,MYCBP2
gene_11395,MYCBPAP
gene_11396,MYCBP
gene_11397,MYCL1
gene_11398,MYCNOS
gene_11399,MYCN
gene_11400,MYCT1
gene_11401,MYC
gene_11402,MYD88
gene_11403,MYEF2
gene_11404,MYEOV2
gene_11405,MYEOV
gene_11406,MYF5
gene_11407,MYF6
gene_11408,MYH10
gene_11409,MYH11
gene_11410,MYH13
gene_11411,MYH14
gene_11412,MYH15
gene_11413,MYH16
gene_11414,MYH1
gene_11415,MYH2
gene_11416,MYH3
gene_11417,MYH4
gene_11418,MYH6
gene_11419,MYH7B
gene_11420,MYH7
gene_11421,MYH8
gene_11422,MYH9
gene_11423,MYL10
gene_11424,MYL12A
gene_11425,MYL12B
gene_11426,MYL1
gene_11427,MYL2
gene_11428,MYL3
gene_11429,MYL4
gene_11430,MYL5
gene_11431,MYL6B
gene_11432,MYL6
gene_11433,MYL7
gene_11434,MYL9
gene_11435,MYLIP
gene_11436,MYLK2
gene_11437,MYLK3
gene_11438,MYLK4
gene_11439,MYLK
gene_11440,MYLPF
gene_11441,MYNN
gene_11442,MYO10
gene_11443,MYO15A
gene_11444,MYO15B
gene_11445,MYO16
gene_11446,MYO18A
gene_11447,MYO18B
gene_11448,MYO19
gene_11449,MYO1A
gene_11450,MYO1B
gene_11451,MYO1C
gene_11452,MYO1D
gene_11453,MYO1E
gene_11454,MYO1F
gene_11455,MYO1G
gene_11456,MYO1H
gene_11457,MYO3A
gene_11458,MYO3B
gene_11459,MYO5A
gene_11460,MYO5B
gene_11461,MYO5C
gene_11462,MYO6
gene_11463,MYO7A
gene_11464,MYO7B
gene_11465,MYO9A
gene_11466,MYO9B
gene_11467,MYOCD
gene_11468,MYOC
gene_11469,MYOD1
gene_11470,MYOF
gene_11471,MYOG
gene_11472,MYOM1
gene_11473,MYOM2
gene_11474,MYOM3
gene_11475,MYOT
gene_11476,MYOZ1
gene_11477,MYOZ2
gene_11478,MYOZ3
gene_11479,MYPN
gene_11480,MYPOP
gene_11481,MYRIP
gene_11482,MYSM1
gene_11483,MYST1
gene_11484,MYST2
gene_11485,MYST3
gene_11486,MYST4
gene_11487,MYT1L
gene_11488,MYT1
gene_11489,MZF1
gene_11490,N4BP1
gene_11491,N4BP2L1
gene_11492,N4BP2L2
gene_11493,N4BP2
gene_11494,N4BP3
gene_11495,N6AMT1
gene_11496,N6AMT2
gene_11497,NAA10
gene_11498,NAA11
gene_11499,NAA15
gene_11500,NAA16
gene_11501,NAA20
gene_11502,NAA25
gene_11503,NAA30
gene_11504,NAA35
gene_11505,NAA38
gene_11506,NAA40
gene_11507,NAA50
gene_11508,NAAA
gene_11509,NAALAD2
gene_11510,NAALADL1
gene_11511,NAALADL2
gene_11512,NAB1
gene_11513,NAB2
gene_11514,NACA2
gene_11515,NACAD
gene_11516,NACAP1
gene_11517,NACA
gene_11518,NACC1
gene_11519,NACC2
gene_11520,NADK
gene_11521,NADSYN1
gene_11522,NAE1
gene_11523,NAF1
gene_11524,NAGA
gene_11525,NAGK
gene_11526,NAGLU
gene_11527,NAGPA
gene_11528,NAGS
gene_11529,NAIF1
gene_11530,NAIP
gene_11531,NALCN
gene_11532,NAMPT
gene_11533,NANOG
gene_11534,NANOS1
gene_11535,NANOS2
gene_11536,NANOS3
gene_11537,NANP
gene_11538,NANS
gene_11539,NAP1L1
gene_11540,NAP1L2
gene_11541,NAP1L3
gene_11542,NAP1L4
gene_11543,NAP1L5
gene_11544,NAP1L6
gene_11545,NAPA
gene_11546,NAPB
gene_11547,NAPEPLD
gene_11548,NAPG
gene_11549,NAPRT1
gene_11550,NAPSA
gene_11551,NAPSB
gene_11552,NARFL
gene_11553,NARF
gene_11554,NARG2
gene_11555,NARS2
gene_11556,NARS
gene_11557,NASP
gene_11558,NAT10
gene_11559,NAT14
gene_11560,NAT15
gene_11561,NAT1
gene_11562,NAT2
gene_11563,NAT6
gene_11564,NAT8B
gene_11565,NAT8L
gene_11566,NAT8
gene_11567,NAT9
gene_11568,NAV1
gene_11569,NAV2
gene_11570,NAV3
gene_11571,NBAS
gene_11572,NBEAL1
gene_11573,NBEAL2
gene_11574,NBEA
gene_11575,NBL1
gene_11576,NBLA00301
gene_11577,NBN
gene_11578,NBPF10
gene_11579,NBPF14
gene_11580,NBPF15
gene_11581,NBPF16
gene_11582,NBPF1
gene_11583,NBPF22P
gene_11584,NBPF3
gene_11585,NBPF4
gene_11586,NBPF6
gene_11587,NBPF7
gene_11588,NBPF9
gene_11589,NBR1
gene_11590,NBR2
gene_11591,NCALD
gene_11592,NCAM1
gene_11593,NCAM2
gene_11594,NCAN
gene_11595,NCAPD2
gene_11596,NCAPD3
gene_11597,NCAPG2
gene_11598,NCAPG
gene_11599,NCAPH2
gene_11600,NCAPH
gene_11601,NCBP1
gene_11602,NCBP2
gene_11603,NCCRP1
gene_11604,NCDN
gene_11605,NCEH1
gene_11606,NCF1B
gene_11607,NCF1C
gene_11608,NCF1
gene_11609,NCF2
gene_11610,NCF4
gene_11611,NCK1
gene_11612,NCK2
gene_11613,NCKAP1L
gene_11614,NCKAP1
gene_11615,NCKAP5L
gene_11616,NCKAP5
gene_11617,NCKIPSD
gene_11618,NCLN
gene_11619,NCL
gene_11620,NCOA1
gene_11621,NCOA2
gene_11622,NCOA3
gene_11623,NCOA4
gene_11624,NCOA5
gene_11625,NCOA6
gene_11626,NCOA7
gene_11627,NCOR1
gene_11628,NCOR2
gene_11629,NCR1
gene_11630,NCR2
gene_11631,NCR3
gene_11632,NCRNA00028
gene_11633,NCRNA00029
gene_11634,NCRNA00032
gene_11635,NCRNA00051
gene_11636,NCRNA00052
gene_11637,NCRNA00081
gene_11638,NCRNA00085
gene_11639,NCRNA00086
gene_11640,NCRNA00087
gene_11641,NCRNA00092
gene_11642,NCRNA00093
gene_11643,NCRNA00094
gene_11644,NCRNA00095
gene_11645,NCRNA00099
gene_11646,NCRNA00105
gene_11647,NCRNA00107
gene_11648,NCRNA00110
gene_11649,NCRNA00111
gene_11650,NCRNA00112
gene_11651,NCRNA00113
gene_11652,NCRNA00114
gene_11653,NCRNA00115
gene_11654,NCRNA00116
gene_11655,NCRNA00119
gene_11656,NCRNA00120
gene_11657,NCRNA00152
gene_11658,NCRNA00157
gene_11659,NCRNA00158
gene_11660,NCRNA00159
gene_11661,NCRNA00160
gene_11662,NCRNA00161
gene_11663,NCRNA00162
gene_11664,NCRNA00164
gene_11665,NCRNA00167
gene_11666,NCRNA00169
gene_11667,NCRNA00171
gene_11668,NCRNA00173
gene_11669,NCRNA00174
gene_11670,NCRNA00175
gene_11671,NCRNA00176
gene_11672,NCRNA00181
gene_11673,NCRNA00182
gene_11674,NCRNA00183
gene_11675,NCRNA00185
gene_11676,NCRNA00188
gene_11677,NCRNA00189
gene_11678,NCRNA00200
gene_11679,NCRNA00201
gene_11680,NCRNA00202
gene_11681,NCRNA00203
gene_11682,NCRNA00204B
gene_11683,NCRNA00207
gene_11684,NCRNA00219
gene_11685,NCRNA00230B
gene_11686,NCRNA00235
gene_11687,NCS1
gene_11688,NCSTN
gene_11689,NDC80
gene_11690,NDE1
gene_11691,NDEL1
gene_11692,NDFIP1
gene_11693,NDFIP2
gene_11694,NDNL2
gene_11695,NDN
gene_11696,NDOR1
gene_11697,NDP
gene_11698,NDRG1
gene_11699,NDRG2
gene_11700,NDRG3
gene_11701,NDRG4
gene_11702,NDST1
gene_11703,NDST2
gene_11704,NDST3
gene_11705,NDST4
gene_11706,NDUFA10
gene_11707,NDUFA11
gene_11708,NDUFA12
gene_11709,NDUFA13
gene_11710,NDUFA1
gene_11711,NDUFA2
gene_11712,NDUFA3
gene_11713,NDUFA4L2
gene_11714,NDUFA4
gene_11715,NDUFA5
gene_11716,NDUFA6
gene_11717,NDUFA7
gene_11718,NDUFA8
gene_11719,NDUFA9
gene_11720,NDUFAB1
gene_11721,NDUFAF1
gene_11722,NDUFAF2
gene_11723,NDUFAF3
gene_11724,NDUFAF4
gene_11725,NDUFB10
gene_11726,NDUFB11
gene_11727,NDUFB1
gene_11728,NDUFB2
gene_11729,NDUFB3
gene_11730,NDUFB4
gene_11731,NDUFB5
gene_11732,NDUFB6
gene_11733,NDUFB7
gene_11734,NDUFB8
gene_11735,NDUFB9
gene_11736,NDUFC1
gene_11737,NDUFC2
gene_11738,NDUFS1
gene_11739,NDUFS2
gene_11740,NDUFS3
gene_11741,NDUFS4
gene_11742,NDUFS5
gene_11743,NDUFS6
gene_11744,NDUFS7
gene_11745,NDUFS8
gene_11746,NDUFV1
gene_11747,NDUFV2
gene_11748,NDUFV3
gene_11749,NEAT1
gene_11750,NEBL
gene_11751,NEB
gene_11752,NECAB1
gene_11753,NECAB2
gene_11754,NECAB3
gene_11755,NECAP1
gene_11756,NECAP2
gene_11757,NEDD1
gene_11758,NEDD4L
gene_11759,NEDD4
gene_11760,NEDD8
gene_11761,NEDD9
gene_11762,NEFH
gene_11763,NEFL
gene_11764,NEFM
gene_11765,NEGR1
gene_11766,NEIL1
gene_11767,NEIL2
gene_11768,NEIL3
gene_11769,NEK10
gene_11770,NEK11
gene_11771,NEK1
gene_11772,NEK2
gene_11773,NEK3
gene_11774,NEK4
gene_11775,NEK5
gene_11776,NEK6
gene_11777,NEK7
gene_11778,NEK8
gene_11779,NEK9
gene_11780,NELF
gene_11781,NELL1
gene_11782,NELL2
gene_11783,NENF
gene_11784,NEO1
gene_11785,NES
gene_11786,NET1
gene_11787,NETO1
gene_11788,NETO2
gene_11789,NEU1
gene_11790,NEU2
gene_11791,NEU3
gene_11792,NEU4
gene_11793,NEURL1B
gene_11794,NEURL2
gene_11795,NEURL3
gene_11796,NEURL4
gene_11797,NEURL
gene_11798,NEUROD1
gene_11799,NEUROD2
gene_11800,NEUROD4
gene_11801,NEUROD6
gene_11802,NEUROG1
gene_11803,NEUROG2
gene_11804,NEUROG3
gene_11805,NEXN
gene_11806,NF1P1
gene_11807,NF1
gene_11808,NF2
gene_11809,NFAM1
gene_11810,NFASC
gene_11811,NFAT5
gene_11812,NFATC1
gene_11813,NFATC2IP
gene_11814,NFATC2
gene_11815,NFATC3
gene_11816,NFATC4
gene_11817,NFE2L1
gene_11818,NFE2L2
gene_11819,NFE2L3
gene_11820,NFE2
gene_11821,NFIA
gene_11822,NFIB
gene_11823,NFIC
gene_11824,NFIL3
gene_11825,NFIX
gene_11826,NFKB1
gene_11827,NFKB2
gene_11828,NFKBIA
gene_11829,NFKBIB
gene_11830,NFKBID
gene_11831,NFKBIE
gene_11832,NFKBIL1
gene_11833,NFKBIL2
gene_11834,NFKBIZ
gene_11835,NFRKB
gene_11836,NFS1
gene_11837,NFU1
gene_11838,NFX1
gene_11839,NFXL1
gene_11840,NFYA
gene_11841,NFYB
gene_11842,NFYC
gene_11843,NGB
gene_11844,NGDN
gene_11845,NGEF
gene_11846,NGFRAP1
gene_11847,NGFR
gene_11848,NGF
gene_11849,NGLY1
gene_11850,NGRN
gene_11851,NHEDC1
gene_11852,NHEDC2
gene_11853,NHEG1
gene_11854,NHEJ1
gene_11855,NHLH1
gene_11856,NHLH2
gene_11857,NHLRC1
gene_11858,NHLRC2
gene_11859,NHLRC3
gene_11860,NHLRC4
gene_11861,NHP2L1
gene_11862,NHP2
gene_11863,NHSL1
gene_11864,NHSL2
gene_11865,NHS
gene_11866,NICN1
gene_11867,NID1
gene_11868,NID2
gene_11869,NIF3L1
gene_11870,NINJ1
gene_11871,NINJ2
gene_11872,NINL
gene_11873,NIN
gene_11874,NIP7
gene_11875,NIPA1
gene_11876,NIPA2
gene_11877,NIPAL1
gene_11878,NIPAL2
gene_11879,NIPAL3
gene_11880,NIPAL4
gene_11881,NIPBL
gene_11882,NIPSNAP1
gene_11883,NIPSNAP3A
gene_11884,NIPSNAP3B
gene_11885,NISCH
gene_11886,NIT1
gene_11887,NIT2
gene_11888,NKAIN1
gene_11889,NKAIN2
gene_11890,NKAIN3
gene_11891,NKAIN4
gene_11892,NKAPL
gene_11893,NKAP
gene_11894,NKD1
gene_11895,NKD2
gene_11896,NKG7
gene_11897,NKIRAS1
gene_11898,NKIRAS2
gene_11899,NKPD1
gene_11900,NKRF
gene_11901,NKTR
gene_11902,NKX1-2
gene_11903,NKX2-1
gene_11904,NKX2-2
gene_11905,NKX2-3
gene_11906,NKX2-4
gene_11907,NKX2-5
gene_11908,NKX2-6
gene_11909,NKX2-8
gene_11910,NKX3-1
gene_11911,NKX3-2
gene_11912,NKX6-1
gene_11913,NKX6-2
gene_11914,NKX6-3
gene_11915,NLE1
gene_11916,NLGN1
gene_11917,NLGN2
gene_11918,NLGN3
gene_11919,NLGN4X
gene_11920,NLGN4Y
gene_11921,NLK
gene_11922,NLN
gene_11923,NLRC3
gene_11924,NLRC4
gene_11925,NLRC5
gene_11926,NLRP10
gene_11927,NLRP11
gene_11928,NLRP12
gene_11929,NLRP13
gene_11930,NLRP14
gene_11931,NLRP1
gene_11932,NLRP2
gene_11933,NLRP3
gene_11934,NLRP4
gene_11935,NLRP5
gene_11936,NLRP6
gene_11937,NLRP7
gene_11938,NLRP8
gene_11939,NLRP9
gene_11940,NLRX1
gene_11941,NMBR
gene_11942,NMB
gene_11943,NMD3
gene_11944,NME1-NME2
gene_11945,NME1
gene_11946,NME2P1
gene_11947,NME2
gene_11948,NME3
gene_11949,NME4
gene_11950,NME5
gene_11951,NME6
gene_11952,NME7
gene_11953,NMI
gene_11954,NMNAT1
gene_11955,NMNAT2
gene_11956,NMNAT3
gene_11957,NMRAL1
gene_11958,NMS
gene_11959,NMT1
gene_11960,NMT2
gene_11961,NMUR1
gene_11962,NMUR2
gene_11963,NMU
gene_11964,NNAT
gene_11965,NNMT
gene_11966,NNT
gene_11967,NOB1
gene_11968,NOBOX
gene_11969,NOC2L
gene_11970,NOC3L
gene_11971,NOC4L
gene_11972,NOD1
gene_11973,NOD2
gene_11974,NODAL
gene_11975,NOG
gene_11976,NOL10
gene_11977,NOL11
gene_11978,NOL12
gene_11979,NOL3
gene_11980,NOL4
gene_11981,NOL6
gene_11982,NOL7
gene_11983,NOL8
gene_11984,NOL9
gene_11985,NOLC1
gene_11986,NOM1
gene_11987,NOMO1
gene_11988,NOMO2
gene_11989,NOMO3
gene_11990,NONO
gene_11991,NOP10
gene_11992,NOP14
gene_11993,NOP16
gene_11994,NOP2
gene_11995,NOP56
gene_11996,NOP58
gene_11997,NOS1AP
gene_11998,NOS1
gene_11999,NOS2
gene_12000,NOS3
gene_12001,NOSIP
gene_12002,NOSTRIN
gene_12003,NOTCH1
gene_12004,NOTCH2NL
gene_12005,NOTCH2
gene_12006,NOTCH3
gene_12007,NOTCH4
gene_12008,NOTO
gene_12009,NOTUM
gene_12010,NOVA1
gene_12011,NOVA2
gene_12012,NOV
gene_12013,NOX1
gene_12014,NOX3
gene_12015,NOX4
gene_12016,NOX5
gene_12017,NOXA1
gene_12018,NOXO1
gene_12019,NPAS1
gene_12020,NPAS2
gene_12021,NPAS3
gene_12022,NPAS4
gene_12023,NPAT
gene_12024,NPBWR1
gene_12025,NPBWR2
gene_12026,NPB
gene_12027,NPC1L1
gene_12028,NPC1
gene_12029,NPC2
gene_12030,NPDC1
gene_12031,NPEPL1
gene_12032,NPEPPS
gene_12033,NPFFR1
gene_12034,NPFFR2
gene_12035,NPFF
gene_12036,NPHP1
gene_12037,NPHP3
gene_12038,NPHP4
gene_12039,NPHS1
gene_12040,NPHS2
gene_12041,NPIPL3
gene_12042,NPIP
gene_12043,NPLOC4
gene_12044,NPL
gene_12045,NPM1
gene_12046,NPM2
gene_12047,NPM3
gene_12048,NPNT
gene_12049,NPPA
gene_12050,NPPB
gene_12051,NPPC
gene_12052,NPR1
gene_12053,NPR2
gene_12054,NPR3
gene_12055,NPRL2
gene_12056,NPRL3
gene_12057,NPSR1
gene_12058,NPS
gene_12059,NPTN
gene_12060,NPTX1
gene_12061,NPTX2
gene_12062,NPTXR
gene_12063,NPVF
gene_12064,NPW
gene_12065,NPY1R
gene_12066,NPY2R
gene_12067,NPY5R
gene_12068,NPY6R
gene_12069,NPY
gene_12070,NQO1
gene_12071,NQO2
gene_12072,NR0B1
gene_12073,NR0B2
gene_12074,NR1D1
gene_12075,NR1D2
gene_12076,NR1H2
gene_12077,NR1H3
gene_12078,NR1H4
gene_12079,NR1I2
gene_12080,NR1I3
gene_12081,NR2C1
gene_12082,NR2C2AP
gene_12083,NR2C2
gene_12084,NR2E1
gene_12085,NR2E3
gene_12086,NR2F1
gene_12087,NR2F2
gene_12088,NR2F6
gene_12089,NR3C1
gene_12090,NR3C2
gene_12091,NR4A1
gene_12092,NR4A2
gene_12093,NR4A3
gene_12094,NR5A1
gene_12095,NR5A2
gene_12096,NR6A1
gene_12097,NRADDP
gene_12098,NRAP
gene_12099,NRARP
gene_12100,NRAS
gene_12101,NRBF2
gene_12102,NRBP1
gene_12103,NRBP2
gene_12104,NRCAM
gene_12105,NRD1
gene_12106,NRF1
gene_12107,NRG1
gene_12108,NRG2
gene_12109,NRG3
gene_12110,NRG4
gene_12111,NRGN
gene_12112,NRIP1
gene_12113,NRIP2
gene_12114,NRIP3
gene_12115,NRK
gene_12116,NRL
gene_12117,NRM
gene_12118,NRN1L
gene_12119,NRN1
gene_12120,NRP1
gene_12121,NRP2
gene_12122,NRSN1
gene_12123,NRSN2
gene_12124,NRTN
gene_12125,NRXN1
gene_12126,NRXN2
gene_12127,NRXN3
gene_12128,NSA2
gene_12129,NSD1
gene_12130,NSDHL
gene_12131,NSFL1C
gene_12132,NSF
gene_12133,NSL1
gene_12134,NSMAF
gene_12135,NSMCE1
gene_12136,NSMCE2
gene_12137,NSMCE4A
gene_12138,NSUN2
gene_12139,NSUN3
gene_12140,NSUN4
gene_12141,NSUN5P1
gene_12142,NSUN5P2
gene_12143,NSUN5
gene_12144,NSUN6
gene_12145,NSUN7
gene_12146,NT5C1A
gene_12147,NT5C1B
gene_12148,NT5C2
gene_12149,NT5C3L
gene_12150,NT5C3
gene_12151,NT5C
gene_12152,NT5DC1
gene_12153,NT5DC2
gene_12154,NT5DC3
gene_12155,NT5E
gene_12156,NT5M
gene_12157,NTAN1
gene_12158,NTF3
gene_12159,NTF4
gene_12160,NTHL1
gene_12161,NTM
gene_12162,NTN1
gene_12163,NTN3
gene_12164,NTN4
gene_12165,NTN5
gene_12166,NTNG1
gene_12167,NTNG2
gene_12168,NTRK1
gene_12169,NTRK2
gene_12170,NTRK3
gene_12171,NTSR1
gene_12172,NTSR2
gene_12173,NTS
gene_12174,NUAK1
gene_12175,NUAK2
gene_12176,NUB1
gene_12177,NUBP1
gene_12178,NUBP2
gene_12179,NUBPL
gene_12180,NUCB1
gene_12181,NUCB2
gene_12182,NUCKS1
gene_12183,NUDCD1
gene_12184,NUDCD2
gene_12185,NUDCD3
gene_12186,NUDC
gene_12187,NUDT10
gene_12188,NUDT11
gene_12189,NUDT12
gene_12190,NUDT13
gene_12191,NUDT14
gene_12192,NUDT15
gene_12193,NUDT16L1
gene_12194,NUDT16P1
gene_12195,NUDT16
gene_12196,NUDT17
gene_12197,NUDT18
gene_12198,NUDT19
gene_12199,NUDT1
gene_12200,NUDT21
gene_12201,NUDT22
gene_12202,NUDT2
gene_12203,NUDT3
gene_12204,NUDT4
gene_12205,NUDT5
gene_12206,NUDT6
gene_12207,NUDT7
gene_12208,NUDT8
gene_12209,NUDT9P1
gene_12210,NUDT9
gene_12211,NUF2
gene_12212,NUFIP1
gene_12213,NUFIP2
gene_12214,NUMA1
gene_12215,NUMBL
gene_12216,NUMB
gene_12217,NUP107
gene_12218,NUP133
gene_12219,NUP153
gene_12220,NUP155
gene_12221,NUP160
gene_12222,NUP188
gene_12223,NUP205
gene_12224,NUP210L
gene_12225,NUP210
gene_12226,NUP214
gene_12227,NUP35
gene_12228,NUP37
gene_12229,NUP43
gene_12230,NUP50
gene_12231,NUP54
gene_12232,NUP62CL
gene_12233,NUP62
gene_12234,NUP85
gene_12235,NUP88
gene_12236,NUP93
gene_12237,NUP98
gene_12238,NUPL1
gene_12239,NUPL2
gene_12240,NUPR1
gene_12241,NUS1
gene_12242,NUSAP1
gene_12243,NUTF2
gene_12244,NVL
gene_12245,NWD1
gene_12246,NXF1
gene_12247,NXF2B
gene_12248,NXF2
gene_12249,NXF3
gene_12250,NXF4
gene_12251,NXF5
gene_12252,NXNL1
gene_12253,NXNL2
gene_12254,NXN
gene_12255,NXPH1
gene_12256,NXPH2
gene_12257,NXPH3
gene_12258,NXPH4
gene_12259,NXT1
gene_12260,NXT2
gene_12261,NYNRIN
gene_12262,NYX
gene_12263,OAF
gene_12264,OAS1
gene_12265,OAS2
gene_12266,OAS3
gene_12267,OASL
gene_12268,OAT
gene_12269,OAZ1
gene_12270,OAZ2
gene_12271,OAZ3
gene_12272,OBFC1
gene_12273,OBFC2A
gene_12274,OBFC2B
gene_12275,OBP2A
gene_12276,OBP2B
gene_12277,OBSCN
gene_12278,OBSL1
gene_12279,OC90
gene_12280,OCA2
gene_12281,OCEL1
gene_12282,OCIAD1
gene_12283,OCIAD2
gene_12284,OCLM
gene_12285,OCLN
gene_12286,OCM2
gene_12287,OCM
gene_12288,OCRL
gene_12289,ODAM
gene_12290,ODC1
gene_12291,ODF1
gene_12292,ODF2L
gene_12293,ODF2
gene_12294,ODF3B
gene_12295,ODF3L1
gene_12296,ODF3L2
gene_12297,ODF3
gene_12298,ODF4
gene_12299,ODZ1
gene_12300,ODZ2
gene_12301,ODZ3
gene_12302,ODZ4
gene_12303,OFD1
gene_12304,OGDHL
gene_12305,OGDH
gene_12306,OGFOD1
gene_12307,OGFOD2
gene_12308,OGFRL1
gene_12309,OGFR
gene_12310,OGG1
gene_12311,OGN
gene_12312,OGT
gene_12313,OIP5
gene_12314,OIT3
gene_12315,OLA1
gene_12316,OLAH
gene_12317,OLFM1
gene_12318,OLFM2
gene_12319,OLFM3
gene_12320,OLFM4
gene_12321,OLFML1
gene_12322,OLFML2A
gene_12323,OLFML2B
gene_12324,OLFML3
gene_12325,OLIG1
gene_12326,OLIG2
gene_12327,OLIG3
gene_12328,OLR1
gene_12329,OMA1
gene_12330,OMD
gene_12331,OMG
gene_12332,OMP
gene_12333,ONECUT1
gene_12334,ONECUT2
gene_12335,ONECUT3
gene_12336,OOEP
gene_12337,OPA1
gene_12338,OPA3
gene_12339,OPALIN
gene_12340,OPCML
gene_12341,OPHN1
gene_12342,OPLAH
gene_12343,OPN1LW
gene_12344,OPN1MW
gene_12345,OPN1SW
gene_12346,OPN3
gene_12347,OPN4
gene_12348,OPN5
gene_12349,OPRD1
gene_12350,OPRK1
gene_12351,OPRL1
gene_12352,OPRM1
gene_12353,OPTC
gene_12354,OPTN
gene_12355,OR10A2
gene_12356,OR10A3
gene_12357,OR10A4
gene_12358,OR10A5
gene_12359,OR10A6
gene_12360,OR10A7
gene_12361,OR10AD1
gene_12362,OR10AG1
gene_12363,OR10C1
gene_12364,OR10G2
gene_12365,OR10G3
gene_12366,OR10G4
gene_12367,OR10G7
gene_12368,OR10G8
gene_12369,OR10G9
gene_12370,OR10H1
gene_12371,OR10H2
gene_12372,OR10H3
gene_12373,OR10H4
gene_12374,OR10H5
gene_12375,OR10J1
gene_12376,OR10J3
gene_12377,OR10J5
gene_12378,OR10K1
gene_12379,OR10K2
gene_12380,OR10P1
gene_12381,OR10Q1
gene_12382,OR10R2
gene_12383,OR10S1
gene_12384,OR10T2
gene_12385,OR10V1
gene_12386,OR10W1
gene_12387,OR10X1
gene_12388,OR10Z1
gene_12389,OR11A1
gene_12390,OR11G2
gene_12391,OR11H12
gene_12392,OR11H1
gene_12393,OR11H4
gene_12394,OR11H6
gene_12395,OR11L1
gene_12396,OR12D2
gene_12397,OR12D3
gene_12398,OR13A1
gene_12399,OR13C2
gene_12400,OR13C3
gene_12401,OR13C4
gene_12402,OR13C5
gene_12403,OR13C8
gene_12404,OR13C9
gene_12405,OR13D1
gene_12406,OR13F1
gene_12407,OR13G1
gene_12408,OR13H1
gene_12409,OR13J1
gene_12410,OR14A16
gene_12411,OR14C36
gene_12412,OR14I1
gene_12413,OR14J1
gene_12414,OR1A1
gene_12415,OR1A2
gene_12416,OR1B1
gene_12417,OR1C1
gene_12418,OR1D2
gene_12419,OR1D4
gene_12420,OR1E1
gene_12421,OR1E2
gene_12422,OR1F1
gene_12423,OR1F2P
gene_12424,OR1G1
gene_12425,OR1I1
gene_12426,OR1J1
gene_12427,OR1J2
gene_12428,OR1J4
gene_12429,OR1K1
gene_12430,OR1L1
gene_12431,OR1L3
gene_12432,OR1L4
gene_12433,OR1L6
gene_12434,OR1L8
gene_12435,OR1M1
gene_12436,OR1N1
gene_12437,OR1N2
gene_12438,OR1Q1
gene_12439,OR1S1
gene_12440,OR1S2
gene_12441,OR2A12
gene_12442,OR2A14
gene_12443,OR2A1
gene_12444,OR2A25
gene_12445,OR2A2
gene_12446,OR2A4
gene_12447,OR2A5
gene_12448,OR2A7
gene_12449,OR2A9P
gene_12450,OR2AE1
gene_12451,OR2AG1
gene_12452,OR2AG2
gene_12453,OR2AK2
gene_12454,OR2AT4
gene_12455,OR2B11
gene_12456,OR2B2
gene_12457,OR2B3
gene_12458,OR2B6
gene_12459,OR2C1
gene_12460,OR2C3
gene_12461,OR2D2
gene_12462,OR2D3
gene_12463,OR2F1
gene_12464,OR2F2
gene_12465,OR2G2
gene_12466,OR2G3
gene_12467,OR2G6
gene_12468,OR2H1
gene_12469,OR2H2
gene_12470,OR2J2
gene_12471,OR2J3
gene_12472,OR2K2
gene_12473,OR2L13
gene_12474,OR2L1P
gene_12475,OR2L2
gene_12476,OR2L3
gene_12477,OR2L8
gene_12478,OR2M1P
gene_12479,OR2M2
gene_12480,OR2M3
gene_12481,OR2M4
gene_12482,OR2M5
gene_12483,OR2M7
gene_12484,OR2S2
gene_12485,OR2T10
gene_12486,OR2T11
gene_12487,OR2T12
gene_12488,OR2T1
gene_12489,OR2T27
gene_12490,OR2T29
gene_12491,OR2T2
gene_12492,OR2T33
gene_12493,OR2T34
gene_12494,OR2T35
gene_12495,OR2T3
gene_12496,OR2T4
gene_12497,OR2T5
gene_12498,OR2T6
gene_12499,OR2T8
gene_12500,OR2V2
gene_12501,OR2W1
gene_12502,OR2W3
gene_12503,OR2W5
gene_12504,OR2Y1
gene_12505,OR2Z1
gene_12506,OR3A1
gene_12507,OR3A2
gene_12508,OR3A3
gene_12509,OR3A4
gene_12510,OR4A15
gene_12511,OR4A16
gene_12512,OR4A47
gene_12513,OR4A5
gene_12514,OR4B1
gene_12515,OR4C11
gene_12516,OR4C12
gene_12517,OR4C13
gene_12518,OR4C15
gene_12519,OR4C16
gene_12520,OR4C3
gene_12521,OR4C45
gene_12522,OR4C46
gene_12523,OR4C6
gene_12524,OR4D10
gene_12525,OR4D11
gene_12526,OR4D1
gene_12527,OR4D2
gene_12528,OR4D5
gene_12529,OR4D6
gene_12530,OR4D9
gene_12531,OR4E2
gene_12532,OR4F15
gene_12533,OR4F17
gene_12534,OR4F21
gene_12535,OR4F29
gene_12536,OR4F4
gene_12537,OR4F5
gene_12538,OR4F6
gene_12539,OR4K13
gene_12540,OR4K14
gene_12541,OR4K15
gene_12542,OR4K17
gene_12543,OR4K1
gene_12544,OR4K2
gene_12545,OR4K5
gene_12546,OR4L1
gene_12547,OR4M1
gene_12548,OR4M2
gene_12549,OR4N2
gene_12550,OR4N3P
gene_12551,OR4N4
gene_12552,OR4N5
gene_12553,OR4P4
gene_12554,OR4Q3
gene_12555,OR4S1
gene_12556,OR4S2
gene_12557,OR4X1
gene_12558,OR4X2
gene_12559,OR51A2
gene_12560,OR51A4
gene_12561,OR51A7
gene_12562,OR51B2
gene_12563,OR51B4
gene_12564,OR51B5
gene_12565,OR51B6
gene_12566,OR51D1
gene_12567,OR51E1
gene_12568,OR51E2
gene_12569,OR51F1
gene_12570,OR51F2
gene_12571,OR51G1
gene_12572,OR51G2
gene_12573,OR51I1
gene_12574,OR51I2
gene_12575,OR51L1
gene_12576,OR51M1
gene_12577,OR51Q1
gene_12578,OR51S1
gene_12579,OR51T1
gene_12580,OR51V1
gene_12581,OR52A1
gene_12582,OR52A4
gene_12583,OR52A5
gene_12584,OR52B2
gene_12585,OR52B4
gene_12586,OR52B6
gene_12587,OR52D1
gene_12588,OR52E2
gene_12589,OR52E4
gene_12590,OR52E6
gene_12591,OR52E8
gene_12592,OR52H1
gene_12593,OR52I1
gene_12594,OR52I2
gene_12595,OR52J3
gene_12596,OR52K1
gene_12597,OR52K2
gene_12598,OR52L1
gene_12599,OR52M1
gene_12600,OR52N1
gene_12601,OR52N2
gene_12602,OR52N4
gene_12603,OR52N5
gene_12604,OR52R1
gene_12605,OR52W1
gene_12606,OR56A1
gene_12607,OR56A3
gene_12608,OR56A4
gene_12609,OR56A5
gene_12610,OR56B1
gene_12611,OR56B4
gene_12612,OR5A1
gene_12613,OR5A2
gene_12614,OR5AC2
gene_12615,OR5AK2
gene_12616,OR5AN1
gene_12617,OR5AP2
gene_12618,OR5AR1
gene_12619,OR5AS1
gene_12620,OR5AU1
gene_12621,OR5B12
gene_12622,OR5B17
gene_12623,OR5B21
gene_12624,OR5B2
gene_12625,OR5B3
gene_12626,OR5C1
gene_12627,OR5D13
gene_12628,OR5D14
gene_12629,OR5D16
gene_12630,OR5D18
gene_12631,OR5E1P
gene_12632,OR5F1
gene_12633,OR5H14
gene_12634,OR5H15
gene_12635,OR5H1
gene_12636,OR5H2
gene_12637,OR5H6
gene_12638,OR5I1
gene_12639,OR5J2
gene_12640,OR5K1
gene_12641,OR5K2
gene_12642,OR5K3
gene_12643,OR5K4
gene_12644,OR5L1
gene_12645,OR5L2
gene_12646,OR5M10
gene_12647,OR5M11
gene_12648,OR5M1
gene_12649,OR5M3
gene_12650,OR5M8
gene_12651,OR5M9
gene_12652,OR5P2
gene_12653,OR5P3
gene_12654,OR5R1
gene_12655,OR5T1
gene_12656,OR5T2
gene_12657,OR5T3
gene_12658,OR5V1
gene_12659,OR5W2
gene_12660,OR6A2
gene_12661,OR6B1
gene_12662,OR6B2
gene_12663,OR6B3
gene_12664,OR6C1
gene_12665,OR6C2
gene_12666,OR6C3
gene_12667,OR6C4
gene_12668,OR6C65
gene_12669,OR6C68
gene_12670,OR6C6
gene_12671,OR6C70
gene_12672,OR6C74
gene_12673,OR6C75
gene_12674,OR6C76
gene_12675,OR6F1
gene_12676,OR6K2
gene_12677,OR6K3
gene_12678,OR6K6
gene_12679,OR6M1
gene_12680,OR6N1
gene_12681,OR6N2
gene_12682,OR6P1
gene_12683,OR6Q1
gene_12684,OR6S1
gene_12685,OR6T1
gene_12686,OR6V1
gene_12687,OR6W1P
gene_12688,OR6X1
gene_12689,OR6Y1
gene_12690,OR7A10
gene_12691,OR7A17
gene_12692,OR7A5
gene_12693,OR7C1
gene_12694,OR7C2
gene_12695,OR7D2
gene_12696,OR7D4
gene_12697,OR7E156P
gene_12698,OR7E24
gene_12699,OR7E37P
gene_12700,OR7E5P
gene_12701,OR7E91P
gene_12702,OR7G1
gene_12703,OR7G2
gene_12704,OR7G3
gene_12705,OR8A1
gene_12706,OR8B12
gene_12707,OR8B2
gene_12708,OR8B3
gene_12709,OR8B4
gene_12710,OR8B8
gene_12711,OR8D1
gene_12712,OR8D2
gene_12713,OR8D4
gene_12714,OR8G2
gene_12715,OR8G5
gene_12716,OR8H1
gene_12717,OR8H2
gene_12718,OR8H3
gene_12719,OR8I2
gene_12720,OR8J1
gene_12721,OR8J3
gene_12722,OR8K1
gene_12723,OR8K3
gene_12724,OR8K5
gene_12725,OR8S1
gene_12726,OR8U1
gene_12727,OR9A2
gene_12728,OR9A4
gene_12729,OR9G4
gene_12730,OR9G9
gene_12731,OR9I1
gene_12732,OR9K2
gene_12733,OR9Q1
gene_12734,OR9Q2
gene_12735,ORAI1
gene_12736,ORAI2
gene_12737,ORAI3
gene_12738,ORAOV1
gene_12739,ORC1L
gene_12740,ORC2L
gene_12741,ORC3L
gene_12742,ORC4L
gene_12743,ORC5L
gene_12744,ORC6L
gene_12745,ORM1
gene_12746,ORM2
gene_12747,ORMDL1
gene_12748,ORMDL2
gene_12749,ORMDL3
gene_12750,OS9
gene_12751,OSBP2
gene_12752,OSBPL10
gene_12753,OSBPL11
gene_12754,OSBPL1A
gene_12755,OSBPL2
gene_12756,OSBPL3
gene_12757,OSBPL5
gene_12758,OSBPL6
gene_12759,OSBPL7
gene_12760,OSBPL8
gene_12761,OSBPL9
gene_12762,OSBP
gene_12763,OSCAR
gene_12764,OSCP1
gene_12765,OSGEPL1
gene_12766,OSGEP
gene_12767,OSGIN1
gene_12768,OSGIN2
gene_12769,OSMR
gene_12770,OSM
gene_12771,OSR1
gene_12772,OSR2
gene_12773,OST4
gene_12774,OSTBETA
gene_12775,OSTCL
gene_12776,OSTC
gene_12777,OSTF1
gene_12778,OSTM1
gene_12779,OSTN
gene_12780,OSTalpha
gene_12781,OTC
gene_12782,OTOA
gene_12783,OTOF
gene_12784,OTOL1
gene_12785,OTOP1
gene_12786,OTOP2
gene_12787,OTOP3
gene_12788,OTOR
gene_12789,OTOS
gene_12790,OTP
gene_12791,OTUB1
gene_12792,OTUB2
gene_12793,OTUD1
gene_12794,OTUD3
gene_12795,OTUD4
gene_12796,OTUD5
gene_12797,OTUD6A
gene_12798,OTUD6B
gene_12799,OTUD7A
gene_12800,OTUD7B
gene_12801,OTX1
gene_12802,OTX2
gene_12803,OVCA2
gene_12804,OVCH1
gene_12805,OVCH2
gene_12806,OVGP1
gene_12807,OVOL1
gene_12808,OVOL2
gene_12809,OXA1L
gene_12810,OXCT1
gene_12811,OXCT2
gene_12812,OXER1
gene_12813,OXGR1
gene_12814,OXNAD1
gene_12815,OXR1
gene_12816,OXSM
gene_12817,OXSR1
gene_12818,OXTR
gene_12819,OXT
gene_12820,P2RX1
gene_12821,P2RX2
gene_12822,P2RX3
gene_12823,P2RX4
gene_12824,P2RX5
gene_12825,P2RX6P
gene_12826,P2RX6
gene_12827,P2RX7
gene_12828,P2RY10
gene_12829,P2RY11
gene_12830,P2RY12
gene_12831,P2RY13
gene_12832,P2RY14
gene_12833,P2RY1
gene_12834,P2RY2
gene_12835,P2RY4
gene_12836,P2RY6
gene_12837,P2RY8
gene_12838,P4HA1
gene_12839,P4HA2
gene_12840,P4HA3
gene_12841,P4HB
gene_12842,P4HTM
gene_12843,P704P
gene_12844,PA2G4P4
gene_12845,PA2G4
gene_12846,PAAF1
gene_12847,PABPC1L2A
gene_12848,PABPC1L2B
gene_12849,PABPC1L
gene_12850,PABPC1P2
gene_12851,PABPC1
gene_12852,PABPC3
gene_12853,PABPC4L
gene_12854,PABPC4
gene_12855,PABPC5
gene_12856,PABPN1L
gene_12857,PABPN1
gene_12858,PACRGL
gene_12859,PACRG
gene_12860,PACS1
gene_12861,PACS2
gene_12862,PACSIN1
gene_12863,PACSIN2
gene_12864,PACSIN3
gene_12865,PADI1
gene_12866,PADI2
gene_12867,PADI3
gene_12868,PADI4
gene_12869,PADI6
gene_12870,PAEP
gene_12871,PAF1
gene_12872,PAFAH1B1
gene_12873,PAFAH1B2
gene_12874,PAFAH1B3
gene_12875,PAFAH2
gene_12876,PAG1
gene_12877,PAGE1
gene_12878,PAGE2B
gene_12879,PAGE2
gene_12880,PAGE3
gene_12881,PAGE4
gene_12882,PAGE5
gene_12883,PAH
gene_12884,PAICS
gene_12885,PAIP1
gene_12886,PAIP2B
gene_12887,PAIP2
gene_12888,PAK1IP1
gene_12889,PAK1
gene_12890,PAK2
gene_12891,PAK3
gene_12892,PAK4
gene_12893,PAK6
gene_12894,PAK7
gene_12895,PALB2
gene_12896,PALLD
gene_12897,PALM2-AKAP2
gene_12898,PALM2
gene_12899,PALM3
gene_12900,PALMD
gene_12901,PALM
gene_12902,PAMR1
gene_12903,PAM
gene_12904,PAN2
gene_12905,PAN3
gene_12906,PANK1
gene_12907,PANK2
gene_12908,PANK3
gene_12909,PANK4
gene_12910,PANX1
gene_12911,PANX2
gene_12912,PANX3
gene_12913,PAOX
gene_12914,PAPD4
gene_12915,PAPD5
gene_12916,PAPD7
gene_12917,PAPLN
gene_12918,PAPL
gene_12919,PAPOLA
gene_12920,PAPOLB
gene_12921,PAPOLG
gene_12922,PAPPA2
gene_12923,PAPPA
gene_12924,PAPSS1
gene_12925,PAPSS2
gene_12926,PAQR3
gene_12927,PAQR4
gene_12928,PAQR5
gene_12929,PAQR6
gene_12930,PAQR7
gene_12931,PAQR8
gene_12932,PAQR9
gene_12933,PAR-SN
gene_12934,PAR1
gene_12935,PAR4
gene_12936,PAR5
gene_12937,PARD3B
gene_12938,PARD3
gene_12939,PARD6A
gene_12940,PARD6B
gene_12941,PARD6G
gene_12942,PARG
gene_12943,PARK2
gene_12944,PARK7
gene_12945,PARL
gene_12946,PARM1
gene_12947,PARN
gene_12948,PARP10
gene_12949,PARP11
gene_12950,PARP12
gene_12951,PARP14
gene_12952,PARP15
gene_12953,PARP16
gene_12954,PARP1
gene_12955,PARP2
gene_12956,PARP3
gene_12957,PARP4
gene_12958,PARP6
gene_12959,PARP8
gene_12960,PARP9
gene_12961,PARS2
gene_12962,PART1
gene_12963,PARVA
gene_12964,PARVB
gene_12965,PARVG
gene_12966,PASD1
gene_12967,PASK
gene_12968,PATE1
gene_12969,PATE2
gene_12970,PATE3
gene_12971,PATE4
gene_12972,PATL1
gene_12973,PATL2
gene_12974,PATZ1
gene_12975,PAWR
gene_12976,PAX1
gene_12977,PAX2
gene_12978,PAX3
gene_12979,PAX4
gene_12980,PAX5
gene_12981,PAX6
gene_12982,PAX7
gene_12983,PAX8
gene_12984,PAX9
gene_12985,PAXIP1
gene_12986,PBK
gene_12987,PBLD
gene_12988,PBOV1
gene_12989,PBRM1
gene_12990,PBX1
gene_12991,PBX2
gene_12992,PBX3
gene_12993,PBX4
gene_12994,PBXIP1
gene_12995,PCA3
gene_12996,PCBD1
gene_12997,PCBD2
gene_12998,PCBP1
gene_12999,PCBP2
gene_13000,PCBP3
gene_13001,PCBP4
gene_13002,PCCA
gene_13003,PCCB
gene_13004,PCDH10
gene_13005,PCDH11X
gene_13006,PCDH11Y
gene_13007,PCDH12
gene_13008,PCDH15
gene_13009,PCDH17
gene_13010,PCDH18
gene_13011,PCDH19
gene_13012,PCDH1
gene_13013,PCDH20
gene_13014,PCDH7
gene_13015,PCDH8
gene_13016,PCDH9
gene_13017,PCDHA10
gene_13018,PCDHA11
gene_13019,PCDHA12
gene_13020,PCDHA13
gene_13021,PCDHA1
gene_13022,PCDHA2
gene_13023,PCDHA3
gene_13024,PCDHA4
gene_13025,PCDHA5
gene_13026,PCDHA6
gene_13027,PCDHA7
gene_13028,PCDHA8
gene_13029,PCDHA9
gene_13030,PCDHAC1
gene_13031,PCDHAC2
gene_13032,PCDHB10
gene_13033,PCDHB11
gene_13034,PCDHB12
gene_13035,PCDHB13
gene_13036,PCDHB14
gene_13037,PCDHB15
gene_13038,PCDHB16
gene_13039,PCDHB17
gene_13040,PCDHB18
gene_13041,PCDHB19P
gene_13042,PCDHB1
gene_13043,PCDHB2
gene_13044,PCDHB3
gene_13045,PCDHB4
gene_13046,PCDHB5
gene_13047,PCDHB6
gene_13048,PCDHB7
gene_13049,PCDHB8
gene_13050,PCDHB9
gene_13051,PCDHGA10
gene_13052,PCDHGA11
gene_13053,PCDHGA12
gene_13054,PCDHGA1
gene_13055,PCDHGA2
gene_13056,PCDHGA3
gene_13057,PCDHGA4
gene_13058,PCDHGA5
gene_13059,PCDHGA6
gene_13060,PCDHGA7
gene_13061,PCDHGA8
gene_13062,PCDHGA9
gene_13063,PCDHGB1
gene_13064,PCDHGB2
gene_13065,PCDHGB3
gene_13066,PCDHGB4
gene_13067,PCDHGB5
gene_13068,PCDHGB6
gene_13069,PCDHGB7
gene_13070,PCDHGB8P
gene_13071,PCDHGC3
gene_13072,PCDHGC4
gene_13073,PCDHGC5
gene_13074,PCDP1
gene_13075,PCF11
gene_13076,PCGEM1
gene_13077,PCGF1
gene_13078,PCGF2
gene_13079,PCGF3
gene_13080,PCGF5
gene_13081,PCGF6
gene_13082,PCID2
gene_13083,PCIF1
gene_13084,PCK1
gene_13085,PCK2
gene_13086,PCLO
gene_13087,PCM1
gene_13088,PCMT1
gene_13089,PCMTD1
gene_13090,PCMTD2
gene_13091,PCNAP1
gene_13092,PCNA
gene_13093,PCNP
gene_13094,PCNT
gene_13095,PCNXL2
gene_13096,PCNXL3
gene_13097,PCNX
gene_13098,PCOLCE2
gene_13099,PCOLCE
gene_13100,PCOTH
gene_13101,PCP2
gene_13102,PCP4L1
gene_13103,PCP4
gene_13104,PCSK1N
gene_13105,PCSK1
gene_13106,PCSK2
gene_13107,PCSK4
gene_13108,PCSK5
gene_13109,PCSK6
gene_13110,PCSK7
gene_13111,PCSK9
gene_13112,PCTP
gene_13113,PCYOX1L
gene_13114,PCYOX1
gene_13115,PCYT1A
gene_13116,PCYT1B
gene_13117,PCYT2
gene_13118,PC
gene_13119,PDAP1
gene_13120,PDCD10
gene_13121,PDCD11
gene_13122,PDCD1LG2
gene_13123,PDCD1
gene_13124,PDCD2L
gene_13125,PDCD2
gene_13126,PDCD4
gene_13127,PDCD5
gene_13128,PDCD6IP
gene_13129,PDCD6
gene_13130,PDCD7
gene_13131,PDCL2
gene_13132,PDCL3
gene_13133,PDCL
gene_13134,PDC
gene_13135,PDDC1
gene_13136,PDE10A
gene_13137,PDE11A
gene_13138,PDE12
gene_13139,PDE1A
gene_13140,PDE1B
gene_13141,PDE1C
gene_13142,PDE2A
gene_13143,PDE3A
gene_13144,PDE3B
gene_13145,PDE4A
gene_13146,PDE4B
gene_13147,PDE4C
gene_13148,PDE4DIP
gene_13149,PDE4D
gene_13150,PDE5A
gene_13151,PDE6A
gene_13152,PDE6B
gene_13153,PDE6C
gene_13154,PDE6D
gene_13155,PDE6G
gene_13156,PDE6H
gene_13157,PDE7A
gene_13158,PDE7B
gene_13159,PDE8A
gene_13160,PDE8B
gene_13161,PDE9A
gene_13162,PDF
gene_13163,PDGFA
gene_13164,PDGFB
gene_13165,PDGFC
gene_13166,PDGFD
gene_13167,PDGFRA
gene_13168,PDGFRB
gene_13169,PDGFRL
gene_13170,PDHA1
gene_13171,PDHA2
gene_13172,PDHB
gene_13173,PDHX
gene_13174,PDIA2
gene_13175,PDIA3P
gene_13176,PDIA3
gene_13177,PDIA4
gene_13178,PDIA5
gene_13179,PDIA6
gene_13180,PDIK1L
gene_13181,PDILT
gene_13182,PDK1
gene_13183,PDK2
gene_13184,PDK3
gene_13185,PDK4
gene_13186,PDLIM1
gene_13187,PDLIM2
gene_13188,PDLIM3
gene_13189,PDLIM4
gene_13190,PDLIM5
gene_13191,PDLIM7
gene_13192,PDP1
gene_13193,PDP2
gene_13194,PDPK1
gene_13195,PDPN
gene_13196,PDPR
gene_13197,PDRG1
gene_13198,PDS5A
gene_13199,PDS5B
gene_13200,PDSS1
gene_13201,PDSS2
gene_13202,PDX1
gene_13203,PDXDC1
gene_13204,PDXDC2
gene_13205,PDXK
gene_13206,PDXP
gene_13207,PDYN
gene_13208,PDZD11
gene_13209,PDZD2
gene_13210,PDZD3
gene_13211,PDZD4
gene_13212,PDZD7
gene_13213,PDZD8
gene_13214,PDZD9
gene_13215,PDZK1IP1
gene_13216,PDZK1P1
gene_13217,PDZK1
gene_13218,PDZRN3
gene_13219,PDZRN4
gene_13220,PEA15
gene_13221,PEAR1
gene_13222,PEBP1
gene_13223,PEBP4
gene_13224,PECAM1
gene_13225,PECI
gene_13226,PECR
gene_13227,PEF1
gene_13228,PEG10
gene_13229,PEG3AS
gene_13230,PEG3
gene_13231,PELI1
gene_13232,PELI2
gene_13233,PELI3
gene_13234,PELO
gene_13235,PELP1
gene_13236,PEMT
gene_13237,PENK
gene_13238,PEPD
gene_13239,PER1
gene_13240,PER2
gene_13241,PER3
gene_13242,PER4
gene_13243,PERP
gene_13244,PES1
gene_13245,PET112L
gene_13246,PEX10
gene_13247,PEX11A
gene_13248,PEX11B
gene_13249,PEX11G
gene_13250,PEX12
gene_13251,PEX13
gene_13252,PEX14
gene_13253,PEX16
gene_13254,PEX19
gene_13255,PEX1
gene_13256,PEX26
gene_13257,PEX2
gene_13258,PEX3
gene_13259,PEX5L
gene_13260,PEX5
gene_13261,PEX6
gene_13262,PEX7
gene_13263,PF4V1
gene_13264,PF4
gene_13265,PFAS
gene_13266,PFDN1
gene_13267,PFDN2
gene_13268,PFDN4
gene_13269,PFDN5
gene_13270,PFDN6
gene_13271,PFKFB1
gene_13272,PFKFB2
gene_13273,PFKFB3
gene_13274,PFKFB4
gene_13275,PFKL
gene_13276,PFKM
gene_13277,PFKP
gene_13278,PFN1
gene_13279,PFN2
gene_13280,PFN3
gene_13281,PFN4
gene_13282,PGA3
gene_13283,PGA4
gene_13284,PGA5
gene_13285,PGAM1
gene_13286,PGAM2
gene_13287,PGAM4
gene_13288,PGAM5
gene_13289,PGAP1
gene_13290,PGAP2
gene_13291,PGAP3
gene_13292,PGBD1
gene_13293,PGBD2
gene_13294,PGBD3
gene_13295,PGBD4
gene_13296,PGBD5
gene_13297,PGCP
gene_13298,PGC
gene_13299,PGD
gene_13300,PGF
gene_13301,PGGT1B
gene_13302,PGK1
gene_13303,PGK2
gene_13304,PGLS
gene_13305,PGLYRP1
gene_13306,PGLYRP2
gene_13307,PGLYRP3
gene_13308,PGLYRP4
gene_13309,PGM1
gene_13310,PGM2L1
gene_13311,PGM2
gene_13312,PGM3
gene_13313,PGM5P2
gene_13314,PGM5
gene_13315,PGPEP1L
gene_13316,PGPEP1
gene_13317,PGP
gene_13318,PGRMC1
gene_13319,PGRMC2
gene_13320,PGR
gene_13321,PGS1
gene_13322,PHACTR1
gene_13323,PHACTR2
gene_13324,PHACTR3
gene_13325,PHACTR4
gene_13326,PHAX
gene_13327,PHB2
gene_13328,PHB
gene_13329,PHC1
gene_13330,PHC2
gene_13331,PHC3
gene_13332,PHEX
gene_13333,PHF10
gene_13334,PHF11
gene_13335,PHF12
gene_13336,PHF13
gene_13337,PHF14
gene_13338,PHF15
gene_13339,PHF16
gene_13340,PHF17
gene_13341,PHF19
gene_13342,PHF1
gene_13343,PHF20L1
gene_13344,PHF20
gene_13345,PHF21A
gene_13346,PHF21B
gene_13347,PHF23
gene_13348,PHF2
gene_13349,PHF3
gene_13350,PHF5A
gene_13351,PHF6
gene_13352,PHF7
gene_13353,PHF8
gene_13354,PHGDH
gene_13355,PHGR1
gene_13356,PHIP
gene_13357,PHKA1
gene_13358,PHKA2
gene_13359,PHKB
gene_13360,PHKG1
gene_13361,PHKG2
gene_13362,PHLDA1
gene_13363,PHLDA2
gene_13364,PHLDA3
gene_13365,PHLDB1
gene_13366,PHLDB2
gene_13367,PHLDB3
gene_13368,PHLPP1
gene_13369,PHLPP2
gene_13370,PHOSPHO1
gene_13371,PHOSPHO2
gene_13372,PHOX2A
gene_13373,PHOX2B
gene_13374,PHPT1
gene_13375,PHRF1
gene_13376,PHTF1
gene_13377,PHTF2
gene_13378,PHYHD1
gene_13379,PHYHIPL
gene_13380,PHYHIP
gene_13381,PHYH
gene_13382,PI15
gene_13383,PI16
gene_13384,PI3
gene_13385,PI4K2A
gene_13386,PI4K2B
gene_13387,PI4KAP1
gene_13388,PI4KAP2
gene_13389,PI4KA
gene_13390,PI4KB
gene_13391,PIAS1
gene_13392,PIAS2
gene_13393,PIAS3
gene_13394,PIAS4
gene_13395,PIBF1
gene_13396,PICALM
gene_13397,PICK1
gene_13398,PID1
gene_13399,PIF1
gene_13400,PIGA
gene_13401,PIGB
gene_13402,PIGC
gene_13403,PIGF
gene_13404,PIGG
gene_13405,PIGH
gene_13406,PIGK
gene_13407,PIGL
gene_13408,PIGM
gene_13409,PIGN
gene_13410,PIGO
gene_13411,PIGP
gene_13412,PIGQ
gene_13413,PIGR
gene_13414,PIGS
gene_13415,PIGT
gene_13416,PIGU
gene_13417,PIGV
gene_13418,PIGW
gene_13419,PIGX
gene_13420,PIGY
gene_13421,PIGZ
gene_13422,PIH1D1
gene_13423,PIH1D2
gene_13424,PIK3AP1
gene_13425,PIK3C2A
gene_13426,PIK3C2B
gene_13427,PIK3C2G
gene_13428,PIK3C3
gene_13429,PIK3CA
gene_13430,PIK3CB
gene_13431,PIK3CD
gene_13432,PIK3CG
gene_13433,PIK3IP1
gene_13434,PIK3R1
gene_13435,PIK3R2
gene_13436,PIK3R3
gene_13437,PIK3R4
gene_13438,PIK3R5
gene_13439,PIK3R6
gene_13440,PIKFYVE
gene_13441,PILRA
gene_13442,PILRB
gene_13443,PIM1
gene_13444,PIM2
gene_13445,PIM3
gene_13446,PIN1L
gene_13447,PIN1
gene_13448,PIN4
gene_13449,PINK1
gene_13450,PINX1
gene_13451,PION
gene_13452,PIP4K2A
gene_13453,PIP4K2B
gene_13454,PIP4K2C
gene_13455,PIP5K1A
gene_13456,PIP5K1B
gene_13457,PIP5K1C
gene_13458,PIP5K1P1
gene_13459,PIP5KL1
gene_13460,PIPOX
gene_13461,PIPSL
gene_13462,PIP
gene_13463,PIRT
gene_13464,PIR
gene_13465,PISD
gene_13466,PISRT1
gene_13467,PITPNA
gene_13468,PITPNB
gene_13469,PITPNC1
gene_13470,PITPNM1
gene_13471,PITPNM2
gene_13472,PITPNM3
gene_13473,PITRM1
gene_13474,PITX1
gene_13475,PITX2
gene_13476,PITX3
gene_13477,PIWIL1
gene_13478,PIWIL2
gene_13479,PIWIL3
gene_13480,PIWIL4
gene_13481,PJA1
gene_13482,PJA2
gene_13483,PKD1L1
gene_13484,PKD1L2
gene_13485,PKD1L3
gene_13486,PKD1
gene_13487,PKD2L1
gene_13488,PKD2L2
gene_13489,PKD2
gene_13490,PKDCC
gene_13491,PKDREJ
gene_13492,PKHD1L1
gene_13493,PKHD1
gene_13494,PKIA
gene_13495,PKIB
gene_13496,PKIG
gene_13497,PKLR
gene_13498,PKM2
gene_13499,PKMYT1
gene_13500,PKN1
gene_13501,PKN2
gene_13502,PKN3
gene_13503,PKNOX1
gene_13504,PKNOX2
gene_13505,PKP1
gene_13506,PKP2
gene_13507,PKP3
gene_13508,PKP4
gene_13509,PL-5283
gene_13510,PLA1A
gene_13511,PLA2G10
gene_13512,PLA2G12A
gene_13513,PLA2G12B
gene_13514,PLA2G15
gene_13515,PLA2G16
gene_13516,PLA2G1B
gene_13517,PLA2G2A
gene_13518,PLA2G2C
gene_13519,PLA2G2D
gene_13520,PLA2G2E
gene_13521,PLA2G2F
gene_13522,PLA2G3
gene_13523,PLA2G4A
gene_13524,PLA2G4C
gene_13525,PLA2G4D
gene_13526,PLA2G4E
gene_13527,PLA2G4F
gene_13528,PLA2G5
gene_13529,PLA2G6
gene_13530,PLA2G7
gene_13531,PLA2R1
gene_13532,PLAA
gene_13533,PLAC1L
gene_13534,PLAC1
gene_13535,PLAC2
gene_13536,PLAC4
gene_13537,PLAC8L1
gene_13538,PLAC8
gene_13539,PLAC9
gene_13540,PLAG1
gene_13541,PLAGL1
gene_13542,PLAGL2
gene_13543,PLAT
gene_13544,PLAUR
gene_13545,PLAU
gene_13546,PLB1
gene_13547,PLBD1
gene_13548,PLBD2
gene_13549,PLCB1
gene_13550,PLCB2
gene_13551,PLCB3
gene_13552,PLCB4
gene_13553,PLCD1
gene_13554,PLCD3
gene_13555,PLCD4
gene_13556,PLCE1
gene_13557,PLCG1
gene_13558,PLCG2
gene_13559,PLCH1
gene_13560,PLCH2
gene_13561,PLCL1
gene_13562,PLCL2
gene_13563,PLCXD1
gene_13564,PLCXD2
gene_13565,PLCXD3
gene_13566,PLCZ1
gene_13567,PLD1
gene_13568,PLD2
gene_13569,PLD3
gene_13570,PLD4
gene_13571,PLD5
gene_13572,PLD6
gene_13573,PLDN
gene_13574,PLEC
gene_13575,PLEK2
gene_13576,PLEKHA1
gene_13577,PLEKHA2
gene_13578,PLEKHA3
gene_13579,PLEKHA4
gene_13580,PLEKHA5
gene_13581,PLEKHA6
gene_13582,PLEKHA7
gene_13583,PLEKHA8
gene_13584,PLEKHA9
gene_13585,PLEKHB1
gene_13586,PLEKHB2
gene_13587,PLEKHF1
gene_13588,PLEKHF2
gene_13589,PLEKHG1
gene_13590,PLEKHG2
gene_13591,PLEKHG3
gene_13592,PLEKHG4B
gene_13593,PLEKHG4
gene_13594,PLEKHG5
gene_13595,PLEKHG6
gene_13596,PLEKHG7
gene_13597,PLEKHH1
gene_13598,PLEKHH2
gene_13599,PLEKHH3
gene_13600,PLEKHJ1
gene_13601,PLEKHM1P
gene_13602,PLEKHM1
gene_13603,PLEKHM2
gene_13604,PLEKHM3
gene_13605,PLEKHN1
gene_13606,PLEKHO1
gene_13607,PLEKHO2
gene_13608,PLEK
gene_13609,PLGLA
gene_13610,PLGLB2
gene_13611,PLG
gene_13612,PLIN1
gene_13613,PLIN2
gene_13614,PLIN3
gene_13615,PLIN4
gene_13616,PLIN5
gene_13617,PLK1S1
gene_13618,PLK1
gene_13619,PLK2
gene_13620,PLK3
gene_13621,PLK4
gene_13622,PLK5P
gene_13623,PLLP
gene_13624,PLN
gene_13625,PLOD1
gene_13626,PLOD2
gene_13627,PLOD3
gene_13628,PLP1
gene_13629,PLP2
gene_13630,PLRG1
gene_13631,PLS1
gene_13632,PLS3
gene_13633,PLSCR1
gene_13634,PLSCR2
gene_13635,PLSCR3
gene_13636,PLSCR4
gene_13637,PLSCR5
gene_13638,PLTP
gene_13639,PLUNC
gene_13640,PLVAP
gene_13641,PLXDC1
gene_13642,PLXDC2
gene_13643,PLXNA1
gene_13644,PLXNA2
gene_13645,PLXNA3
gene_13646,PLXNA4
gene_13647,PLXNB1
gene_13648,PLXNB2
gene_13649,PLXNB3
gene_13650,PLXNC1
gene_13651,PLXND1
gene_13652,PM20D1
gene_13653,PM20D2
gene_13654,PMAIP1
gene_13655,PMCHL1
gene_13656,PMCHL2
gene_13657,PMCH
gene_13658,PMEPA1
gene_13659,PMF1
gene_13660,PMFBP1
gene_13661,PML
gene_13662,PMM1
gene_13663,PMM2
gene_13664,PMP22
gene_13665,PMP2
gene_13666,PMPCA
gene_13667,PMPCB
gene_13668,PMS1
gene_13669,PMS2CL
gene_13670,PMS2L11
gene_13671,PMS2L1
gene_13672,PMS2L2
gene_13673,PMS2L3
gene_13674,PMS2L4
gene_13675,PMS2L5
gene_13676,PMS2
gene_13677,PMVK
gene_13678,PNCK
gene_13679,PNKD
gene_13680,PNKP
gene_13681,PNLDC1
gene_13682,PNLIPRP1
gene_13683,PNLIPRP2
gene_13684,PNLIPRP3
gene_13685,PNLIP
gene_13686,PNMA1
gene_13687,PNMA2
gene_13688,PNMA3
gene_13689,PNMA5
gene_13690,PNMA6A
gene_13691,PNMAL1
gene_13692,PNMAL2
gene_13693,PNMT
gene_13694,PNN
gene_13695,PNO1
gene_13696,PNOC
gene_13697,PNPLA1
gene_13698,PNPLA2
gene_13699,PNPLA3
gene_13700,PNPLA4
gene_13701,PNPLA5
gene_13702,PNPLA6
gene_13703,PNPLA7
gene_13704,PNPLA8
gene_13705,PNPO
gene_13706,PNPT1
gene_13707,PNP
gene_13708,PNRC1
gene_13709,PNRC2
gene_13710,POC1A
gene_13711,POC1B
gene_13712,POC5
gene_13713,PODNL1
gene_13714,PODN
gene_13715,PODXL2
gene_13716,PODXL
gene_13717,POF1B
gene_13718,POFUT1
gene_13719,POFUT2
gene_13720,POGK
gene_13721,POGZ
gene_13722,POLA1
gene_13723,POLA2
gene_13724,POLB
gene_13725,POLD1
gene_13726,POLD2
gene_13727,POLD3
gene_13728,POLD4
gene_13729,POLDIP2
gene_13730,POLDIP3
gene_13731,POLE2
gene_13732,POLE3
gene_13733,POLE4
gene_13734,POLE
gene_13735,POLG2
gene_13736,POLG
gene_13737,POLH
gene_13738,POLI
gene_13739,POLK
gene_13740,POLL
gene_13741,POLM
gene_13742,POLN
gene_13743,POLQ
gene_13744,POLR1A
gene_13745,POLR1B
gene_13746,POLR1C
gene_13747,POLR1D
gene_13748,POLR1E
gene_13749,POLR2A
gene_13750,POLR2B
gene_13751,POLR2C
gene_13752,POLR2D
gene_13753,POLR2E
gene_13754,POLR2F
gene_13755,POLR2G
gene_13756,POLR2H
gene_13757,POLR2I
gene_13758,POLR2J2
gene_13759,POLR2J3
gene_13760,POLR2J4
gene_13761,POLR2J
gene_13762,POLR2K
gene_13763,POLR2L
gene_13764,POLR3A
gene_13765,POLR3B
gene_13766,POLR3C
gene_13767,POLR3D
gene_13768,POLR3E
gene_13769,POLR3F
gene_13770,POLR3GL
gene_13771,POLR3G
gene_13772,POLR3H
gene_13773,POLR3K
gene_13774,POLRMT
gene_13775,POM121C
gene_13776,POM121L10P
gene_13777,POM121L12
gene_13778,POM121L1P
gene_13779,POM121L2
gene_13780,POM121L4P
gene_13781,POM121L8P
gene_13782,POM121L9P
gene_13783,POM121
gene_13784,POMC
gene_13785,POMGNT1
gene_13786,POMP
gene_13787,POMT1
gene_13788,POMT2
gene_13789,POMZP3
gene_13790,PON1
gene_13791,PON2
gene_13792,PON3
gene_13793,POP1
gene_13794,POP4
gene_13795,POP5
gene_13796,POP7
gene_13797,POPDC2
gene_13798,POPDC3
gene_13799,PORCN
gene_13800,POR
gene_13801,POSTN
gene_13802,POT1
gene_13803,POTEA
gene_13804,POTEB
gene_13805,POTEC
gene_13806,POTED
gene_13807,POTEE
gene_13808,POTEF
gene_13809,POTEG
gene_13810,POTEH
gene_13811,POU1F1
gene_13812,POU2AF1
gene_13813,POU2F1
gene_13814,POU2F2
gene_13815,POU2F3
gene_13816,POU3F1
gene_13817,POU3F2
gene_13818,POU3F3
gene_13819,POU3F4
gene_13820,POU4F1
gene_13821,POU4F2
gene_13822,POU4F3
gene_13823,POU5F1B
gene_13824,POU5F1
gene_13825,POU5F2
gene_13826,POU6F1
gene_13827,POU6F2
gene_13828,PP14571
gene_13829,PPA1
gene_13830,PPA2
gene_13831,PPAN-P2RY11
gene_13832,PPAN
gene_13833,PPAP2A
gene_13834,PPAP2B
gene_13835,PPAP2C
gene_13836,PPAPDC1A
gene_13837,PPAPDC1B
gene_13838,PPAPDC2
gene_13839,PPAPDC3
gene_13840,PPARA
gene_13841,PPARD
gene_13842,PPARGC1A
gene_13843,PPARGC1B
gene_13844,PPARG
gene_13845,PPAT
gene_13846,PPBPL2
gene_13847,PPBP
gene_13848,PPCDC
gene_13849,PPCS
gene_13850,PPDPF
gene_13851,PPEF1
gene_13852,PPEF2
gene_13853,PPFIA1
gene_13854,PPFIA2
gene_13855,PPFIA3
gene_13856,PPFIA4
gene_13857,PPFIBP1
gene_13858,PPFIBP2
gene_13859,PPHLN1
gene_13860,PPIAL4B
gene_13861,PPIAL4C
gene_13862,PPIAL4D
gene_13863,PPIAL4E
gene_13864,PPIAL4G
gene_13865,PPIA
gene_13866,PPIB
gene_13867,PPIC
gene_13868,PPID
gene_13869,PPIEL
gene_13870,PPIE
gene_13871,PPIF
gene_13872,PPIG
gene_13873,PPIH
gene_13874,PPIL1
gene_13875,PPIL2
gene_13876,PPIL3
gene_13877,PPIL4
gene_13878,PPIL5
gene_13879,PPIL6
gene_13880,PPIP5K1
gene_13881,PPIP5K2
gene_13882,PPL
gene_13883,PPM1A
gene_13884,PPM1B
gene_13885,PPM1D
gene_13886,PPM1E
gene_13887,PPM1F
gene_13888,PPM1G
gene_13889,PPM1H
gene_13890,PPM1J
gene_13891,PPM1K
gene_13892,PPM1L
gene_13893,PPM1M
gene_13894,PPM1N
gene_13895,PPME1
gene_13896,PPOX
gene_13897,PPP1CA
gene_13898,PPP1CB
gene_13899,PPP1CC
gene_13900,PPP1R10
gene_13901,PPP1R11
gene_13902,PPP1R12A
gene_13903,PPP1R12B
gene_13904,PPP1R12C
gene_13905,PPP1R13B
gene_13906,PPP1R13L
gene_13907,PPP1R14A
gene_13908,PPP1R14B
gene_13909,PPP1R14C
gene_13910,PPP1R14D
gene_13911,PPP1R15A
gene_13912,PPP1R15B
gene_13913,PPP1R16A
gene_13914,PPP1R16B
gene_13915,PPP1R1A
gene_13916,PPP1R1B
gene_13917,PPP1R1C
gene_13918,PPP1R2P1
gene_13919,PPP1R2P3
gene_13920,PPP1R2P9
gene_13921,PPP1R2
gene_13922,PPP1R3A
gene_13923,PPP1R3B
gene_13924,PPP1R3C
gene_13925,PPP1R3D
gene_13926,PPP1R3E
gene_13927,PPP1R3F
gene_13928,PPP1R3G
gene_13929,PPP1R7
gene_13930,PPP1R8
gene_13931,PPP1R9A
gene_13932,PPP1R9B
gene_13933,PPP2CA
gene_13934,PPP2CB
gene_13935,PPP2R1A
gene_13936,PPP2R1B
gene_13937,PPP2R2A
gene_13938,PPP2R2B
gene_13939,PPP2R2C
gene_13940,PPP2R2D
gene_13941,PPP2R3A
gene_13942,PPP2R3B
gene_13943,PPP2R3C
gene_13944,PPP2R4
gene_13945,PPP2R5A
gene_13946,PPP2R5B
gene_13947,PPP2R5C
gene_13948,PPP2R5D
gene_13949,PPP2R5E
gene_13950,PPP3CA
gene_13951,PPP3CB
gene_13952,PPP3CC
gene_13953,PPP3R1
gene_13954,PPP3R2
gene_13955,PPP4C
gene_13956,PPP4R1L
gene_13957,PPP4R1
gene_13958,PPP4R2
gene_13959,PPP4R4
gene_13960,PPP5C
gene_13961,PPP6C
gene_13962,PPPDE1
gene_13963,PPPDE2
gene_13964,PPRC1
gene_13965,PPT1
gene_13966,PPT2
gene_13967,PPTC7
gene_13968,PPWD1
gene_13969,PPY2
gene_13970,PPYR1
gene_13971,PPY
gene_13972,PQBP1
gene_13973,PQLC1
gene_13974,PQLC2
gene_13975,PQLC3
gene_13976,PRAC
gene_13977,PRAF2
gene_13978,PRAM1
gene_13979,PRAMEF10
gene_13980,PRAMEF11
gene_13981,PRAMEF12
gene_13982,PRAMEF13
gene_13983,PRAMEF14
gene_13984,PRAMEF16
gene_13985,PRAMEF17
gene_13986,PRAMEF18
gene_13987,PRAMEF1
gene_13988,PRAMEF20
gene_13989,PRAMEF22
gene_13990,PRAMEF2
gene_13991,PRAMEF3
gene_13992,PRAMEF4
gene_13993,PRAMEF5
gene_13994,PRAMEF6
gene_13995,PRAMEF8
gene_13996,PRAMEF9
gene_13997,PRAME
gene_13998,PRAP1
gene_13999,PRB1
gene_14000,PRB2
gene_14001,PRB3
gene_14002,PRB4
gene_14003,PRC1
gene_14004,PRCC
gene_14005,PRCD
gene_14006,PRCP
gene_14007,PRDM10
gene_14008,PRDM11
gene_14009,PRDM12
gene_14010,PRDM13
gene_14011,PRDM14
gene_14012,PRDM15
gene_14013,PRDM16
gene_14014,PRDM1
gene_14015,PRDM2
gene_14016,PRDM4
gene_14017,PRDM5
gene_14018,PRDM6
gene_14019,PRDM7
gene_14020,PRDM8
gene_14021,PRDM9
gene_14022,PRDX1
gene_14023,PRDX2
gene_14024,PRDX3
gene_14025,PRDX4
gene_14026,PRDX5
gene_14027,PRDX6
gene_14028,PRDXDD1P
gene_14029,PREB
gene_14030,PRELID1
gene_14031,PRELID2
gene_14032,PRELP
gene_14033,PREPL
gene_14034,PREP
gene_14035,PREX1
gene_14036,PREX2
gene_14037,PRF1
gene_14038,PRG1
gene_14039,PRG2
gene_14040,PRG3
gene_14041,PRG4
gene_14042,PRH1
gene_14043,PRH2
gene_14044,PRHOXNB
gene_14045,PRIC285
gene_14046,PRICKLE1
gene_14047,PRICKLE2
gene_14048,PRICKLE3
gene_14049,PRICKLE4
gene_14050,PRIM1
gene_14051,PRIM2
gene_14052,PRIMA1
gene_14053,PRINS
gene_14054,PRKAA1
gene_14055,PRKAA2
gene_14056,PRKAB1
gene_14057,PRKAB2
gene_14058,PRKACA
gene_14059,PRKACB
gene_14060,PRKACG
gene_14061,PRKAG1
gene_14062,PRKAG2
gene_14063,PRKAG3
gene_14064,PRKAR1A
gene_14065,PRKAR1B
gene_14066,PRKAR2A
gene_14067,PRKAR2B
gene_14068,PRKCA
gene_14069,PRKCB
gene_14070,PRKCDBP
gene_14071,PRKCD
gene_14072,PRKCE
gene_14073,PRKCG
gene_14074,PRKCH
gene_14075,PRKCI
gene_14076,PRKCQ
gene_14077,PRKCSH
gene_14078,PRKCZ
gene_14079,PRKD1
gene_14080,PRKD2
gene_14081,PRKD3
gene_14082,PRKDC
gene_14083,PRKG1
gene_14084,PRKG2
gene_14085,PRKRA
gene_14086,PRKRIP1
gene_14087,PRKRIR
gene_14088,PRKX
gene_14089,PRKY
gene_14090,PRLHR
gene_14091,PRLH
gene_14092,PRLR
gene_14093,PRL
gene_14094,PRM1
gene_14095,PRM2
gene_14096,PRM3
gene_14097,PRMT10
gene_14098,PRMT1
gene_14099,PRMT2
gene_14100,PRMT3
gene_14101,PRMT5
gene_14102,PRMT6
gene_14103,PRMT7
gene_14104,PRMT8
gene_14105,PRND
gene_14106,PRNP
gene_14107,PRNT
gene_14108,PRO0611
gene_14109,PRO0628
gene_14110,PRO1768
gene_14111,PROCA1
gene_14112,PROCR
gene_14113,PROC
gene_14114,PRODH2
gene_14115,PRODH
gene_14116,PROK1
gene_14117,PROK2
gene_14118,PROKR1
gene_14119,PROKR2
gene_14120,PROL1
gene_14121,PROM1
gene_14122,PROM2
gene_14123,PROP1
gene_14124,PROS1
gene_14125,PROSC
gene_14126,PROX1
gene_14127,PROX2
gene_14128,PROZ
gene_14129,PRPF18
gene_14130,PRPF19
gene_14131,PRPF31
gene_14132,PRPF38A
gene_14133,PRPF38B
gene_14134,PRPF39
gene_14135,PRPF3
gene_14136,PRPF40A
gene_14137,PRPF40B
gene_14138,PRPF4B
gene_14139,PRPF4
gene_14140,PRPF6
gene_14141,PRPF8
gene_14142,PRPH2
gene_14143,PRPH
gene_14144,PRPS1L1
gene_14145,PRPS1
gene_14146,PRPS2
gene_14147,PRPSAP1
gene_14148,PRPSAP2
gene_14149,PRR11
gene_14150,PRR12
gene_14151,PRR13
gene_14152,PRR14
gene_14153,PRR15L
gene_14154,PRR15
gene_14155,PRR16
gene_14156,PRR18
gene_14157,PRR19
gene_14158,PRR20A
gene_14159,PRR20B
gene_14160,PRR20C
gene_14161,PRR20D
gene_14162,PRR21
gene_14163,PRR22
gene_14164,PRR23A
gene_14165,PRR23B
gene_14166,PRR23C
gene_14167,PRR24
gene_14168,PRR25
gene_14169,PRR3
gene_14170,PRR4
gene_14171,PRR5-ARHGAP8
gene_14172,PRR5L
gene_14173,PRR5
gene_14174,PRR7
gene_14175,PRRC1
gene_14176,PRRG1
gene_14177,PRRG2
gene_14178,PRRG3
gene_14179,PRRG4
gene_14180,PRRT1
gene_14181,PRRT2
gene_14182,PRRT3
gene_14183,PRRT4
gene_14184,PRRX1
gene_14185,PRRX2
gene_14186,PRSS12
gene_14187,PRSS16
gene_14188,PRSS1
gene_14189,PRSS21
gene_14190,PRSS22
gene_14191,PRSS23
gene_14192,PRSS27
gene_14193,PRSS30P
gene_14194,PRSS33
gene_14195,PRSS35
gene_14196,PRSS36
gene_14197,PRSS37
gene_14198,PRSS38
gene_14199,PRSS3
gene_14200,PRSS41
gene_14201,PRSS42
gene_14202,PRSS45
gene_14203,PRSS48
gene_14204,PRSS50
gene_14205,PRSS53
gene_14206,PRSS54
gene_14207,PRSS55
gene_14208,PRSS8
gene_14209,PRSSL1
gene_14210,PRTFDC1
gene_14211,PRTG
gene_14212,PRTN3
gene_14213,PRUNE2
gene_14214,PRUNE
gene_14215,PRX
gene_14216,PRY2
gene_14217,PSAPL1
gene_14218,PSAP
gene_14219,PSAT1
gene_14220,PSCA
gene_14221,PSD2
gene_14222,PSD3
gene_14223,PSD4
gene_14224,PSD
gene_14225,PSEN1
gene_14226,PSEN2
gene_14227,PSENEN
gene_14228,PSG10
gene_14229,PSG11
gene_14230,PSG1
gene_14231,PSG2
gene_14232,PSG3
gene_14233,PSG4
gene_14234,PSG5
gene_14235,PSG6
gene_14236,PSG7
gene_14237,PSG8
gene_14238,PSG9
gene_14239,PSIMCT-1
gene_14240,PSIP1
gene_14241,PSKH1
gene_14242,PSKH2
gene_14243,PSMA1
gene_14244,PSMA2
gene_14245,PSMA3
gene_14246,PSMA4
gene_14247,PSMA5
gene_14248,PSMA6
gene_14249,PSMA7
gene_14250,PSMA8
gene_14251,PSMB10
gene_14252,PSMB11
gene_14253,PSMB1
gene_14254,PSMB2
gene_14255,PSMB3
gene_14256,PSMB4
gene_14257,PSMB5
gene_14258,PSMB6
gene_14259,PSMB7
gene_14260,PSMB8
gene_14261,PSMB9
gene_14262,PSMC1
gene_14263,PSMC2
gene_14264,PSMC3IP
gene_14265,PSMC3
gene_14266,PSMC4
gene_14267,PSMC5
gene_14268,PSMC6
gene_14269,PSMD10
gene_14270,PSMD11
gene_14271,PSMD12
gene_14272,PSMD13
gene_14273,PSMD14
gene_14274,PSMD1
gene_14275,PSMD2
gene_14276,PSMD3
gene_14277,PSMD4
gene_14278,PSMD5
gene_14279,PSMD6
gene_14280,PSMD7
gene_14281,PSMD8
gene_14282,PSMD9
gene_14283,PSME1
gene_14284,PSME2
gene_14285,PSME3
gene_14286,PSME4
gene_14287,PSMF1
gene_14288,PSMG1
gene_14289,PSMG2
gene_14290,PSMG3
gene_14291,PSMG4
gene_14292,PSORS1C1
gene_14293,PSORS1C2
gene_14294,PSORS1C3
gene_14295,PSPC1
gene_14296,PSPH
gene_14297,PSPN
gene_14298,PSRC1
gene_14299,PSTK
gene_14300,PSTPIP1
gene_14301,PSTPIP2
gene_14302,PTAFR
gene_14303,PTAR1
gene_14304,PTBP1
gene_14305,PTBP2
gene_14306,PTCD1
gene_14307,PTCD2
gene_14308,PTCD3
gene_14309,PTCH1
gene_14310,PTCH2
gene_14311,PTCHD1
gene_14312,PTCHD2
gene_14313,PTCHD3
gene_14314,PTCRA
gene_14315,PTDSS1
gene_14316,PTDSS2
gene_14317,PTENP1
gene_14318,PTEN
gene_14319,PTER
gene_14320,PTF1A
gene_14321,PTGDR
gene_14322,PTGDS
gene_14323,PTGER1
gene_14324,PTGER2
gene_14325,PTGER3
gene_14326,PTGER4
gene_14327,PTGES2
gene_14328,PTGES3
gene_14329,PTGES
gene_14330,PTGFRN
gene_14331,PTGFR
gene_14332,PTGIR
gene_14333,PTGIS
gene_14334,PTGR1
gene_14335,PTGR2
gene_14336,PTGS1
gene_14337,PTGS2
gene_14338,PTH1R
gene_14339,PTH2R
gene_14340,PTH2
gene_14341,PTHLH
gene_14342,PTH
gene_14343,PTK2B
gene_14344,PTK2
gene_14345,PTK6
gene_14346,PTK7
gene_14347,PTMA
gene_14348,PTMS
gene_14349,PTN
gene_14350,PTOV1
gene_14351,PTP4A1
gene_14352,PTP4A2
gene_14353,PTP4A3
gene_14354,PTPDC1
gene_14355,PTPLAD1
gene_14356,PTPLAD2
gene_14357,PTPLA
gene_14358,PTPLB
gene_14359,PTPMT1
gene_14360,PTPN11
gene_14361,PTPN12
gene_14362,PTPN13
gene_14363,PTPN14
gene_14364,PTPN18
gene_14365,PTPN1
gene_14366,PTPN20A
gene_14367,PTPN20B
gene_14368,PTPN21
gene_14369,PTPN22
gene_14370,PTPN23
gene_14371,PTPN2
gene_14372,PTPN3
gene_14373,PTPN4
gene_14374,PTPN5
gene_14375,PTPN6
gene_14376,PTPN7
gene_14377,PTPN9
gene_14378,PTPRA
gene_14379,PTPRB
gene_14380,PTPRCAP
gene_14381,PTPRC
gene_14382,PTPRD
gene_14383,PTPRE
gene_14384,PTPRF
gene_14385,PTPRG
gene_14386,PTPRH
gene_14387,PTPRJ
gene_14388,PTPRK
gene_14389,PTPRM
gene_14390,PTPRN2
gene_14391,PTPRN
gene_14392,PTPRO
gene_14393,PTPRQ
gene_14394,PTPRR
gene_14395,PTPRS
gene_14396,PTPRT
gene_14397,PTPRU
gene_14398,PTPRVP
gene_14399,PTPRZ1
gene_14400,PTRF
gene_14401,PTRH1
gene_14402,PTRH2
gene_14403,PTS
gene_14404,PTTG1IP
gene_14405,PTTG1
gene_14406,PTTG2
gene_14407,PTTG3P
gene_14408,PTX3
gene_14409,PTX4
gene_14410,PUF60
gene_14411,PUM1
gene_14412,PUM2
gene_14413,PURA
gene_14414,PURB
gene_14415,PURG
gene_14416,PUS10
gene_14417,PUS1
gene_14418,PUS3
gene_14419,PUS7L
gene_14420,PUS7
gene_14421,PUSL1
gene_14422,PVALB
gene_14423,PVRIG
gene_14424,PVRL1
gene_14425,PVRL2
gene_14426,PVRL3
gene_14427,PVRL4
gene_14428,PVR
gene_14429,PVT1
gene_14430,PWP1
gene_14431,PWP2
gene_14432,PWRN1
gene_14433,PWRN2
gene_14434,PWWP2A
gene_14435,PWWP2B
gene_14436,PXDNL
gene_14437,PXDN
gene_14438,PXK
gene_14439,PXMP2
gene_14440,PXMP4
gene_14441,PXN
gene_14442,PXT1
gene_14443,PYCARD
gene_14444,PYCR1
gene_14445,PYCR2
gene_14446,PYCRL
gene_14447,PYDC1
gene_14448,PYDC2
gene_14449,PYGB
gene_14450,PYGL
gene_14451,PYGM
gene_14452,PYGO1
gene_14453,PYGO2
gene_14454,PYHIN1
gene_14455,PYROXD1
gene_14456,PYROXD2
gene_14457,PYY2
gene_14458,PYY
gene_14459,PZP
gene_14460,ProSAPiP1
gene_14461,QARS
gene_14462,QDPR
gene_14463,QKI
gene_14464,QPCTL
gene_14465,QPCT
gene_14466,QPRT
gene_14467,QRFPR
gene_14468,QRFP
gene_14469,QRICH1
gene_14470,QRICH2
gene_14471,QRSL1
gene_14472,QSER1
gene_14473,QSOX1
gene_14474,QSOX2
gene_14475,QTRT1
gene_14476,QTRTD1
gene_14477,R3HCC1
gene_14478,R3HDM1
gene_14479,R3HDM2
gene_14480,R3HDML
gene_14481,RAB10
gene_14482,RAB11A
gene_14483,RAB11B
gene_14484,RAB11FIP1
gene_14485,RAB11FIP2
gene_14486,RAB11FIP3
gene_14487,RAB11FIP4
gene_14488,RAB11FIP5
gene_14489,RAB12
gene_14490,RAB13
gene_14491,RAB14
gene_14492,RAB15
gene_14493,RAB17
gene_14494,RAB18
gene_14495,RAB19
gene_14496,RAB1A
gene_14497,RAB1B
gene_14498,RAB20
gene_14499,RAB21
gene_14500,RAB22A
gene_14501,RAB23
gene_14502,RAB24
gene_14503,RAB25
gene_14504,RAB26
gene_14505,RAB27A
gene_14506,RAB27B
gene_14507,RAB28
gene_14508,RAB2A
gene_14509,RAB2B
gene_14510,RAB30
gene_14511,RAB31
gene_14512,RAB32
gene_14513,RAB33A
gene_14514,RAB33B
gene_14515,RAB34
gene_14516,RAB35
gene_14517,RAB36
gene_14518,RAB37
gene_14519,RAB38
gene_14520,RAB39B
gene_14521,RAB39
gene_14522,RAB3A
gene_14523,RAB3B
gene_14524,RAB3C
gene_14525,RAB3D
gene_14526,RAB3GAP1
gene_14527,RAB3GAP2
gene_14528,RAB3IL1
gene_14529,RAB3IP
gene_14530,RAB40AL
gene_14531,RAB40A
gene_14532,RAB40B
gene_14533,RAB40C
gene_14534,RAB41
gene_14535,RAB42
gene_14536,RAB43
gene_14537,RAB4A
gene_14538,RAB4B
gene_14539,RAB5A
gene_14540,RAB5B
gene_14541,RAB5C
gene_14542,RAB6A
gene_14543,RAB6B
gene_14544,RAB6C
gene_14545,RAB7A
gene_14546,RAB7L1
gene_14547,RAB8A
gene_14548,RAB8B
gene_14549,RAB9A
gene_14550,RAB9BP1
gene_14551,RAB9B
gene_14552,RABAC1
gene_14553,RABEP1
gene_14554,RABEP2
gene_14555,RABEPK
gene_14556,RABGAP1L
gene_14557,RABGAP1
gene_14558,RABGEF1
gene_14559,RABGGTA
gene_14560,RABGGTB
gene_14561,RABIF
gene_14562,RABL2A
gene_14563,RABL2B
gene_14564,RABL3
gene_14565,RABL5
gene_14566,RAC1
gene_14567,RAC2
gene_14568,RAC3
gene_14569,RACGAP1P
gene_14570,RACGAP1
gene_14571,RAD17
gene_14572,RAD18
gene_14573,RAD1
gene_14574,RAD21L1
gene_14575,RAD21
gene_14576,RAD23A
gene_14577,RAD23B
gene_14578,RAD50
gene_14579,RAD51AP1
gene_14580,RAD51AP2
gene_14581,RAD51C
gene_14582,RAD51L1
gene_14583,RAD51L3
gene_14584,RAD51
gene_14585,RAD52
gene_14586,RAD54B
gene_14587,RAD54L2
gene_14588,RAD54L
gene_14589,RAD9A
gene_14590,RAD9B
gene_14591,RADIL
gene_14592,RAE1
gene_14593,RAET1E
gene_14594,RAET1G
gene_14595,RAET1K
gene_14596,RAET1L
gene_14597,RAF1
gene_14598,RAG1AP1
gene_14599,RAG1
gene_14600,RAG2
gene_14601,RAGE
gene_14602,RAI14
gene_14603,RAI1
gene_14604,RAI2
gene_14605,RALA
gene_14606,RALBP1
gene_14607,RALB
gene_14608,RALGAPA1
gene_14609,RALGAPA2
gene_14610,RALGAPB
gene_14611,RALGDS
gene_14612,RALGPS1
gene_14613,RALGPS2
gene_14614,RALYL
gene_14615,RALY
gene_14616,RAMP1
gene_14617,RAMP2
gene_14618,RAMP3
gene_14619,RANBP10
gene_14620,RANBP17
gene_14621,RANBP1
gene_14622,RANBP2
gene_14623,RANBP3L
gene_14624,RANBP3
gene_14625,RANBP6
gene_14626,RANBP9
gene_14627,RANGAP1
gene_14628,RANGRF
gene_14629,RAN
gene_14630,RAP1A
gene_14631,RAP1B
gene_14632,RAP1GAP2
gene_14633,RAP1GAP
gene_14634,RAP1GDS1
gene_14635,RAP2A
gene_14636,RAP2B
gene_14637,RAP2C
gene_14638,RAPGEF1
gene_14639,RAPGEF2
gene_14640,RAPGEF3
gene_14641,RAPGEF4
gene_14642,RAPGEF5
gene_14643,RAPGEF6
gene_14644,RAPGEFL1
gene_14645,RAPH1
gene_14646,RAPSN
gene_14647,RARA
gene_14648,RARB
gene_14649,RARG
gene_14650,RARRES1
gene_14651,RARRES2
gene_14652,RARRES3
gene_14653,RARS2
gene_14654,RARS
gene_14655,RASA1
gene_14656,RASA2
gene_14657,RASA3
gene_14658,RASA4P
gene_14659,RASA4
gene_14660,RASAL1
gene_14661,RASAL2
gene_14662,RASAL3
gene_14663,RASD1
gene_14664,RASD2
gene_14665,RASEF
gene_14666,RASGEF1A
gene_14667,RASGEF1B
gene_14668,RASGEF1C
gene_14669,RASGRF1
gene_14670,RASGRF2
gene_14671,RASGRP1
gene_14672,RASGRP2
gene_14673,RASGRP3
gene_14674,RASGRP4
gene_14675,RASIP1
gene_14676,RASL10A
gene_14677,RASL10B
gene_14678,RASL11A
gene_14679,RASL11B
gene_14680,RASL12
gene_14681,RASSF10
gene_14682,RASSF1
gene_14683,RASSF2
gene_14684,RASSF3
gene_14685,RASSF4
gene_14686,RASSF5
gene_14687,RASSF6
gene_14688,RASSF7
gene_14689,RASSF8
gene_14690,RASSF9
gene_14691,RAVER1
gene_14692,RAVER2
gene_14693,RAX2
gene_14694,RAX
gene_14695,RB1CC1
gene_14696,RB1
gene_14697,RBAK
gene_14698,RBBP4
gene_14699,RBBP5
gene_14700,RBBP6
gene_14701,RBBP7
gene_14702,RBBP8
gene_14703,RBBP9
gene_14704,RBCK1
gene_14705,RBKS
gene_14706,RBL1
gene_14707,RBL2
gene_14708,RBM10
gene_14709,RBM11
gene_14710,RBM12B
gene_14711,RBM12
gene_14712,RBM14
gene_14713,RBM15B
gene_14714,RBM15
gene_14715,RBM16
gene_14716,RBM17
gene_14717,RBM18
gene_14718,RBM19
gene_14719,RBM20
gene_14720,RBM22
gene_14721,RBM23
gene_14722,RBM24
gene_14723,RBM25
gene_14724,RBM26
gene_14725,RBM27
gene_14726,RBM28
gene_14727,RBM33
gene_14728,RBM34
gene_14729,RBM38
gene_14730,RBM39
gene_14731,RBM3
gene_14732,RBM41
gene_14733,RBM42
gene_14734,RBM43
gene_14735,RBM44
gene_14736,RBM45
gene_14737,RBM46
gene_14738,RBM47
gene_14739,RBM4B
gene_14740,RBM4
gene_14741,RBM5
gene_14742,RBM6
gene_14743,RBM7
gene_14744,RBM8A
gene_14745,RBM9
gene_14746,RBMS1
gene_14747,RBMS2
gene_14748,RBMS3
gene_14749,RBMX2
gene_14750,RBMXL1
gene_14751,RBMXL2
gene_14752,RBMXL3
gene_14753,RBMX
gene_14754,RBMY1A1
gene_14755,RBMY1A3P
gene_14756,RBMY1B
gene_14757,RBMY1E
gene_14758,RBMY1F
gene_14759,RBMY1J
gene_14760,RBMY2EP
gene_14761,RBMY2FP
gene_14762,RBMY3AP
gene_14763,RBP1
gene_14764,RBP2
gene_14765,RBP3
gene_14766,RBP4
gene_14767,RBP5
gene_14768,RBP7
gene_14769,RBPJL
gene_14770,RBPJ
gene_14771,RBPMS2
gene_14772,RBPMS
gene_14773,RBX1
gene_14774,RC3H1
gene_14775,RC3H2
gene_14776,RCAN1
gene_14777,RCAN2
gene_14778,RCAN3
gene_14779,RCBTB1
gene_14780,RCBTB2
gene_14781,RCC1
gene_14782,RCC2
gene_14783,RCCD1
gene_14784,RCE1
gene_14785,RCHY1
gene_14786,RCL1
gene_14787,RCN1
gene_14788,RCN2
gene_14789,RCN3
gene_14790,RCOR1
gene_14791,RCOR2
gene_14792,RCOR3
gene_14793,RCSD1
gene_14794,RCVRN
gene_14795,RD3
gene_14796,RDBP
gene_14797,RDH10
gene_14798,RDH11
gene_14799,RDH12
gene_14800,RDH13
gene_14801,RDH14
gene_14802,RDH16
gene_14803,RDH5
gene_14804,RDH8
gene_14805,RDM1
gene_14806,RDX
gene_14807,REC8
gene_14808,RECK
gene_14809,RECQL4
gene_14810,RECQL5
gene_14811,RECQL
gene_14812,REEP1
gene_14813,REEP2
gene_14814,REEP3
gene_14815,REEP4
gene_14816,REEP5
gene_14817,REEP6
gene_14818,REG1A
gene_14819,REG1B
gene_14820,REG1P
gene_14821,REG3A
gene_14822,REG3G
gene_14823,REG4
gene_14824,RELA
gene_14825,RELB
gene_14826,RELL1
gene_14827,RELL2
gene_14828,RELN
gene_14829,RELT
gene_14830,REL
gene_14831,REM1
gene_14832,REM2
gene_14833,RENBP
gene_14834,REN
gene_14835,REP15
gene_14836,REPIN1
gene_14837,REPS1
gene_14838,REPS2
gene_14839,RER1
gene_14840,RERE
gene_14841,RERGL
gene_14842,RERG
gene_14843,RESP18
gene_14844,REST
gene_14845,RETNLB
gene_14846,RETN
gene_14847,RETSAT
gene_14848,RET
gene_14849,REV1
gene_14850,REV3L
gene_14851,REXO1L1
gene_14852,REXO1
gene_14853,REXO2
gene_14854,REXO4
gene_14855,RFC1
gene_14856,RFC2
gene_14857,RFC3
gene_14858,RFC4
gene_14859,RFC5
gene_14860,RFESD
gene_14861,RFFL
gene_14862,RFK
gene_14863,RFNG
gene_14864,RFPL1S
gene_14865,RFPL1
gene_14866,RFPL2
gene_14867,RFPL3S
gene_14868,RFPL3
gene_14869,RFPL4A
gene_14870,RFPL4B
gene_14871,RFT1
gene_14872,RFTN1
gene_14873,RFTN2
gene_14874,RFWD2
gene_14875,RFWD3
gene_14876,RFX1
gene_14877,RFX2
gene_14878,RFX3
gene_14879,RFX4
gene_14880,RFX5
gene_14881,RFX6
gene_14882,RFX7
gene_14883,RFX8
gene_14884,RFXANK
gene_14885,RFXAP
gene_14886,RG9MTD1
gene_14887,RG9MTD2
gene_14888,RG9MTD3
gene_14889,RGAG1
gene_14890,RGAG4
gene_14891,RGL1
gene_14892,RGL2
gene_14893,RGL3
gene_14894,RGL4
gene_14895,RGMA
gene_14896,RGMB
gene_14897,RGNEF
gene_14898,RGN
gene_14899,RGP1
gene_14900,RGPD1
gene_14901,RGPD3
gene_14902,RGPD4
gene_14903,RGPD5
gene_14904,RGPD6
gene_14905,RGPD8
gene_14906,RGR
gene_14907,RGS10
gene_14908,RGS11
gene_14909,RGS12
gene_14910,RGS13
gene_14911,RGS14
gene_14912,RGS16
gene_14913,RGS17
gene_14914,RGS18
gene_14915,RGS19
gene_14916,RGS1
gene_14917,RGS20
gene_14918,RGS21
gene_14919,RGS22
gene_14920,RGS2
gene_14921,RGS3
gene_14922,RGS4
gene_14923,RGS5
gene_14924,RGS6
gene_14925,RGS7BP
gene_14926,RGS7
gene_14927,RGS8
gene_14928,RGS9BP
gene_14929,RGS9
gene_14930,RGSL1
gene_14931,RHAG
gene_14932,RHBDD1
gene_14933,RHBDD2
gene_14934,RHBDD3
gene_14935,RHBDF1
gene_14936,RHBDF2
gene_14937,RHBDL1
gene_14938,RHBDL2
gene_14939,RHBDL3
gene_14940,RHBG
gene_14941,RHCE
gene_14942,RHCG
gene_14943,RHD
gene_14944,RHEBL1
gene_14945,RHEB
gene_14946,RHOA
gene_14947,RHOBTB1
gene_14948,RHOBTB2
gene_14949,RHOBTB3
gene_14950,RHOB
gene_14951,RHOC
gene_14952,RHOD
gene_14953,RHOF
gene_14954,RHOG
gene_14955,RHOH
gene_14956,RHOJ
gene_14957,RHOQ
gene_14958,RHOT1
gene_14959,RHOT2
gene_14960,RHOU
gene_14961,RHOV
gene_14962,RHOXF1
gene_14963,RHOXF2B
gene_14964,RHO
gene_14965,RHPN1
gene_14966,RHPN2
gene_14967,RIBC1
gene_14968,RIBC2
gene_14969,RIC3
gene_14970,RIC8A
gene_14971,RIC8B
gene_14972,RICH2
gene_14973,RICTOR
gene_14974,RIF1
gene_14975,RILPL1
gene_14976,RILPL2
gene_14977,RILP
gene_14978,RIMBP2
gene_14979,RIMBP3C
gene_14980,RIMBP3
gene_14981,RIMKLA
gene_14982,RIMKLB
gene_14983,RIMS1
gene_14984,RIMS2
gene_14985,RIMS3
gene_14986,RIMS4
gene_14987,RIN1
gene_14988,RIN2
gene_14989,RIN3
gene_14990,RING1
gene_14991,RINL
gene_14992,RINT1
gene_14993,RIOK1
gene_14994,RIOK2
gene_14995,RIOK3
gene_14996,RIPK1
gene_14997,RIPK2
gene_14998,RIPK3
gene_14999,RIPK4
gene_15000,RIPPLY1
gene_15001,RIPPLY2
gene_15002,RIT1
gene_15003,RIT2
gene_15004,RLBP1
gene_15005,RLF
gene_15006,RLIM
gene_15007,RLN1
gene_15008,RLN2
gene_15009,RLN3
gene_15010,RLTPR
gene_15011,RMI1
gene_15012,RMND1
gene_15013,RMND5A
gene_15014,RMND5B
gene_15015,RMRP
gene_15016,RMST
gene_15017,RNASE10
gene_15018,RNASE11
gene_15019,RNASE12
gene_15020,RNASE13
gene_15021,RNASE1
gene_15022,RNASE2
gene_15023,RNASE3
gene_15024,RNASE4
gene_15025,RNASE6
gene_15026,RNASE7
gene_15027,RNASE8
gene_15028,RNASE9
gene_15029,RNASEH1
gene_15030,RNASEH2A
gene_15031,RNASEH2B
gene_15032,RNASEH2C
gene_15033,RNASEK
gene_15034,RNASEL
gene_15035,RNASEN
gene_15036,RNASET2
gene_15037,RND1
gene_15038,RND2
gene_15039,RND3
gene_15040,RNF103
gene_15041,RNF10
gene_15042,RNF111
gene_15043,RNF112
gene_15044,RNF113A
gene_15045,RNF113B
gene_15046,RNF114
gene_15047,RNF115
gene_15048,RNF11
gene_15049,RNF121
gene_15050,RNF122
gene_15051,RNF123
gene_15052,RNF125
gene_15053,RNF126P1
gene_15054,RNF126
gene_15055,RNF128
gene_15056,RNF130
gene_15057,RNF133
gene_15058,RNF135
gene_15059,RNF138P1
gene_15060,RNF138
gene_15061,RNF139
gene_15062,RNF13
gene_15063,RNF141
gene_15064,RNF144A
gene_15065,RNF144B
gene_15066,RNF145
gene_15067,RNF146
gene_15068,RNF148
gene_15069,RNF149
gene_15070,RNF14
gene_15071,RNF150
gene_15072,RNF151
gene_15073,RNF152
gene_15074,RNF157
gene_15075,RNF160
gene_15076,RNF165
gene_15077,RNF166
gene_15078,RNF167
gene_15079,RNF168
gene_15080,RNF169
gene_15081,RNF170
gene_15082,RNF175
gene_15083,RNF17
gene_15084,RNF180
gene_15085,RNF181
gene_15086,RNF182
gene_15087,RNF183
gene_15088,RNF185
gene_15089,RNF186
gene_15090,RNF187
gene_15091,RNF19A
gene_15092,RNF19B
gene_15093,RNF207
gene_15094,RNF208
gene_15095,RNF20
gene_15096,RNF212
gene_15097,RNF213
gene_15098,RNF214
gene_15099,RNF215
gene_15100,RNF216L
gene_15101,RNF216
gene_15102,RNF217
gene_15103,RNF219
gene_15104,RNF220
gene_15105,RNF222
gene_15106,RNF24
gene_15107,RNF25
gene_15108,RNF26
gene_15109,RNF2
gene_15110,RNF31
gene_15111,RNF32
gene_15112,RNF34
gene_15113,RNF38
gene_15114,RNF39
gene_15115,RNF40
gene_15116,RNF41
gene_15117,RNF43
gene_15118,RNF44
gene_15119,RNF4
gene_15120,RNF5P1
gene_15121,RNF5
gene_15122,RNF6
gene_15123,RNF7
gene_15124,RNF8
gene_15125,RNFT1
gene_15126,RNFT2
gene_15127,RNGTT
gene_15128,RNH1
gene_15129,RNLS
gene_15130,RNMTL1
gene_15131,RNMT
gene_15132,RNPC3
gene_15133,RNPEPL1
gene_15134,RNPEP
gene_15135,RNPS1
gene_15136,RNU11
gene_15137,RNU4ATAC
gene_15138,RNU5E
gene_15139,RNU6ATAC
gene_15140,RNY4
gene_15141,RNY5
gene_15142,ROBLD3
gene_15143,ROBO1
gene_15144,ROBO2
gene_15145,ROBO3
gene_15146,ROBO4
gene_15147,ROCK1
gene_15148,ROCK2
gene_15149,ROD1
gene_15150,ROGDI
gene_15151,ROM1
gene_15152,ROMO1
gene_15153,ROPN1B
gene_15154,ROPN1L
gene_15155,ROPN1
gene_15156,ROR1
gene_15157,ROR2
gene_15158,RORA
gene_15159,RORB
gene_15160,RORC
gene_15161,ROS1
gene_15162,RP1-177G6.2
gene_15163,RP1L1
gene_15164,RP1
gene_15165,RP2
gene_15166,RP9P
gene_15167,RP9
gene_15168,RPA1
gene_15169,RPA2
gene_15170,RPA3
gene_15171,RPA4
gene_15172,RPAIN
gene_15173,RPAP1
gene_15174,RPAP2
gene_15175,RPAP3
gene_15176,RPE65
gene_15177,RPE
gene_15178,RPF1
gene_15179,RPF2
gene_15180,RPGRIP1L
gene_15181,RPGRIP1
gene_15182,RPGR
gene_15183,RPH3AL
gene_15184,RPH3A
gene_15185,RPIA
gene_15186,RPL10A
gene_15187,RPL10L
gene_15188,RPL10
gene_15189,RPL11
gene_15190,RPL12
gene_15191,RPL13AP17
gene_15192,RPL13AP20
gene_15193,RPL13AP3
gene_15194,RPL13AP6
gene_15195,RPL13A
gene_15196,RPL13P5
gene_15197,RPL13
gene_15198,RPL14
gene_15199,RPL15
gene_15200,RPL17
gene_15201,RPL18A
gene_15202,RPL18
gene_15203,RPL19P12
gene_15204,RPL19
gene_15205,RPL21P44
gene_15206,RPL21
gene_15207,RPL22L1
gene_15208,RPL22
gene_15209,RPL23AP32
gene_15210,RPL23AP53
gene_15211,RPL23AP64
gene_15212,RPL23AP7
gene_15213,RPL23AP82
gene_15214,RPL23A
gene_15215,RPL23P8
gene_15216,RPL23
gene_15217,RPL24
gene_15218,RPL26L1
gene_15219,RPL26
gene_15220,RPL27A
gene_15221,RPL27
gene_15222,RPL28
gene_15223,RPL29P2
gene_15224,RPL29
gene_15225,RPL30
gene_15226,RPL31P11
gene_15227,RPL31
gene_15228,RPL32P3
gene_15229,RPL32
gene_15230,RPL34
gene_15231,RPL35A
gene_15232,RPL35
gene_15233,RPL36AL
gene_15234,RPL36A
gene_15235,RPL36
gene_15236,RPL37A
gene_15237,RPL37
gene_15238,RPL38
gene_15239,RPL39L
gene_15240,RPL39
gene_15241,RPL3L
gene_15242,RPL3
gene_15243,RPL41
gene_15244,RPL4
gene_15245,RPL5
gene_15246,RPL6
gene_15247,RPL7A
gene_15248,RPL7L1
gene_15249,RPL7
gene_15250,RPL8
gene_15251,RPL9
gene_15252,RPLP0P2
gene_15253,RPLP0
gene_15254,RPLP1
gene_15255,RPLP2
gene_15256,RPN1
gene_15257,RPN2
gene_15258,RPP14
gene_15259,RPP21
gene_15260,RPP25
gene_15261,RPP30
gene_15262,RPP38
gene_15263,RPP40
gene_15264,RPPH1
gene_15265,RPRD1A
gene_15266,RPRD1B
gene_15267,RPRD2
gene_15268,RPRML
gene_15269,RPRM
gene_15270,RPS10P7
gene_15271,RPS10
gene_15272,RPS11
gene_15273,RPS12
gene_15274,RPS13
gene_15275,RPS14
gene_15276,RPS15AP10
gene_15277,RPS15A
gene_15278,RPS15
gene_15279,RPS16
gene_15280,RPS17
gene_15281,RPS18
gene_15282,RPS19BP1
gene_15283,RPS19
gene_15284,RPS20
gene_15285,RPS21
gene_15286,RPS23
gene_15287,RPS24
gene_15288,RPS25
gene_15289,RPS26P11
gene_15290,RPS26
gene_15291,RPS27A
gene_15292,RPS27L
gene_15293,RPS27
gene_15294,RPS28
gene_15295,RPS29
gene_15296,RPS2P32
gene_15297,RPS2
gene_15298,RPS3A
gene_15299,RPS3
gene_15300,RPS4X
gene_15301,RPS4Y1
gene_15302,RPS4Y2
gene_15303,RPS5
gene_15304,RPS6KA1
gene_15305,RPS6KA2
gene_15306,RPS6KA3
gene_15307,RPS6KA4
gene_15308,RPS6KA5
gene_15309,RPS6KA6
gene_15310,RPS6KB1
gene_15311,RPS6KB2
gene_15312,RPS6KC1
gene_15313,RPS6KL1
gene_15314,RPS6
gene_15315,RPS7
gene_15316,RPS8
gene_15317,RPS9
gene_15318,RPSAP52
gene_15319,RPSAP58
gene_15320,RPSAP9
gene_15321,RPSA
gene_15322,RPTN
gene_15323,RPTOR
gene_15324,RPUSD1
gene_15325,RPUSD2
gene_15326,RPUSD3
gene_15327,RPUSD4
gene_15328,RQCD1
gene_15329,RRAD
gene_15330,RRAGA
gene_15331,RRAGB
gene_15332,RRAGC
gene_15333,RRAGD
gene_15334,RRAS2
gene_15335,RRAS
gene_15336,RRBP1
gene_15337,RREB1
gene_15338,RRH
gene_15339,RRM1
gene_15340,RRM2B
gene_15341,RRM2
gene_15342,RRN3P1
gene_15343,RRN3P2
gene_15344,RRN3P3
gene_15345,RRN3
gene_15346,RRP12
gene_15347,RRP15
gene_15348,RRP1B
gene_15349,RRP1
gene_15350,RRP7A
gene_15351,RRP7B
gene_15352,RRP8
gene_15353,RRP9
gene_15354,RRS1
gene_15355,RS1
gene_15356,RSAD1
gene_15357,RSAD2
gene_15358,RSBN1L
gene_15359,RSBN1
gene_15360,RSC1A1
gene_15361,RSF1
gene_15362,RSL1D1
gene_15363,RSL24D1
gene_15364,RSPH10B2
gene_15365,RSPH1
gene_15366,RSPH3
gene_15367,RSPH4A
gene_15368,RSPH6A
gene_15369,RSPH9
gene_15370,RSPO1
gene_15371,RSPO2
gene_15372,RSPO3
gene_15373,RSPO4
gene_15374,RSPRY1
gene_15375,RSRC1
gene_15376,RSRC2
gene_15377,RSU1
gene_15378,RTBDN
gene_15379,RTCD1
gene_15380,RTDR1
gene_15381,RTEL1
gene_15382,RTF1
gene_15383,RTKN2
gene_15384,RTKN
gene_15385,RTL1
gene_15386,RTN1
gene_15387,RTN2
gene_15388,RTN3
gene_15389,RTN4IP1
gene_15390,RTN4RL1
gene_15391,RTN4RL2
gene_15392,RTN4R
gene_15393,RTN4
gene_15394,RTP1
gene_15395,RTP2
gene_15396,RTP3
gene_15397,RTP4
gene_15398,RTTN
gene_15399,RUFY1
gene_15400,RUFY2
gene_15401,RUFY3
gene_15402,RUFY4
gene_15403,RUNDC1
gene_15404,RUNDC2A
gene_15405,RUNDC2C
gene_15406,RUNDC3A
gene_15407,RUNDC3B
gene_15408,RUNX1T1
gene_15409,RUNX1
gene_15410,RUNX2
gene_15411,RUNX3
gene_15412,RUSC1
gene_15413,RUSC2
gene_15414,RUVBL1
gene_15415,RUVBL2
gene_15416,RWDD1
gene_15417,RWDD2A
gene_15418,RWDD2B
gene_15419,RWDD3
gene_15420,RWDD4A
gene_15421,RXFP1
gene_15422,RXFP2
gene_15423,RXFP3
gene_15424,RXFP4
gene_15425,RXRA
gene_15426,RXRB
gene_15427,RXRG
gene_15428,RYBP
gene_15429,RYK
gene_15430,RYR1
gene_15431,RYR2
gene_15432,RYR3
gene_15433,S100A10
gene_15434,S100A11
gene_15435,S100A12
gene_15436,S100A13
gene_15437,S100A14
gene_15438,S100A16
gene_15439,S100A1
gene_15440,S100A2
gene_15441,S100A3
gene_15442,S100A4
gene_15443,S100A5
gene_15444,S100A6
gene_15445,S100A7A
gene_15446,S100A7L2
gene_15447,S100A7
gene_15448,S100A8
gene_15449,S100A9
gene_15450,S100B
gene_15451,S100G
gene_15452,S100PBP
gene_15453,S100P
gene_15454,S100Z
gene_15455,S1PR1
gene_15456,S1PR2
gene_15457,S1PR3
gene_15458,S1PR4
gene_15459,S1PR5
gene_15460,SAA1
gene_15461,SAA2
gene_15462,SAA3P
gene_15463,SAA4
gene_15464,SAAL1
gene_15465,SAC3D1
gene_15466,SACM1L
gene_15467,SACS
gene_15468,SAE1
gene_15469,SAFB2
gene_15470,SAFB
gene_15471,SAGE1
gene_15472,SAG
gene_15473,SALL1
gene_15474,SALL2
gene_15475,SALL3
gene_15476,SALL4
gene_15477,SAMD10
gene_15478,SAMD11
gene_15479,SAMD12
gene_15480,SAMD13
gene_15481,SAMD14
gene_15482,SAMD1
gene_15483,SAMD3
gene_15484,SAMD4A
gene_15485,SAMD4B
gene_15486,SAMD5
gene_15487,SAMD7
gene_15488,SAMD8
gene_15489,SAMD9L
gene_15490,SAMD9
gene_15491,SAMHD1
gene_15492,SAMM50
gene_15493,SAMSN1
gene_15494,SAP130
gene_15495,SAP18
gene_15496,SAP30BP
gene_15497,SAP30L
gene_15498,SAP30
gene_15499,SAPS1
gene_15500,SAPS2
gene_15501,SAPS3
gene_15502,SAR1A
gene_15503,SAR1B
gene_15504,SARDH
gene_15505,SARM1
gene_15506,SARNP
gene_15507,SARS2
gene_15508,SARS
gene_15509,SART1
gene_15510,SART3
gene_15511,SASH1
gene_15512,SASH3
gene_15513,SASS6
gene_15514,SAT1
gene_15515,SAT2
gene_15516,SATB1
gene_15517,SATB2
gene_15518,SATL1
gene_15519,SAV1
gene_15520,SBDSP1
gene_15521,SBDS
gene_15522,SBF1P1
gene_15523,SBF1
gene_15524,SBF2
gene_15525,SBK1
gene_15526,SBK2
gene_15527,SBNO1
gene_15528,SBNO2
gene_15529,SBSN
gene_15530,SC4MOL
gene_15531,SC5DL
gene_15532,SC65
gene_15533,SCAF1
gene_15534,SCAI
gene_15535,SCAMP1
gene_15536,SCAMP2
gene_15537,SCAMP3
gene_15538,SCAMP4
gene_15539,SCAMP5
gene_15540,SCAND1
gene_15541,SCAND2
gene_15542,SCAND3
gene_15543,SCAPER
gene_15544,SCAP
gene_15545,SCARA3
gene_15546,SCARA5
gene_15547,SCARB1
gene_15548,SCARB2
gene_15549,SCARF1
gene_15550,SCARF2
gene_15551,SCARNA10
gene_15552,SCARNA11
gene_15553,SCARNA12
gene_15554,SCARNA14
gene_15555,SCARNA15
gene_15556,SCARNA16
gene_15557,SCARNA17
gene_15558,SCARNA18
gene_15559,SCARNA1
gene_15560,SCARNA20
gene_15561,SCARNA21
gene_15562,SCARNA22
gene_15563,SCARNA23
gene_15564,SCARNA27
gene_15565,SCARNA2
gene_15566,SCARNA3
gene_15567,SCARNA4
gene_15568,SCARNA5
gene_15569,SCARNA6
gene_15570,SCARNA7
gene_15571,SCARNA8
gene_15572,SCARNA9L
gene_15573,SCARNA9
gene_15574,SCCPDH
gene_15575,SCD5
gene_15576,SCD
gene_15577,SCEL
gene_15578,SCFD1
gene_15579,SCFD2
gene_15580,SCG2
gene_15581,SCG3
gene_15582,SCG5
gene_15583,SCGB1A1
gene_15584,SCGB1C1
gene_15585,SCGB1D1
gene_15586,SCGB1D2
gene_15587,SCGB1D4
gene_15588,SCGB2A1
gene_15589,SCGB2A2
gene_15590,SCGB3A1
gene_15591,SCGB3A2
gene_15592,SCGBL
gene_15593,SCGN
gene_15594,SCHIP1
gene_15595,SCIN
gene_15596,SCLT1
gene_15597,SCLY
gene_15598,SCMH1
gene_15599,SCML1
gene_15600,SCML2
gene_15601,SCML4
gene_15602,SCN10A
gene_15603,SCN11A
gene_15604,SCN1A
gene_15605,SCN1B
gene_15606,SCN2A
gene_15607,SCN2B
gene_15608,SCN3A
gene_15609,SCN3B
gene_15610,SCN4A
gene_15611,SCN4B
gene_15612,SCN5A
gene_15613,SCN7A
gene_15614,SCN8A
gene_15615,SCN9A
gene_15616,SCNM1
gene_15617,SCNN1A
gene_15618,SCNN1B
gene_15619,SCNN1D
gene_15620,SCNN1G
gene_15621,SCO1
gene_15622,SCO2
gene_15623,SCOC
gene_15624,SCP2
gene_15625,SCPEP1
gene_15626,SCRG1
gene_15627,SCRIB
gene_15628,SCRN1
gene_15629,SCRN2
gene_15630,SCRN3
gene_15631,SCRT1
gene_15632,SCRT2
gene_15633,SCTR
gene_15634,SCT
gene_15635,SCUBE1
gene_15636,SCUBE2
gene_15637,SCUBE3
gene_15638,SCXB
gene_15639,SCYL1
gene_15640,SCYL2
gene_15641,SCYL3
gene_15642,SDAD1
gene_15643,SDC1
gene_15644,SDC2
gene_15645,SDC3
gene_15646,SDC4P
gene_15647,SDC4
gene_15648,SDCBP2
gene_15649,SDCBP
gene_15650,SDCCAG1
gene_15651,SDCCAG3
gene_15652,SDCCAG8
gene_15653,SDF2L1
gene_15654,SDF2
gene_15655,SDF4
gene_15656,SDHAF1
gene_15657,SDHAF2
gene_15658,SDHAP1
gene_15659,SDHAP2
gene_15660,SDHAP3
gene_15661,SDHA
gene_15662,SDHB
gene_15663,SDHC
gene_15664,SDHD
gene_15665,SDK1
gene_15666,SDK2
gene_15667,SDPR
gene_15668,SDR16C5
gene_15669,SDR39U1
gene_15670,SDR42E1
gene_15671,SDR9C7
gene_15672,SDSL
gene_15673,SDS
gene_15674,SEBOX
gene_15675,SEC11A
gene_15676,SEC11C
gene_15677,SEC13
gene_15678,SEC14L1
gene_15679,SEC14L2
gene_15680,SEC14L3
gene_15681,SEC14L4
gene_15682,SEC14L5
gene_15683,SEC16A
gene_15684,SEC16B
gene_15685,SEC1
gene_15686,SEC22A
gene_15687,SEC22B
gene_15688,SEC22C
gene_15689,SEC23A
gene_15690,SEC23B
gene_15691,SEC23IP
gene_15692,SEC24A
gene_15693,SEC24B
gene_15694,SEC24C
gene_15695,SEC24D
gene_15696,SEC31A
gene_15697,SEC31B
gene_15698,SEC61A1
gene_15699,SEC61A2
gene_15700,SEC61B
gene_15701,SEC61G
gene_15702,SEC62
gene_15703,SEC63
gene_15704,SECISBP2L
gene_15705,SECISBP2
gene_15706,SECTM1
gene_15707,SEH1L
gene_15708,SEL1L2
gene_15709,SEL1L3
gene_15710,SEL1L
gene_15711,SELENBP1
gene_15712,SELE
gene_15713,SELK
gene_15714,SELL
gene_15715,SELM
gene_15716,SELO
gene_15717,SELPLG
gene_15718,SELP
gene_15719,SELS
gene_15720,SELT
gene_15721,SELV
gene_15722,SEMA3A
gene_15723,SEMA3B
gene_15724,SEMA3C
gene_15725,SEMA3D
gene_15726,SEMA3E
gene_15727,SEMA3F
gene_15728,SEMA3G
gene_15729,SEMA4A
gene_15730,SEMA4B
gene_15731,SEMA4C
gene_15732,SEMA4D
gene_15733,SEMA4F
gene_15734,SEMA4G
gene_15735,SEMA5A
gene_15736,SEMA5B
gene_15737,SEMA6A
gene_15738,SEMA6B
gene_15739,SEMA6C
gene_15740,SEMA6D
gene_15741,SEMA7A
gene_15742,SEMG1
gene_15743,SEMG2
gene_15744,SENP1
gene_15745,SENP2
gene_15746,SENP3
gene_15747,SENP5
gene_15748,SENP6
gene_15749,SENP7
gene_15750,SENP8
gene_15751,SEP15
gene_15752,SEPHS1
gene_15753,SEPHS2
gene_15754,SEPN1
gene_15755,SEPP1
gene_15756,SEPSECS
gene_15757,SEPT10
gene_15758,SEPT11
gene_15759,SEPT12
gene_15760,SEPT14
gene_15761,SEPT1
gene_15762,SEPT2
gene_15763,SEPT3
gene_15764,SEPT4
gene_15765,SEPT5
gene_15766,SEPT6
gene_15767,SEPT7L
gene_15768,SEPT7P2
gene_15769,SEPT7
gene_15770,SEPT8
gene_15771,SEPT9
gene_15772,SEPW1
gene_15773,SEPX1
gene_15774,SERAC1
gene_15775,SERBP1
gene_15776,SERF1A
gene_15777,SERF2
gene_15778,SERGEF
gene_15779,SERHL2
gene_15780,SERHL
gene_15781,SERINC1
gene_15782,SERINC2
gene_15783,SERINC3
gene_15784,SERINC4
gene_15785,SERINC5
gene_15786,SERP1
gene_15787,SERP2
gene_15788,SERPINA10
gene_15789,SERPINA11
gene_15790,SERPINA12
gene_15791,SERPINA13
gene_15792,SERPINA1
gene_15793,SERPINA3
gene_15794,SERPINA4
gene_15795,SERPINA5
gene_15796,SERPINA6
gene_15797,SERPINA7
gene_15798,SERPINA9
gene_15799,SERPINB10
gene_15800,SERPINB11
gene_15801,SERPINB12
gene_15802,SERPINB13
gene_15803,SERPINB1
gene_15804,SERPINB2
gene_15805,SERPINB3
gene_15806,SERPINB4
gene_15807,SERPINB5
gene_15808,SERPINB6
gene_15809,SERPINB7
gene_15810,SERPINB8
gene_15811,SERPINB9
gene_15812,SERPINC1
gene_15813,SERPIND1
gene_15814,SERPINE1
gene_15815,SERPINE2
gene_15816,SERPINE3
gene_15817,SERPINF1
gene_15818,SERPINF2
gene_15819,SERPING1
gene_15820,SERPINH1
gene_15821,SERPINI1
gene_15822,SERPINI2
gene_15823,SERTAD1
gene_15824,SERTAD2
gene_15825,SERTAD3
gene_15826,SERTAD4
gene_15827,SESN1
gene_15828,SESN2
gene_15829,SESN3
gene_15830,SESTD1
gene_15831,SETBP1
gene_15832,SETD1A
gene_15833,SETD1B
gene_15834,SETD2
gene_15835,SETD3
gene_15836,SETD4
gene_15837,SETD5
gene_15838,SETD6
gene_15839,SETD7
gene_15840,SETD8
gene_15841,SETDB1
gene_15842,SETDB2
gene_15843,SETMAR
gene_15844,SETX
gene_15845,SET
gene_15846,SEZ6L2
gene_15847,SEZ6L
gene_15848,SEZ6
gene_15849,SF1
gene_15850,SF3A1
gene_15851,SF3A2
gene_15852,SF3A3
gene_15853,SF3B14
gene_15854,SF3B1
gene_15855,SF3B2
gene_15856,SF3B3
gene_15857,SF3B4
gene_15858,SF3B5
gene_15859,SF4
gene_15860,SFI1
gene_15861,SFMBT1
gene_15862,SFMBT2
gene_15863,SFN
gene_15864,SFPQ
gene_15865,SFRP1
gene_15866,SFRP2
gene_15867,SFRP4
gene_15868,SFRP5
gene_15869,SFRS11
gene_15870,SFRS12IP1
gene_15871,SFRS12
gene_15872,SFRS13A
gene_15873,SFRS13B
gene_15874,SFRS14
gene_15875,SFRS15
gene_15876,SFRS16
gene_15877,SFRS17A
gene_15878,SFRS18
gene_15879,SFRS1
gene_15880,SFRS2B
gene_15881,SFRS2IP
gene_15882,SFRS2
gene_15883,SFRS3
gene_15884,SFRS4
gene_15885,SFRS5
gene_15886,SFRS6
gene_15887,SFRS7
gene_15888,SFRS8
gene_15889,SFRS9
gene_15890,SFT2D1
gene_15891,SFT2D2
gene_15892,SFT2D3
gene_15893,SFTA1P
gene_15894,SFTA2
gene_15895,SFTA3
gene_15896,SFTPA1
gene_15897,SFTPA2
gene_15898,SFTPB
gene_15899,SFTPC
gene_15900,SFTPD
gene_15901,SFXN1
gene_15902,SFXN2
gene_15903,SFXN3
gene_15904,SFXN4
gene_15905,SFXN5
gene_15906,SGCA
gene_15907,SGCB
gene_15908,SGCD
gene_15909,SGCE
gene_15910,SGCG
gene_15911,SGCZ
gene_15912,SGEF
gene_15913,SGIP1
gene_15914,SGK196
gene_15915,SGK1
gene_15916,SGK223
gene_15917,SGK269
gene_15918,SGK2
gene_15919,SGK3
gene_15920,SGK494
gene_15921,SGMS1
gene_15922,SGMS2
gene_15923,SGOL1
gene_15924,SGOL2
gene_15925,SGPL1
gene_15926,SGPP1
gene_15927,SGPP2
gene_15928,SGSH
gene_15929,SGSM1
gene_15930,SGSM2
gene_15931,SGSM3
gene_15932,SGTA
gene_15933,SGTB
gene_15934,SH2B1
gene_15935,SH2B2
gene_15936,SH2B3
gene_15937,SH2D1A
gene_15938,SH2D1B
gene_15939,SH2D2A
gene_15940,SH2D3A
gene_15941,SH2D3C
gene_15942,SH2D4A
gene_15943,SH2D4B
gene_15944,SH2D5
gene_15945,SH2D6
gene_15946,SH2D7
gene_15947,SH3BGRL2
gene_15948,SH3BGRL3
gene_15949,SH3BGRL
gene_15950,SH3BGR
gene_15951,SH3BP1
gene_15952,SH3BP2
gene_15953,SH3BP4
gene_15954,SH3BP5L
gene_15955,SH3BP5
gene_15956,SH3D19
gene_15957,SH3D20
gene_15958,SH3GL1
gene_15959,SH3GL2
gene_15960,SH3GL3
gene_15961,SH3GLB1
gene_15962,SH3GLB2
gene_15963,SH3KBP1
gene_15964,SH3PXD2A
gene_15965,SH3PXD2B
gene_15966,SH3RF1
gene_15967,SH3RF2
gene_15968,SH3RF3
gene_15969,SH3TC1
gene_15970,SH3TC2
gene_15971,SH3YL1
gene_15972,SHANK1
gene_15973,SHANK2
gene_15974,SHANK3
gene_15975,SHARPIN
gene_15976,SHBG
gene_15977,SHB
gene_15978,SHC1
gene_15979,SHC2
gene_15980,SHC3
gene_15981,SHC4
gene_15982,SHCBP1
gene_15983,SHD
gene_15984,SHE
gene_15985,SHFM1
gene_15986,SHF
gene_15987,SHH
gene_15988,SHISA2
gene_15989,SHISA3
gene_15990,SHISA4
gene_15991,SHISA5
gene_15992,SHISA6
gene_15993,SHISA7
gene_15994,SHISA9
gene_15995,SHKBP1
gene_15996,SHMT1
gene_15997,SHMT2
gene_15998,SHOC2
gene_15999,SHOX2
gene_16000,SHOX
gene_16001,SHPK
gene_16002,SHPRH
gene_16003,SHQ1
gene_16004,SHROOM1
gene_16005,SHROOM2
gene_16006,SHROOM3
gene_16007,SHROOM4
gene_16008,SIAE
gene_16009,SIAH1
gene_16010,SIAH2
gene_16011,SIAH3
gene_16012,SIDT1
gene_16013,SIDT2
gene_16014,SIGIRR
gene_16015,SIGLEC10
gene_16016,SIGLEC11
gene_16017,SIGLEC12
gene_16018,SIGLEC14
gene_16019,SIGLEC15
gene_16020,SIGLEC16
gene_16021,SIGLEC1
gene_16022,SIGLEC5
gene_16023,SIGLEC6
gene_16024,SIGLEC7
gene_16025,SIGLEC8
gene_16026,SIGLEC9
gene_16027,SIGLECP3
gene_16028,SIGMAR1
gene_16029,SIK1
gene_16030,SIK2
gene_16031,SIK3
gene_16032,SIKE1
gene_16033,SIL1
gene_16034,SILV
gene_16035,SIM1
gene_16036,SIM2
gene_16037,SIN3A
gene_16038,SIN3B
gene_16039,SIP1
gene_16040,SIPA1L1
gene_16041,SIPA1L2
gene_16042,SIPA1L3
gene_16043,SIPA1
gene_16044,SIRPA
gene_16045,SIRPB1
gene_16046,SIRPB2
gene_16047,SIRPD
gene_16048,SIRPG
gene_16049,SIRT1
gene_16050,SIRT2
gene_16051,SIRT3
gene_16052,SIRT4
gene_16053,SIRT5
gene_16054,SIRT6
gene_16055,SIRT7
gene_16056,SIT1
gene_16057,SIVA1
gene_16058,SIX1
gene_16059,SIX2
gene_16060,SIX3
gene_16061,SIX4
gene_16062,SIX5
gene_16063,SIX6
gene_16064,SI
gene_16065,SKA1
gene_16066,SKA2
gene_16067,SKA3
gene_16068,SKAP1
gene_16069,SKAP2
gene_16070,SKIL
gene_16071,SKINTL
gene_16072,SKIV2L2
gene_16073,SKIV2L
gene_16074,SKI
gene_16075,SKP1
gene_16076,SKP2
gene_16077,SLA2
gene_16078,SLAIN1
gene_16079,SLAIN2
gene_16080,SLAMF1
gene_16081,SLAMF6
gene_16082,SLAMF7
gene_16083,SLAMF8
gene_16084,SLAMF9
gene_16085,SLA
gene_16086,SLBP
gene_16087,SLC10A1
gene_16088,SLC10A2
gene_16089,SLC10A3
gene_16090,SLC10A4
gene_16091,SLC10A5
gene_16092,SLC10A6
gene_16093,SLC10A7
gene_16094,SLC11A1
gene_16095,SLC11A2
gene_16096,SLC12A1
gene_16097,SLC12A2
gene_16098,SLC12A3
gene_16099,SLC12A4
gene_16100,SLC12A5
gene_16101,SLC12A6
gene_16102,SLC12A7
gene_16103,SLC12A8
gene_16104,SLC12A9
gene_16105,SLC13A1
gene_16106,SLC13A2
gene_16107,SLC13A3
gene_16108,SLC13A4
gene_16109,SLC13A5
gene_16110,SLC14A1
gene_16111,SLC14A2
gene_16112,SLC15A1
gene_16113,SLC15A2
gene_16114,SLC15A3
gene_16115,SLC15A4
gene_16116,SLC16A10
gene_16117,SLC16A11
gene_16118,SLC16A12
gene_16119,SLC16A13
gene_16120,SLC16A14
gene_16121,SLC16A1
gene_16122,SLC16A2
gene_16123,SLC16A3
gene_16124,SLC16A4
gene_16125,SLC16A5
gene_16126,SLC16A6
gene_16127,SLC16A7
gene_16128,SLC16A8
gene_16129,SLC16A9
gene_16130,SLC17A1
gene_16131,SLC17A2
gene_16132,SLC17A3
gene_16133,SLC17A4
gene_16134,SLC17A5
gene_16135,SLC17A6
gene_16136,SLC17A7
gene_16137,SLC17A8
gene_16138,SLC17A9
gene_16139,SLC18A1
gene_16140,SLC18A2
gene_16141,SLC18A3
gene_16142,SLC19A1
gene_16143,SLC19A2
gene_16144,SLC19A3
gene_16145,SLC1A1
gene_16146,SLC1A2
gene_16147,SLC1A3
gene_16148,SLC1A4
gene_16149,SLC1A5
gene_16150,SLC1A6
gene_16151,SLC1A7
gene_16152,SLC20A1
gene_16153,SLC20A2
gene_16154,SLC22A10
gene_16155,SLC22A11
gene_16156,SLC22A12
gene_16157,SLC22A13
gene_16158,SLC22A14
gene_16159,SLC22A15
gene_16160,SLC22A16
gene_16161,SLC22A17
gene_16162,SLC22A18AS
gene_16163,SLC22A18
gene_16164,SLC22A1
gene_16165,SLC22A20
gene_16166,SLC22A23
gene_16167,SLC22A24
gene_16168,SLC22A25
gene_16169,SLC22A2
gene_16170,SLC22A3
gene_16171,SLC22A4
gene_16172,SLC22A5
gene_16173,SLC22A6
gene_16174,SLC22A7
gene_16175,SLC22A8
gene_16176,SLC22A9
gene_16177,SLC23A1
gene_16178,SLC23A2
gene_16179,SLC23A3
gene_16180,SLC24A1
gene_16181,SLC24A2
gene_16182,SLC24A3
gene_16183,SLC24A4
gene_16184,SLC24A5
gene_16185,SLC24A6
gene_16186,SLC25A10
gene_16187,SLC25A11
gene_16188,SLC25A12
gene_16189,SLC25A13
gene_16190,SLC25A14
gene_16191,SLC25A15
gene_16192,SLC25A16
gene_16193,SLC25A17
gene_16194,SLC25A18
gene_16195,SLC25A19
gene_16196,SLC25A1
gene_16197,SLC25A20
gene_16198,SLC25A21
gene_16199,SLC25A22
gene_16200,SLC25A23
gene_16201,SLC25A24
gene_16202,SLC25A25
gene_16203,SLC25A26
gene_16204,SLC25A27
gene_16205,SLC25A28
gene_16206,SLC25A29
gene_16207,SLC25A2
gene_16208,SLC25A30
gene_16209,SLC25A31
gene_16210,SLC25A32
gene_16211,SLC25A33
gene_16212,SLC25A34
gene_16213,SLC25A35
gene_16214,SLC25A36
gene_16215,SLC25A37
gene_16216,SLC25A38
gene_16217,SLC25A39
gene_16218,SLC25A3
gene_16219,SLC25A40
gene_16220,SLC25A41
gene_16221,SLC25A42
gene_16222,SLC25A43
gene_16223,SLC25A44
gene_16224,SLC25A45
gene_16225,SLC25A46
gene_16226,SLC25A4
gene_16227,SLC25A5
gene_16228,SLC25A6
gene_16229,SLC26A10
gene_16230,SLC26A11
gene_16231,SLC26A1
gene_16232,SLC26A2
gene_16233,SLC26A3
gene_16234,SLC26A4
gene_16235,SLC26A5
gene_16236,SLC26A6
gene_16237,SLC26A7
gene_16238,SLC26A8
gene_16239,SLC26A9
gene_16240,SLC27A1
gene_16241,SLC27A2
gene_16242,SLC27A3
gene_16243,SLC27A4
gene_16244,SLC27A5
gene_16245,SLC27A6
gene_16246,SLC28A1
gene_16247,SLC28A2
gene_16248,SLC28A3
gene_16249,SLC29A1
gene_16250,SLC29A2
gene_16251,SLC29A3
gene_16252,SLC29A4
gene_16253,SLC2A10
gene_16254,SLC2A11
gene_16255,SLC2A12
gene_16256,SLC2A13
gene_16257,SLC2A14
gene_16258,SLC2A1
gene_16259,SLC2A2
gene_16260,SLC2A3
gene_16261,SLC2A4RG
gene_16262,SLC2A4
gene_16263,SLC2A5
gene_16264,SLC2A6
gene_16265,SLC2A7
gene_16266,SLC2A8
gene_16267,SLC2A9
gene_16268,SLC30A10
gene_16269,SLC30A1
gene_16270,SLC30A2
gene_16271,SLC30A3
gene_16272,SLC30A4
gene_16273,SLC30A5
gene_16274,SLC30A6
gene_16275,SLC30A7
gene_16276,SLC30A8
gene_16277,SLC30A9
gene_16278,SLC31A1
gene_16279,SLC31A2
gene_16280,SLC32A1
gene_16281,SLC33A1
gene_16282,SLC34A1
gene_16283,SLC34A2
gene_16284,SLC34A3
gene_16285,SLC35A1
gene_16286,SLC35A2
gene_16287,SLC35A3
gene_16288,SLC35A4
gene_16289,SLC35A5
gene_16290,SLC35B1
gene_16291,SLC35B2
gene_16292,SLC35B3
gene_16293,SLC35B4
gene_16294,SLC35C1
gene_16295,SLC35C2
gene_16296,SLC35D1
gene_16297,SLC35D2
gene_16298,SLC35D3
gene_16299,SLC35E1
gene_16300,SLC35E2
gene_16301,SLC35E2
gene_16302,SLC35E3
gene_16303,SLC35E4
gene_16304,SLC35F1
gene_16305,SLC35F2
gene_16306,SLC35F3
gene_16307,SLC35F4
gene_16308,SLC35F5
gene_16309,SLC36A1
gene_16310,SLC36A2
gene_16311,SLC36A3
gene_16312,SLC36A4
gene_16313,SLC37A1
gene_16314,SLC37A2
gene_16315,SLC37A3
gene_16316,SLC37A4
gene_16317,SLC38A10
gene_16318,SLC38A11
gene_16319,SLC38A1
gene_16320,SLC38A2
gene_16321,SLC38A3
gene_16322,SLC38A4
gene_16323,SLC38A5
gene_16324,SLC38A6
gene_16325,SLC38A7
gene_16326,SLC38A8
gene_16327,SLC38A9
gene_16328,SLC39A10
gene_16329,SLC39A11
gene_16330,SLC39A12
gene_16331,SLC39A13
gene_16332,SLC39A14
gene_16333,SLC39A1
gene_16334,SLC39A2
gene_16335,SLC39A3
gene_16336,SLC39A4
gene_16337,SLC39A5
gene_16338,SLC39A6
gene_16339,SLC39A7
gene_16340,SLC39A8
gene_16341,SLC39A9
gene_16342,SLC3A1
gene_16343,SLC3A2
gene_16344,SLC40A1
gene_16345,SLC41A1
gene_16346,SLC41A2
gene_16347,SLC41A3
gene_16348,SLC43A1
gene_16349,SLC43A2
gene_16350,SLC43A3
gene_16351,SLC44A1
gene_16352,SLC44A2
gene_16353,SLC44A3
gene_16354,SLC44A4
gene_16355,SLC44A5
gene_16356,SLC45A1
gene_16357,SLC45A2
gene_16358,SLC45A3
gene_16359,SLC45A4
gene_16360,SLC46A1
gene_16361,SLC46A2
gene_16362,SLC46A3
gene_16363,SLC47A1
gene_16364,SLC47A2
gene_16365,SLC48A1
gene_16366,SLC4A10
gene_16367,SLC4A11
gene_16368,SLC4A1AP
gene_16369,SLC4A1
gene_16370,SLC4A2
gene_16371,SLC4A3
gene_16372,SLC4A4
gene_16373,SLC4A5
gene_16374,SLC4A7
gene_16375,SLC4A8
gene_16376,SLC4A9
gene_16377,SLC5A10
gene_16378,SLC5A11
gene_16379,SLC5A12
gene_16380,SLC5A1
gene_16381,SLC5A2
gene_16382,SLC5A3
gene_16383,SLC5A4
gene_16384,SLC5A5
gene_16385,SLC5A6
gene_16386,SLC5A7
gene_16387,SLC5A8
gene_16388,SLC5A9
gene_16389,SLC6A10P
gene_16390,SLC6A11
gene_16391,SLC6A12
gene_16392,SLC6A13
gene_16393,SLC6A14
gene_16394,SLC6A15
gene_16395,SLC6A16
gene_16396,SLC6A17
gene_16397,SLC6A18
gene_16398,SLC6A19
gene_16399,SLC6A1
gene_16400,SLC6A20
gene_16401,SLC6A2
gene_16402,SLC6A3
gene_16403,SLC6A4
gene_16404,SLC6A5
gene_16405,SLC6A6
gene_16406,SLC6A7
gene_16407,SLC6A8
gene_16408,SLC6A9
gene_16409,SLC7A10
gene_16410,SLC7A11
gene_16411,SLC7A13
gene_16412,SLC7A14
gene_16413,SLC7A1
gene_16414,SLC7A2
gene_16415,SLC7A3
gene_16416,SLC7A4
gene_16417,SLC7A5P1
gene_16418,SLC7A5P2
gene_16419,SLC7A5
gene_16420,SLC7A6OS
gene_16421,SLC7A6
gene_16422,SLC7A7
gene_16423,SLC7A8
gene_16424,SLC7A9
gene_16425,SLC8A1
gene_16426,SLC8A2
gene_16427,SLC8A3
gene_16428,SLC9A10
gene_16429,SLC9A11
gene_16430,SLC9A1
gene_16431,SLC9A2
gene_16432,SLC9A3R1
gene_16433,SLC9A3R2
gene_16434,SLC9A3
gene_16435,SLC9A4
gene_16436,SLC9A5
gene_16437,SLC9A6
gene_16438,SLC9A7
gene_16439,SLC9A8
gene_16440,SLC9A9
gene_16441,SLCO1A2
gene_16442,SLCO1B1
gene_16443,SLCO1B3
gene_16444,SLCO1C1
gene_16445,SLCO2A1
gene_16446,SLCO2B1
gene_16447,SLCO3A1
gene_16448,SLCO4A1
gene_16449,SLCO4C1
gene_16450,SLCO5A1
gene_16451,SLCO6A1
gene_16452,SLED1
gene_16453,SLFN11
gene_16454,SLFN12L
gene_16455,SLFN12
gene_16456,SLFN13
gene_16457,SLFN14
gene_16458,SLFN5
gene_16459,SLFNL1
gene_16460,SLIT1
gene_16461,SLIT2
gene_16462,SLIT3
gene_16463,SLITRK1
gene_16464,SLITRK2
gene_16465,SLITRK3
gene_16466,SLITRK4
gene_16467,SLITRK5
gene_16468,SLITRK6
gene_16469,SLK
gene_16470,SLMAP
gene_16471,SLMO1
gene_16472,SLMO2
gene_16473,SLN
gene_16474,SLPI
gene_16475,SLTM
gene_16476,SLU7
gene_16477,SLURP1
gene_16478,SMAD1
gene_16479,SMAD2
gene_16480,SMAD3
gene_16481,SMAD4
gene_16482,SMAD5OS
gene_16483,SMAD5
gene_16484,SMAD6
gene_16485,SMAD7
gene_16486,SMAD9
gene_16487,SMAGP
gene_16488,SMAP1
gene_16489,SMAP2
gene_16490,SMARCA1
gene_16491,SMARCA2
gene_16492,SMARCA4
gene_16493,SMARCA5
gene_16494,SMARCAD1
gene_16495,SMARCAL1
gene_16496,SMARCB1
gene_16497,SMARCC1
gene_16498,SMARCC2
gene_16499,SMARCD1
gene_16500,SMARCD2
gene_16501,SMARCD3
gene_16502,SMARCE1
gene_16503,SMC1A
gene_16504,SMC1B
gene_16505,SMC2
gene_16506,SMC3
gene_16507,SMC4
gene_16508,SMC5
gene_16509,SMC6
gene_16510,SMCHD1
gene_16511,SMCP
gene_16512,SMCR5
gene_16513,SMCR7L
gene_16514,SMCR7
gene_16515,SMCR8
gene_16516,SMEK1
gene_16517,SMEK2
gene_16518,SMEK3P
gene_16519,SMG1
gene_16520,SMG5
gene_16521,SMG6
gene_16522,SMG7
gene_16523,SMN1
gene_16524,SMN2
gene_16525,SMNDC1
gene_16526,SMOC1
gene_16527,SMOC2
gene_16528,SMOX
gene_16529,SMO
gene_16530,SMPD1
gene_16531,SMPD2
gene_16532,SMPD3
gene_16533,SMPD4
gene_16534,SMPDL3A
gene_16535,SMPDL3B
gene_16536,SMPX
gene_16537,SMR3A
gene_16538,SMR3B
gene_16539,SMS
gene_16540,SMTNL1
gene_16541,SMTNL2
gene_16542,SMTN
gene_16543,SMU1
gene_16544,SMUG1
gene_16545,SMURF1
gene_16546,SMURF2
gene_16547,SMYD1
gene_16548,SMYD2
gene_16549,SMYD3
gene_16550,SMYD4
gene_16551,SMYD5
gene_16552,SNAI1
gene_16553,SNAI2
gene_16554,SNAI3
gene_16555,SNAP23
gene_16556,SNAP25
gene_16557,SNAP29
gene_16558,SNAP47
gene_16559,SNAP91
gene_16560,SNAPC1
gene_16561,SNAPC2
gene_16562,SNAPC3
gene_16563,SNAPC4
gene_16564,SNAPC5
gene_16565,SNAPIN
gene_16566,SNAR-A13
gene_16567,SNAR-A2
gene_16568,SNAR-A3
gene_16569,SNAR-A4
gene_16570,SNAR-B2
gene_16571,SNAR-C2
gene_16572,SNAR-C3
gene_16573,SNAR-C4
gene_16574,SNAR-D
gene_16575,SNAR-E
gene_16576,SNAR-F
gene_16577,SNAR-G1
gene_16578,SNAR-G2
gene_16579,SNAR-H
gene_16580,SNAR-I
gene_16581,SNCAIP
gene_16582,SNCA
gene_16583,SNCB
gene_16584,SNCG
gene_16585,SND1
gene_16586,SNED1
gene_16587,SNF8
gene_16588,SNHG10
gene_16589,SNHG11
gene_16590,SNHG12
gene_16591,SNHG1
gene_16592,SNHG3-RCC1
gene_16593,SNHG3
gene_16594,SNHG4
gene_16595,SNHG5
gene_16596,SNHG6
gene_16597,SNHG7
gene_16598,SNHG8
gene_16599,SNHG9
gene_16600,SNIP1
gene_16601,SNN
gene_16602,SNORA10
gene_16603,SNORA11B
gene_16604,SNORA11C
gene_16605,SNORA11D
gene_16606,SNORA11E
gene_16607,SNORA11
gene_16608,SNORA12
gene_16609,SNORA13
gene_16610,SNORA14A
gene_16611,SNORA14B
gene_16612,SNORA15
gene_16613,SNORA16A
gene_16614,SNORA16B
gene_16615,SNORA18
gene_16616,SNORA19
gene_16617,SNORA1
gene_16618,SNORA20
gene_16619,SNORA21
gene_16620,SNORA22
gene_16621,SNORA23
gene_16622,SNORA24
gene_16623,SNORA25
gene_16624,SNORA26
gene_16625,SNORA27
gene_16626,SNORA28
gene_16627,SNORA29
gene_16628,SNORA2A
gene_16629,SNORA2B
gene_16630,SNORA30
gene_16631,SNORA31
gene_16632,SNORA32
gene_16633,SNORA34
gene_16634,SNORA35
gene_16635,SNORA36A
gene_16636,SNORA36B
gene_16637,SNORA36C
gene_16638,SNORA37
gene_16639,SNORA38B
gene_16640,SNORA38
gene_16641,SNORA39
gene_16642,SNORA3
gene_16643,SNORA40
gene_16644,SNORA41
gene_16645,SNORA42
gene_16646,SNORA44
gene_16647,SNORA45
gene_16648,SNORA46
gene_16649,SNORA47
gene_16650,SNORA48
gene_16651,SNORA49
gene_16652,SNORA4
gene_16653,SNORA50
gene_16654,SNORA51
gene_16655,SNORA52
gene_16656,SNORA53
gene_16657,SNORA54
gene_16658,SNORA55
gene_16659,SNORA56
gene_16660,SNORA57
gene_16661,SNORA58
gene_16662,SNORA59B
gene_16663,SNORA5A
gene_16664,SNORA5B
gene_16665,SNORA5C
gene_16666,SNORA61
gene_16667,SNORA62
gene_16668,SNORA63
gene_16669,SNORA64
gene_16670,SNORA65
gene_16671,SNORA66
gene_16672,SNORA67
gene_16673,SNORA68
gene_16674,SNORA69
gene_16675,SNORA6
gene_16676,SNORA70B
gene_16677,SNORA70C
gene_16678,SNORA70
gene_16679,SNORA71A
gene_16680,SNORA71B
gene_16681,SNORA71C
gene_16682,SNORA71D
gene_16683,SNORA72
gene_16684,SNORA74A
gene_16685,SNORA74B
gene_16686,SNORA75
gene_16687,SNORA76
gene_16688,SNORA77
gene_16689,SNORA78
gene_16690,SNORA79
gene_16691,SNORA7B
gene_16692,SNORA80
gene_16693,SNORA81
gene_16694,SNORA84
gene_16695,SNORA8
gene_16696,SNORA9
gene_16697,SNORD102
gene_16698,SNORD103A
gene_16699,SNORD104
gene_16700,SNORD105B
gene_16701,SNORD105
gene_16702,SNORD109B
gene_16703,SNORD10
gene_16704,SNORD110
gene_16705,SNORD111B
gene_16706,SNORD111
gene_16707,SNORD113-1
gene_16708,SNORD113-2
gene_16709,SNORD113-4
gene_16710,SNORD113-5
gene_16711,SNORD113-6
gene_16712,SNORD113-7
gene_16713,SNORD113-9
gene_16714,SNORD114-10
gene_16715,SNORD114-11
gene_16716,SNORD114-12
gene_16717,SNORD114-13
gene_16718,SNORD114-14
gene_16719,SNORD114-15
gene_16720,SNORD114-16
gene_16721,SNORD114-17
gene_16722,SNORD114-18
gene_16723,SNORD114-19
gene_16724,SNORD114-1
gene_16725,SNORD114-20
gene_16726,SNORD114-21
gene_16727,SNORD114-22
gene_16728,SNORD114-23
gene_16729,SNORD114-24
gene_16730,SNORD114-25
gene_16731,SNORD114-26
gene_16732,SNORD114-27
gene_16733,SNORD114-28
gene_16734,SNORD114-29
gene_16735,SNORD114-2
gene_16736,SNORD114-30
gene_16737,SNORD114-31
gene_16738,SNORD114-3
gene_16739,SNORD114-4
gene_16740,SNORD114-5
gene_16741,SNORD114-6
gene_16742,SNORD114-7
gene_16743,SNORD114-8
gene_16744,SNORD114-9
gene_16745,SNORD115-10
gene_16746,SNORD115-11
gene_16747,SNORD115-13
gene_16748,SNORD115-14
gene_16749,SNORD115-16
gene_16750,SNORD115-17
gene_16751,SNORD115-1
gene_16752,SNORD115-20
gene_16753,SNORD115-22
gene_16754,SNORD115-25
gene_16755,SNORD115-26
gene_16756,SNORD115-2
gene_16757,SNORD115-30
gene_16758,SNORD115-31
gene_16759,SNORD115-32
gene_16760,SNORD115-33
gene_16761,SNORD115-35
gene_16762,SNORD115-37
gene_16763,SNORD115-38
gene_16764,SNORD115-39
gene_16765,SNORD115-3
gene_16766,SNORD115-40
gene_16767,SNORD115-41
gene_16768,SNORD115-44
gene_16769,SNORD115-48
gene_16770,SNORD115-4
gene_16771,SNORD115-5
gene_16772,SNORD115-6
gene_16773,SNORD115-7
gene_16774,SNORD115-8
gene_16775,SNORD115-9
gene_16776,SNORD116-10
gene_16777,SNORD116-11
gene_16778,SNORD116-12
gene_16779,SNORD116-13
gene_16780,SNORD116-14
gene_16781,SNORD116-15
gene_16782,SNORD116-16
gene_16783,SNORD116-18
gene_16784,SNORD116-19
gene_16785,SNORD116-1
gene_16786,SNORD116-20
gene_16787,SNORD116-22
gene_16788,SNORD116-23
gene_16789,SNORD116-24
gene_16790,SNORD116-25
gene_16791,SNORD116-26
gene_16792,SNORD116-27
gene_16793,SNORD116-28
gene_16794,SNORD116-29
gene_16795,SNORD116-2
gene_16796,SNORD116-3
gene_16797,SNORD116-4
gene_16798,SNORD116-5
gene_16799,SNORD116-8
gene_16800,SNORD117
gene_16801,SNORD119
gene_16802,SNORD11B
gene_16803,SNORD11
gene_16804,SNORD121A
gene_16805,SNORD121B
gene_16806,SNORD123
gene_16807,SNORD124
gene_16808,SNORD125
gene_16809,SNORD126
gene_16810,SNORD127
gene_16811,SNORD12B
gene_16812,SNORD12C
gene_16813,SNORD12
gene_16814,SNORD15A
gene_16815,SNORD15B
gene_16816,SNORD16
gene_16817,SNORD17
gene_16818,SNORD18A
gene_16819,SNORD18B
gene_16820,SNORD18C
gene_16821,SNORD19B
gene_16822,SNORD19
gene_16823,SNORD1A
gene_16824,SNORD1B
gene_16825,SNORD1C
gene_16826,SNORD20
gene_16827,SNORD21
gene_16828,SNORD22
gene_16829,SNORD23
gene_16830,SNORD24
gene_16831,SNORD25
gene_16832,SNORD26
gene_16833,SNORD27
gene_16834,SNORD28
gene_16835,SNORD29
gene_16836,SNORD2
gene_16837,SNORD30
gene_16838,SNORD31
gene_16839,SNORD32A
gene_16840,SNORD32B
gene_16841,SNORD33
gene_16842,SNORD34
gene_16843,SNORD35A
gene_16844,SNORD35B
gene_16845,SNORD36A
gene_16846,SNORD36B
gene_16847,SNORD36C
gene_16848,SNORD37
gene_16849,SNORD38A
gene_16850,SNORD38B
gene_16851,SNORD41
gene_16852,SNORD42A
gene_16853,SNORD42B
gene_16854,SNORD43
gene_16855,SNORD44
gene_16856,SNORD45A
gene_16857,SNORD45B
gene_16858,SNORD45C
gene_16859,SNORD46
gene_16860,SNORD47
gene_16861,SNORD48
gene_16862,SNORD49A
gene_16863,SNORD49B
gene_16864,SNORD4A
gene_16865,SNORD4B
gene_16866,SNORD50A
gene_16867,SNORD50B
gene_16868,SNORD51
gene_16869,SNORD52
gene_16870,SNORD53
gene_16871,SNORD54
gene_16872,SNORD55
gene_16873,SNORD56B
gene_16874,SNORD56
gene_16875,SNORD57
gene_16876,SNORD58A
gene_16877,SNORD58C
gene_16878,SNORD59A
gene_16879,SNORD59B
gene_16880,SNORD5
gene_16881,SNORD60
gene_16882,SNORD61
gene_16883,SNORD62A
gene_16884,SNORD63
gene_16885,SNORD65
gene_16886,SNORD66
gene_16887,SNORD67
gene_16888,SNORD68
gene_16889,SNORD69
gene_16890,SNORD6
gene_16891,SNORD70
gene_16892,SNORD71
gene_16893,SNORD72
gene_16894,SNORD73A
gene_16895,SNORD74
gene_16896,SNORD75
gene_16897,SNORD76
gene_16898,SNORD77
gene_16899,SNORD78
gene_16900,SNORD79
gene_16901,SNORD7
gene_16902,SNORD80
gene_16903,SNORD81
gene_16904,SNORD82
gene_16905,SNORD84
gene_16906,SNORD85
gene_16907,SNORD86
gene_16908,SNORD87
gene_16909,SNORD88A
gene_16910,SNORD88B
gene_16911,SNORD88C
gene_16912,SNORD89
gene_16913,SNORD8
gene_16914,SNORD90
gene_16915,SNORD91A
gene_16916,SNORD91B
gene_16917,SNORD92
gene_16918,SNORD93
gene_16919,SNORD94
gene_16920,SNORD95
gene_16921,SNORD96A
gene_16922,SNORD96B
gene_16923,SNORD97
gene_16924,SNORD98
gene_16925,SNORD99
gene_16926,SNORD9
gene_16927,SNPH
gene_16928,SNRK
gene_16929,SNRNP200
gene_16930,SNRNP25
gene_16931,SNRNP27
gene_16932,SNRNP35
gene_16933,SNRNP40
gene_16934,SNRNP48
gene_16935,SNRNP70
gene_16936,SNRPA1
gene_16937,SNRPA
gene_16938,SNRPB2
gene_16939,SNRPB
gene_16940,SNRPC
gene_16941,SNRPD1
gene_16942,SNRPD2
gene_16943,SNRPD3
gene_16944,SNRPE
gene_16945,SNRPF
gene_16946,SNRPG
gene_16947,SNRPN
gene_16948,SNTA1
gene_16949,SNTB1
gene_16950,SNTB2
gene_16951,SNTG1
gene_16952,SNTG2
gene_16953,SNTN
gene_16954,SNUPN
gene_16955,SNURF
gene_16956,SNW1
gene_16957,SNX10
gene_16958,SNX11
gene_16959,SNX12
gene_16960,SNX13
gene_16961,SNX14
gene_16962,SNX15
gene_16963,SNX16
gene_16964,SNX17
gene_16965,SNX18
gene_16966,SNX19
gene_16967,SNX1
gene_16968,SNX20
gene_16969,SNX21
gene_16970,SNX22
gene_16971,SNX24
gene_16972,SNX25
gene_16973,SNX27
gene_16974,SNX29
gene_16975,SNX2
gene_16976,SNX30
gene_16977,SNX31
gene_16978,SNX32
gene_16979,SNX33
gene_16980,SNX3
gene_16981,SNX4
gene_16982,SNX5
gene_16983,SNX6
gene_16984,SNX7
gene_16985,SNX8
gene_16986,SNX9
gene_16987,SOAT1
gene_16988,SOAT2
gene_16989,SOBP
gene_16990,SOCS1
gene_16991,SOCS2
gene_16992,SOCS3
gene_16993,SOCS4
gene_16994,SOCS5
gene_16995,SOCS6
gene_16996,SOCS7
gene_16997,SOD1
gene_16998,SOD2
gene_16999,SOD3
gene_17000,SOHLH1
gene_17001,SOHLH2
gene_17002,SOLH
gene_17003,SON
gene_17004,SORBS1
gene_17005,SORBS2
gene_17006,SORBS3
gene_17007,SORCS1
gene_17008,SORCS2
gene_17009,SORCS3
gene_17010,SORD
gene_17011,SORL1
gene_17012,SORT1
gene_17013,SOS1
gene_17014,SOS2
gene_17015,SOSTDC1
gene_17016,SOST
gene_17017,SOX10
gene_17018,SOX11
gene_17019,SOX12
gene_17020,SOX13
gene_17021,SOX14
gene_17022,SOX15
gene_17023,SOX17
gene_17024,SOX18
gene_17025,SOX1
gene_17026,SOX21
gene_17027,SOX2OT
gene_17028,SOX2
gene_17029,SOX30
gene_17030,SOX3
gene_17031,SOX4
gene_17032,SOX5
gene_17033,SOX6
gene_17034,SOX7
gene_17035,SOX8
gene_17036,SOX9
gene_17037,SP100
gene_17038,SP110
gene_17039,SP140L
gene_17040,SP140
gene_17041,SP1
gene_17042,SP2
gene_17043,SP3
gene_17044,SP4
gene_17045,SP5
gene_17046,SP6
gene_17047,SP7
gene_17048,SP8
gene_17049,SP9
gene_17050,SPA17
gene_17051,SPACA1
gene_17052,SPACA3
gene_17053,SPACA4
gene_17054,SPACA5
gene_17055,SPAG11A
gene_17056,SPAG11B
gene_17057,SPAG16
gene_17058,SPAG17
gene_17059,SPAG1
gene_17060,SPAG4
gene_17061,SPAG5
gene_17062,SPAG6
gene_17063,SPAG7
gene_17064,SPAG8
gene_17065,SPAG9
gene_17066,SPAM1
gene_17067,SPANXA2
gene_17068,SPANXB2
gene_17069,SPANXC
gene_17070,SPANXE
gene_17071,SPANXN1
gene_17072,SPANXN2
gene_17073,SPANXN3
gene_17074,SPANXN4
gene_17075,SPANXN5
gene_17076,SPARCL1
gene_17077,SPARC
gene_17078,SPAST
gene_17079,SPATA12
gene_17080,SPATA13
gene_17081,SPATA16
gene_17082,SPATA17
gene_17083,SPATA18
gene_17084,SPATA19
gene_17085,SPATA1
gene_17086,SPATA20
gene_17087,SPATA21
gene_17088,SPATA22
gene_17089,SPATA24
gene_17090,SPATA2L
gene_17091,SPATA2
gene_17092,SPATA3
gene_17093,SPATA4
gene_17094,SPATA5L1
gene_17095,SPATA5
gene_17096,SPATA6
gene_17097,SPATA7
gene_17098,SPATA8
gene_17099,SPATA9
gene_17100,SPATC1
gene_17101,SPATS1
gene_17102,SPATS2L
gene_17103,SPATS2
gene_17104,SPC24
gene_17105,SPC25
gene_17106,SPCS1
gene_17107,SPCS2
gene_17108,SPCS3
gene_17109,SPDEF
gene_17110,SPDYA
gene_17111,SPDYC
gene_17112,SPDYE1
gene_17113,SPDYE2
gene_17114,SPDYE3
gene_17115,SPDYE4
gene_17116,SPDYE5
gene_17117,SPDYE6
gene_17118,SPDYE7P
gene_17119,SPDYE8P
gene_17120,SPEF1
gene_17121,SPEF2
gene_17122,SPEG
gene_17123,SPEM1
gene_17124,SPEN
gene_17125,SPERT
gene_17126,SPESP1
gene_17127,SPG11
gene_17128,SPG20
gene_17129,SPG21
gene_17130,SPG7
gene_17131,SPHAR
gene_17132,SPHK1
gene_17133,SPHK2
gene_17134,SPHKAP
gene_17135,SPI1
gene_17136,SPIB
gene_17137,SPIC
gene_17138,SPIN1
gene_17139,SPIN2A
gene_17140,SPIN2B
gene_17141,SPIN3
gene_17142,SPIN4
gene_17143,SPINK13
gene_17144,SPINK14
gene_17145,SPINK1
gene_17146,SPINK2
gene_17147,SPINK4
gene_17148,SPINK5
gene_17149,SPINK6
gene_17150,SPINK7
gene_17151,SPINK8
gene_17152,SPINK9
gene_17153,SPINLW1
gene_17154,SPINT1
gene_17155,SPINT2
gene_17156,SPINT3
gene_17157,SPINT4
gene_17158,SPIRE1
gene_17159,SPIRE2
gene_17160,SPNS1
gene_17161,SPNS2
gene_17162,SPNS3
gene_17163,SPN
gene_17164,SPO11
gene_17165,SPOCD1
gene_17166,SPOCK1
gene_17167,SPOCK2
gene_17168,SPOCK3
gene_17169,SPON1
gene_17170,SPON2
gene_17171,SPOPL
gene_17172,SPOP
gene_17173,SPP1
gene_17174,SPP2
gene_17175,SPPL2A
gene_17176,SPPL2B
gene_17177,SPPL3
gene_17178,SPRED1
gene_17179,SPRED2
gene_17180,SPRED3
gene_17181,SPRN
gene_17182,SPRR1A
gene_17183,SPRR1B
gene_17184,SPRR2A
gene_17185,SPRR2B
gene_17186,SPRR2C
gene_17187,SPRR2D
gene_17188,SPRR2E
gene_17189,SPRR2F
gene_17190,SPRR2G
gene_17191,SPRR3
gene_17192,SPRR4
gene_17193,SPRY1
gene_17194,SPRY2
gene_17195,SPRY3
gene_17196,SPRY4
gene_17197,SPRYD3
gene_17198,SPRYD4
gene_17199,SPRYD5
gene_17200,SPR
gene_17201,SPSB1
gene_17202,SPSB2
gene_17203,SPSB3
gene_17204,SPSB4
gene_17205,SPTA1
gene_17206,SPTAN1
gene_17207,SPTBN1
gene_17208,SPTBN2
gene_17209,SPTBN4
gene_17210,SPTBN5
gene_17211,SPTB
gene_17212,SPTLC1
gene_17213,SPTLC2
gene_17214,SPTLC3
gene_17215,SPTY2D1
gene_17216,SPZ1
gene_17217,SQLE
gene_17218,SQRDL
gene_17219,SQSTM1
gene_17220,SR140
gene_17221,SRA1
gene_17222,SRBD1
gene_17223,SRCAP
gene_17224,SRCIN1
gene_17225,SRCRB4D
gene_17226,SRC
gene_17227,SRD5A1
gene_17228,SRD5A2
gene_17229,SRD5A3
gene_17230,SREBF1
gene_17231,SREBF2
gene_17232,SRFBP1
gene_17233,SRF
gene_17234,SRGAP1
gene_17235,SRGAP2
gene_17236,SRGAP3
gene_17237,SRGN
gene_17238,SRI
gene_17239,SRL
gene_17240,SRMS
gene_17241,SRM
gene_17242,SRP14
gene_17243,SRP19
gene_17244,SRP54
gene_17245,SRP68
gene_17246,SRP72
gene_17247,SRP9
gene_17248,SRPK1
gene_17249,SRPK2
gene_17250,SRPK3
gene_17251,SRPRB
gene_17252,SRPR
gene_17253,SRPX2
gene_17254,SRPX
gene_17255,SRRD
gene_17256,SRRM1
gene_17257,SRRM2
gene_17258,SRRM3
gene_17259,SRRM4
gene_17260,SRRM5
gene_17261,SRRT
gene_17262,SRR
gene_17263,SRXN1
gene_17264,SRY
gene_17265,SS18L1
gene_17266,SS18L2
gene_17267,SS18
gene_17268,SSBP1
gene_17269,SSBP2
gene_17270,SSBP3
gene_17271,SSBP4
gene_17272,SSB
gene_17273,SSC5D
gene_17274,SSFA2
gene_17275,SSH1
gene_17276,SSH2
gene_17277,SSH3
gene_17278,SSNA1
gene_17279,SSPN
gene_17280,SSPO
gene_17281,SSR1
gene_17282,SSR2
gene_17283,SSR3
gene_17284,SSR4
gene_17285,SSRP1
gene_17286,SSSCA1
gene_17287,SSTR1
gene_17288,SSTR2
gene_17289,SSTR3
gene_17290,SSTR4
gene_17291,SSTR5
gene_17292,SST
gene_17293,SSU72
gene_17294,SSX1
gene_17295,SSX2IP
gene_17296,SSX2
gene_17297,SSX3
gene_17298,SSX4
gene_17299,SSX5
gene_17300,SSX6
gene_17301,SSX7
gene_17302,SSX8
gene_17303,ST13
gene_17304,ST14
gene_17305,ST18
gene_17306,ST20
gene_17307,ST3GAL1
gene_17308,ST3GAL2
gene_17309,ST3GAL3
gene_17310,ST3GAL4
gene_17311,ST3GAL5
gene_17312,ST3GAL6
gene_17313,ST5
gene_17314,ST6GAL1
gene_17315,ST6GAL2
gene_17316,ST6GALNAC1
gene_17317,ST6GALNAC2
gene_17318,ST6GALNAC3
gene_17319,ST6GALNAC4
gene_17320,ST6GALNAC5
gene_17321,ST6GALNAC6
gene_17322,ST7L
gene_17323,ST7OT1
gene_17324,ST7OT2
gene_17325,ST7OT3
gene_17326,ST7OT4
gene_17327,ST7
gene_17328,ST8SIA1
gene_17329,ST8SIA2
gene_17330,ST8SIA3
gene_17331,ST8SIA4
gene_17332,ST8SIA5
gene_17333,ST8SIA6
gene_17334,STAB1
gene_17335,STAB2
gene_17336,STAC2
gene_17337,STAC3
gene_17338,STAC
gene_17339,STAG1
gene_17340,STAG2
gene_17341,STAG3L1
gene_17342,STAG3L2
gene_17343,STAG3L3
gene_17344,STAG3L4
gene_17345,STAG3
gene_17346,STAM2
gene_17347,STAMBPL1
gene_17348,STAMBP
gene_17349,STAM
gene_17350,STAP1
gene_17351,STAP2
gene_17352,STARD10
gene_17353,STARD13
gene_17354,STARD3NL
gene_17355,STARD3
gene_17356,STARD4
gene_17357,STARD5
gene_17358,STARD6
gene_17359,STARD7
gene_17360,STARD8
gene_17361,STAR
gene_17362,STAT1
gene_17363,STAT2
gene_17364,STAT3
gene_17365,STAT4
gene_17366,STAT5A
gene_17367,STAT5B
gene_17368,STAT6
gene_17369,STATH
gene_17370,STAU1
gene_17371,STAU2
gene_17372,STBD1
gene_17373,STC1
gene_17374,STC2
gene_17375,STEAP1
gene_17376,STEAP2
gene_17377,STEAP3
gene_17378,STEAP4
gene_17379,STH
gene_17380,STIL
gene_17381,STIM1
gene_17382,STIM2
gene_17383,STIP1
gene_17384,STK10
gene_17385,STK11IP
gene_17386,STK11
gene_17387,STK16
gene_17388,STK17A
gene_17389,STK17B
gene_17390,STK19
gene_17391,STK24
gene_17392,STK25
gene_17393,STK31
gene_17394,STK32A
gene_17395,STK32B
gene_17396,STK32C
gene_17397,STK33
gene_17398,STK35
gene_17399,STK36
gene_17400,STK38L
gene_17401,STK38
gene_17402,STK39
gene_17403,STK3
gene_17404,STK40
gene_17405,STK4
gene_17406,STL
gene_17407,STMN1
gene_17408,STMN2
gene_17409,STMN3
gene_17410,STMN4
gene_17411,STOML1
gene_17412,STOML2
gene_17413,STOML3
gene_17414,STOM
gene_17415,STON1-GTF2A1L
gene_17416,STON1
gene_17417,STON2
gene_17418,STOX1
gene_17419,STOX2
gene_17420,STRA13
gene_17421,STRA6
gene_17422,STRA8
gene_17423,STRADA
gene_17424,STRADB
gene_17425,STRAP
gene_17426,STRBP
gene_17427,STRC
gene_17428,STRN3
gene_17429,STRN4
gene_17430,STRN
gene_17431,STS
gene_17432,STT3A
gene_17433,STT3B
gene_17434,STUB1
gene_17435,STX10
gene_17436,STX11
gene_17437,STX12
gene_17438,STX16
gene_17439,STX17
gene_17440,STX18
gene_17441,STX19
gene_17442,STX1A
gene_17443,STX1B
gene_17444,STX2
gene_17445,STX3
gene_17446,STX4
gene_17447,STX5
gene_17448,STX6
gene_17449,STX7
gene_17450,STX8
gene_17451,STXBP1
gene_17452,STXBP2
gene_17453,STXBP3
gene_17454,STXBP4
gene_17455,STXBP5L
gene_17456,STXBP5
gene_17457,STXBP6
gene_17458,STYK1
gene_17459,STYXL1
gene_17460,STYX
gene_17461,SUB1
gene_17462,SUCLA2
gene_17463,SUCLG1
gene_17464,SUCLG2
gene_17465,SUCNR1
gene_17466,SUDS3
gene_17467,SUFU
gene_17468,SUGT1L1
gene_17469,SUGT1P1
gene_17470,SUGT1
gene_17471,SULF1
gene_17472,SULF2
gene_17473,SULT1A1
gene_17474,SULT1A2
gene_17475,SULT1A3
gene_17476,SULT1B1
gene_17477,SULT1C2
gene_17478,SULT1C3
gene_17479,SULT1C4
gene_17480,SULT1E1
gene_17481,SULT2A1
gene_17482,SULT2B1
gene_17483,SULT4A1
gene_17484,SULT6B1
gene_17485,SUMF1
gene_17486,SUMF2
gene_17487,SUMO1P1
gene_17488,SUMO1P3
gene_17489,SUMO1
gene_17490,SUMO2
gene_17491,SUMO3
gene_17492,SUMO4
gene_17493,SUN1
gene_17494,SUN2
gene_17495,SUN3
gene_17496,SUN5
gene_17497,SUOX
gene_17498,SUPT16H
gene_17499,SUPT3H
gene_17500,SUPT4H1
gene_17501,SUPT5H
gene_17502,SUPT6H
gene_17503,SUPT7L
gene_17504,SUPV3L1
gene_17505,SURF1
gene_17506,SURF2
gene_17507,SURF4
gene_17508,SURF6
gene_17509,SUSD1
gene_17510,SUSD2
gene_17511,SUSD3
gene_17512,SUSD4
gene_17513,SUSD5
gene_17514,SUV39H1
gene_17515,SUV39H2
gene_17516,SUV420H1
gene_17517,SUV420H2
gene_17518,SUZ12P
gene_17519,SUZ12
gene_17520,SV2A
gene_17521,SV2B
gene_17522,SV2C
gene_17523,SVEP1
gene_17524,SVIL
gene_17525,SVIP
gene_17526,SVOPL
gene_17527,SVOP
gene_17528,SWAP70
gene_17529,SYAP1
gene_17530,SYBU
gene_17531,SYCE1L
gene_17532,SYCE1
gene_17533,SYCE2
gene_17534,SYCN
gene_17535,SYCP1
gene_17536,SYCP2L
gene_17537,SYCP2
gene_17538,SYCP3
gene_17539,SYDE1
gene_17540,SYDE2
gene_17541,SYF2
gene_17542,SYK
gene_17543,SYMPK
gene_17544,SYN1
gene_17545,SYN2
gene_17546,SYN3
gene_17547,SYNCRIP
gene_17548,SYNC
gene_17549,SYNE1
gene_17550,SYNE2
gene_17551,SYNGAP1
gene_17552,SYNGR1
gene_17553,SYNGR2
gene_17554,SYNGR3
gene_17555,SYNGR4
gene_17556,SYNJ1
gene_17557,SYNJ2BP
gene_17558,SYNJ2
gene_17559,SYNM
gene_17560,SYNPO2L
gene_17561,SYNPO2
gene_17562,SYNPO
gene_17563,SYNPR
gene_17564,SYNRG
gene_17565,SYPL1
gene_17566,SYPL2
gene_17567,SYP
gene_17568,SYS1-DBNDD2
gene_17569,SYS1
gene_17570,SYT10
gene_17571,SYT11
gene_17572,SYT12
gene_17573,SYT13
gene_17574,SYT14L
gene_17575,SYT14
gene_17576,SYT15
gene_17577,SYT16
gene_17578,SYT17
gene_17579,SYT1
gene_17580,SYT2
gene_17581,SYT3
gene_17582,SYT4
gene_17583,SYT5
gene_17584,SYT6
gene_17585,SYT7
gene_17586,SYT8
gene_17587,SYT9
gene_17588,SYTL1
gene_17589,SYTL2
gene_17590,SYTL3
gene_17591,SYTL4
gene_17592,SYTL5
gene_17593,SYVN1
gene_17594,TAAR1
gene_17595,TAAR2
gene_17596,TAAR5
gene_17597,TAAR6
gene_17598,TAAR8
gene_17599,TAAR9
gene_17600,TAB1
gene_17601,TAB2
gene_17602,TAB3
gene_17603,TAC1
gene_17604,TAC3
gene_17605,TAC4
gene_17606,TACC1
gene_17607,TACC2
gene_17608,TACC3
gene_17609,TACO1
gene_17610,TACR1
gene_17611,TACR2
gene_17612,TACR3
gene_17613,TACSTD2
gene_17614,TADA1
gene_17615,TADA2A
gene_17616,TADA2B
gene_17617,TADA3
gene_17618,TAF10
gene_17619,TAF11
gene_17620,TAF12
gene_17621,TAF13
gene_17622,TAF15
gene_17623,TAF1A
gene_17624,TAF1B
gene_17625,TAF1C
gene_17626,TAF1D
gene_17627,TAF1L
gene_17628,TAF1
gene_17629,TAF2
gene_17630,TAF3
gene_17631,TAF4B
gene_17632,TAF4
gene_17633,TAF5L
gene_17634,TAF5
gene_17635,TAF6L
gene_17636,TAF6
gene_17637,TAF7L
gene_17638,TAF7
gene_17639,TAF8
gene_17640,TAF9B
gene_17641,TAF9
gene_17642,TAGAP
gene_17643,TAGLN2
gene_17644,TAGLN3
gene_17645,TAGLN
gene_17646,TAL1
gene_17647,TAL2
gene_17648,TALDO1
gene_17649,TANC1
gene_17650,TANC2
gene_17651,TANK
gene_17652,TAOK1
gene_17653,TAOK2
gene_17654,TAOK3
gene_17655,TAP1
gene_17656,TAP2
gene_17657,TAPBPL
gene_17658,TAPBP
gene_17659,TAPT1
gene_17660,TARBP1
gene_17661,TARBP2
gene_17662,TARDBP
gene_17663,TARM1
gene_17664,TARP
gene_17665,TARS2
gene_17666,TARSL2
gene_17667,TARS
gene_17668,TAS1R1
gene_17669,TAS1R2
gene_17670,TAS1R3
gene_17671,TAS2R10
gene_17672,TAS2R13
gene_17673,TAS2R14
gene_17674,TAS2R16
gene_17675,TAS2R19
gene_17676,TAS2R1
gene_17677,TAS2R20
gene_17678,TAS2R30
gene_17679,TAS2R31
gene_17680,TAS2R38
gene_17681,TAS2R39
gene_17682,TAS2R3
gene_17683,TAS2R40
gene_17684,TAS2R41
gene_17685,TAS2R42
gene_17686,TAS2R43
gene_17687,TAS2R46
gene_17688,TAS2R4
gene_17689,TAS2R50
gene_17690,TAS2R5
gene_17691,TAS2R60
gene_17692,TAS2R7
gene_17693,TAS2R8
gene_17694,TAS2R9
gene_17695,TASP1
gene_17696,TATDN1
gene_17697,TATDN2
gene_17698,TATDN3
gene_17699,TAT
gene_17700,TAX1BP1
gene_17701,TAX1BP3
gene_17702,TAZ
gene_17703,TBC1D10A
gene_17704,TBC1D10B
gene_17705,TBC1D10C
gene_17706,TBC1D12
gene_17707,TBC1D13
gene_17708,TBC1D14
gene_17709,TBC1D15
gene_17710,TBC1D16
gene_17711,TBC1D17
gene_17712,TBC1D19
gene_17713,TBC1D1
gene_17714,TBC1D20
gene_17715,TBC1D21
gene_17716,TBC1D22A
gene_17717,TBC1D22B
gene_17718,TBC1D23
gene_17719,TBC1D24
gene_17720,TBC1D25
gene_17721,TBC1D26
gene_17722,TBC1D28
gene_17723,TBC1D29
gene_17724,TBC1D2B
gene_17725,TBC1D2
gene_17726,TBC1D3B
gene_17727,TBC1D3C
gene_17728,TBC1D3G
gene_17729,TBC1D3H
gene_17730,TBC1D3P2
gene_17731,TBC1D3
gene_17732,TBC1D4
gene_17733,TBC1D5
gene_17734,TBC1D7
gene_17735,TBC1D8B
gene_17736,TBC1D8
gene_17737,TBC1D9B
gene_17738,TBC1D9
gene_17739,TBCA
gene_17740,TBCB
gene_17741,TBCCD1
gene_17742,TBCC
gene_17743,TBCD
gene_17744,TBCEL
gene_17745,TBCE
gene_17746,TBCK
gene_17747,TBK1
gene_17748,TBKBP1
gene_17749,TBL1XR1
gene_17750,TBL1X
gene_17751,TBL1Y
gene_17752,TBL2
gene_17753,TBL3
gene_17754,TBPL1
gene_17755,TBPL2
gene_17756,TBP
gene_17757,TBR1
gene_17758,TBRG1
gene_17759,TBRG4
gene_17760,TBX10
gene_17761,TBX15
gene_17762,TBX18
gene_17763,TBX19
gene_17764,TBX1
gene_17765,TBX20
gene_17766,TBX21
gene_17767,TBX22
gene_17768,TBX2
gene_17769,TBX3
gene_17770,TBX4
gene_17771,TBX5
gene_17772,TBX6
gene_17773,TBXA2R
gene_17774,TBXAS1
gene_17775,TC2N
gene_17776,TCAM1P
gene_17777,TCAP
gene_17778,TCEA1
gene_17779,TCEA2
gene_17780,TCEA3
gene_17781,TCEAL1
gene_17782,TCEAL2
gene_17783,TCEAL3
gene_17784,TCEAL4
gene_17785,TCEAL5
gene_17786,TCEAL6
gene_17787,TCEAL7
gene_17788,TCEAL8
gene_17789,TCEANC
gene_17790,TCEB1
gene_17791,TCEB2
gene_17792,TCEB3B
gene_17793,TCEB3C
gene_17794,TCEB3
gene_17795,TCERG1L
gene_17796,TCERG1
gene_17797,TCF12
gene_17798,TCF15
gene_17799,TCF19
gene_17800,TCF20
gene_17801,TCF21
gene_17802,TCF23
gene_17803,TCF25
gene_17804,TCF3
gene_17805,TCF4
gene_17806,TCF7L1
gene_17807,TCF7L2
gene_17808,TCF7
gene_17809,TCFL5
gene_17810,TCHHL1
gene_17811,TCHH
gene_17812,TCHP
gene_17813,TCIRG1
gene_17814,TCL1A
gene_17815,TCL1B
gene_17816,TCL6
gene_17817,TCN1
gene_17818,TCN2
gene_17819,TCOF1
gene_17820,TCP10L2
gene_17821,TCP10L
gene_17822,TCP10
gene_17823,TCP11L1
gene_17824,TCP11L2
gene_17825,TCP11
gene_17826,TCP1
gene_17827,TCTA
gene_17828,TCTE1
gene_17829,TCTE3
gene_17830,TCTEX1D1
gene_17831,TCTEX1D2
gene_17832,TCTEX1D4
gene_17833,TCTN1
gene_17834,TCTN2
gene_17835,TCTN3
gene_17836,TDGF1
gene_17837,TDGF3
gene_17838,TDG
gene_17839,TDH
gene_17840,TDO2
gene_17841,TDP1
gene_17842,TDP2
gene_17843,TDRD10
gene_17844,TDRD12
gene_17845,TDRD1
gene_17846,TDRD3
gene_17847,TDRD5
gene_17848,TDRD6
gene_17849,TDRD7
gene_17850,TDRD9
gene_17851,TDRG1
gene_17852,TDRKH
gene_17853,TEAD1
gene_17854,TEAD2
gene_17855,TEAD3
gene_17856,TEAD4
gene_17857,TECPR1
gene_17858,TECPR2
gene_17859,TECRL
gene_17860,TECR
gene_17861,TECTA
gene_17862,TECTB
gene_17863,TEC
gene_17864,TEDDM1
gene_17865,TEF
gene_17866,TEKT1
gene_17867,TEKT2
gene_17868,TEKT3
gene_17869,TEKT4
gene_17870,TEKT5
gene_17871,TEK
gene_17872,TELO2
gene_17873,TENC1
gene_17874,TEP1
gene_17875,TEPP
gene_17876,TERC
gene_17877,TERF1
gene_17878,TERF2IP
gene_17879,TERF2
gene_17880,TERT
gene_17881,TESC
gene_17882,TESK1
gene_17883,TESK2
gene_17884,TES
gene_17885,TET1
gene_17886,TET2
gene_17887,TET3
gene_17888,TEX101
gene_17889,TEX10
gene_17890,TEX11
gene_17891,TEX12
gene_17892,TEX13A
gene_17893,TEX13B
gene_17894,TEX14
gene_17895,TEX15
gene_17896,TEX19
gene_17897,TEX261
gene_17898,TEX264
gene_17899,TEX28
gene_17900,TEX2
gene_17901,TEX9
gene_17902,TFAMP1
gene_17903,TFAM
gene_17904,TFAP2A
gene_17905,TFAP2B
gene_17906,TFAP2C
gene_17907,TFAP2D
gene_17908,TFAP2E
gene_17909,TFAP4
gene_17910,TFB1M
gene_17911,TFB2M
gene_17912,TFCP2L1
gene_17913,TFCP2
gene_17914,TFDP1
gene_17915,TFDP2
gene_17916,TFDP3
gene_17917,TFE3
gene_17918,TFEB
gene_17919,TFEC
gene_17920,TFF1
gene_17921,TFF2
gene_17922,TFF3
gene_17923,TFG
gene_17924,TFIP11
gene_17925,TFPI2
gene_17926,TFPI
gene_17927,TFPT
gene_17928,TFR2
gene_17929,TFRC
gene_17930,TF
gene_17931,TGDS
gene_17932,TGFA
gene_17933,TGFB1I1
gene_17934,TGFB1
gene_17935,TGFB2
gene_17936,TGFB3
gene_17937,TGFBI
gene_17938,TGFBR1
gene_17939,TGFBR2
gene_17940,TGFBR3
gene_17941,TGFBRAP1
gene_17942,TGIF1
gene_17943,TGIF2LX
gene_17944,TGIF2LY
gene_17945,TGIF2
gene_17946,TGM1
gene_17947,TGM2
gene_17948,TGM3
gene_17949,TGM4
gene_17950,TGM5
gene_17951,TGM6
gene_17952,TGM7
gene_17953,TGOLN2
gene_17954,TGS1
gene_17955,TG
gene_17956,TH1L
gene_17957,THADA
gene_17958,THAP10
gene_17959,THAP11
gene_17960,THAP1
gene_17961,THAP2
gene_17962,THAP3
gene_17963,THAP4
gene_17964,THAP5
gene_17965,THAP6
gene_17966,THAP7
gene_17967,THAP8
gene_17968,THAP9
gene_17969,THBD
gene_17970,THBS1
gene_17971,THBS2
gene_17972,THBS3
gene_17973,THBS4
gene_17974,THEG
gene_17975,THEM4
gene_17976,THEM5
gene_17977,THEMIS
gene_17978,THG1L
gene_17979,THNSL1
gene_17980,THNSL2
gene_17981,THOC1
gene_17982,THOC2
gene_17983,THOC3
gene_17984,THOC4
gene_17985,THOC5
gene_17986,THOC6
gene_17987,THOC7
gene_17988,THOP1
gene_17989,THPO
gene_17990,THRAP3
gene_17991,THRA
gene_17992,THRB
gene_17993,THRSP
gene_17994,THSD1P1
gene_17995,THSD1
gene_17996,THSD4
gene_17997,THSD7A
gene_17998,THSD7B
gene_17999,THTPA
gene_18000,THUMPD1
gene_18001,THUMPD2
gene_18002,THUMPD3
gene_18003,THY1
gene_18004,THYN1
gene_18005,TH
gene_18006,TIA1
gene_18007,TIAF1
gene_18008,TIAL1
gene_18009,TIAM1
gene_18010,TIAM2
gene_18011,TICAM1
gene_18012,TICAM2
gene_18013,TIE1
gene_18014,TIFAB
gene_18015,TIFA
gene_18016,TIGD1
gene_18017,TIGD2
gene_18018,TIGD3
gene_18019,TIGD4
gene_18020,TIGD5
gene_18021,TIGD6
gene_18022,TIGD7
gene_18023,TIGIT
gene_18024,TIMD4
gene_18025,TIMELESS
gene_18026,TIMM10
gene_18027,TIMM13
gene_18028,TIMM16
gene_18029,TIMM17A
gene_18030,TIMM17B
gene_18031,TIMM22
gene_18032,TIMM44
gene_18033,TIMM50
gene_18034,TIMM8A
gene_18035,TIMM8B
gene_18036,TIMM9
gene_18037,TIMP1
gene_18038,TIMP2
gene_18039,TIMP3
gene_18040,TIMP4
gene_18041,TINAGL1
gene_18042,TINAG
gene_18043,TINF2
gene_18044,TIPARP
gene_18045,TIPIN
gene_18046,TIPRL
gene_18047,TIRAP
gene_18048,TJAP1
gene_18049,TJP1
gene_18050,TJP2
gene_18051,TJP3
gene_18052,TK1
gene_18053,TK2
gene_18054,TKTL1
gene_18055,TKTL2
gene_18056,TKT
gene_18057,TLCD1
gene_18058,TLE1
gene_18059,TLE2
gene_18060,TLE3
gene_18061,TLE4
gene_18062,TLE6
gene_18063,TLK1
gene_18064,TLK2
gene_18065,TLL1
gene_18066,TLL2
gene_18067,TLN1
gene_18068,TLN2
gene_18069,TLR10
gene_18070,TLR1
gene_18071,TLR2
gene_18072,TLR3
gene_18073,TLR4
gene_18074,TLR5
gene_18075,TLR6
gene_18076,TLR7
gene_18077,TLR8
gene_18078,TLR9
gene_18079,TLX1NB
gene_18080,TLX1
gene_18081,TLX2
gene_18082,TLX3
gene_18083,TM2D1
gene_18084,TM2D2
gene_18085,TM2D3
gene_18086,TM4SF18
gene_18087,TM4SF19
gene_18088,TM4SF1
gene_18089,TM4SF20
gene_18090,TM4SF4
gene_18091,TM4SF5
gene_18092,TM6SF1
gene_18093,TM6SF2
gene_18094,TM7SF2
gene_18095,TM7SF3
gene_18096,TM7SF4
gene_18097,TM9SF1
gene_18098,TM9SF2
gene_18099,TM9SF3
gene_18100,TM9SF4
gene_18101,TMBIM1
gene_18102,TMBIM4
gene_18103,TMBIM6
gene_18104,TMC1
gene_18105,TMC2
gene_18106,TMC3
gene_18107,TMC4
gene_18108,TMC5
gene_18109,TMC6
gene_18110,TMC7
gene_18111,TMC8
gene_18112,TMCC1
gene_18113,TMCC2
gene_18114,TMCC3
gene_18115,TMCO1
gene_18116,TMCO2
gene_18117,TMCO3
gene_18118,TMCO4
gene_18119,TMCO5A
gene_18120,TMCO6
gene_18121,TMCO7
gene_18122,TMED10P1
gene_18123,TMED10
gene_18124,TMED1
gene_18125,TMED2
gene_18126,TMED3
gene_18127,TMED4
gene_18128,TMED5
gene_18129,TMED6
gene_18130,TMED7-TICAM2
gene_18131,TMED7
gene_18132,TMED8
gene_18133,TMED9
gene_18134,TMEFF1
gene_18135,TMEFF2
gene_18136,TMEM100
gene_18137,TMEM101
gene_18138,TMEM102
gene_18139,TMEM104
gene_18140,TMEM105
gene_18141,TMEM106A
gene_18142,TMEM106B
gene_18143,TMEM106C
gene_18144,TMEM107
gene_18145,TMEM108
gene_18146,TMEM109
gene_18147,TMEM110
gene_18148,TMEM111
gene_18149,TMEM114
gene_18150,TMEM115
gene_18151,TMEM116
gene_18152,TMEM117
gene_18153,TMEM119
gene_18154,TMEM11
gene_18155,TMEM120A
gene_18156,TMEM120B
gene_18157,TMEM121
gene_18158,TMEM123
gene_18159,TMEM125
gene_18160,TMEM126A
gene_18161,TMEM126B
gene_18162,TMEM127
gene_18163,TMEM128
gene_18164,TMEM129
gene_18165,TMEM130
gene_18166,TMEM131
gene_18167,TMEM132A
gene_18168,TMEM132B
gene_18169,TMEM132C
gene_18170,TMEM132D
gene_18171,TMEM132E
gene_18172,TMEM133
gene_18173,TMEM134
gene_18174,TMEM135
gene_18175,TMEM136
gene_18176,TMEM138
gene_18177,TMEM139
gene_18178,TMEM140
gene_18179,TMEM141
gene_18180,TMEM143
gene_18181,TMEM144
gene_18182,TMEM145
gene_18183,TMEM146
gene_18184,TMEM147
gene_18185,TMEM149
gene_18186,TMEM14A
gene_18187,TMEM14B
gene_18188,TMEM14C
gene_18189,TMEM14E
gene_18190,TMEM150A
gene_18191,TMEM150B
gene_18192,TMEM150C
gene_18193,TMEM151A
gene_18194,TMEM151B
gene_18195,TMEM154
gene_18196,TMEM155
gene_18197,TMEM156
gene_18198,TMEM158
gene_18199,TMEM159
gene_18200,TMEM160
gene_18201,TMEM161A
gene_18202,TMEM161B
gene_18203,TMEM163
gene_18204,TMEM164
gene_18205,TMEM165
gene_18206,TMEM167A
gene_18207,TMEM167B
gene_18208,TMEM168
gene_18209,TMEM169
gene_18210,TMEM170A
gene_18211,TMEM170B
gene_18212,TMEM171
gene_18213,TMEM173
gene_18214,TMEM174
gene_18215,TMEM175
gene_18216,TMEM176A
gene_18217,TMEM176B
gene_18218,TMEM177
gene_18219,TMEM178
gene_18220,TMEM179B
gene_18221,TMEM179
gene_18222,TMEM17
gene_18223,TMEM180
gene_18224,TMEM181
gene_18225,TMEM182
gene_18226,TMEM183A
gene_18227,TMEM184A
gene_18228,TMEM184B
gene_18229,TMEM184C
gene_18230,TMEM185A
gene_18231,TMEM185B
gene_18232,TMEM186
gene_18233,TMEM187
gene_18234,TMEM188
gene_18235,TMEM189-UBE2V1
gene_18236,TMEM189
gene_18237,TMEM18
gene_18238,TMEM190
gene_18239,TMEM191A
gene_18240,TMEM192
gene_18241,TMEM194A
gene_18242,TMEM194B
gene_18243,TMEM195
gene_18244,TMEM196
gene_18245,TMEM198
gene_18246,TMEM199
gene_18247,TMEM19
gene_18248,TMEM200A
gene_18249,TMEM200B
gene_18250,TMEM200C
gene_18251,TMEM201
gene_18252,TMEM202
gene_18253,TMEM203
gene_18254,TMEM204
gene_18255,TMEM205
gene_18256,TMEM206
gene_18257,TMEM207
gene_18258,TMEM208
gene_18259,TMEM209
gene_18260,TMEM20
gene_18261,TMEM211
gene_18262,TMEM212
gene_18263,TMEM213
gene_18264,TMEM214
gene_18265,TMEM215
gene_18266,TMEM216
gene_18267,TMEM217
gene_18268,TMEM218
gene_18269,TMEM219
gene_18270,TMEM220
gene_18271,TMEM222
gene_18272,TMEM223
gene_18273,TMEM225
gene_18274,TMEM229A
gene_18275,TMEM229B
gene_18276,TMEM22
gene_18277,TMEM231
gene_18278,TMEM232
gene_18279,TMEM233
gene_18280,TMEM25
gene_18281,TMEM26
gene_18282,TMEM27
gene_18283,TMEM2
gene_18284,TMEM30A
gene_18285,TMEM30B
gene_18286,TMEM30C
gene_18287,TMEM31
gene_18288,TMEM33
gene_18289,TMEM35
gene_18290,TMEM37
gene_18291,TMEM38A
gene_18292,TMEM38B
gene_18293,TMEM39A
gene_18294,TMEM39B
gene_18295,TMEM40
gene_18296,TMEM41A
gene_18297,TMEM41B
gene_18298,TMEM42
gene_18299,TMEM43
gene_18300,TMEM44
gene_18301,TMEM45A
gene_18302,TMEM45B
gene_18303,TMEM47
gene_18304,TMEM48
gene_18305,TMEM49
gene_18306,TMEM50A
gene_18307,TMEM50B
gene_18308,TMEM51
gene_18309,TMEM52
gene_18310,TMEM53
gene_18311,TMEM54
gene_18312,TMEM55A
gene_18313,TMEM55B
gene_18314,TMEM56
gene_18315,TMEM57
gene_18316,TMEM59L
gene_18317,TMEM59
gene_18318,TMEM5
gene_18319,TMEM60
gene_18320,TMEM61
gene_18321,TMEM62
gene_18322,TMEM63A
gene_18323,TMEM63B
gene_18324,TMEM63C
gene_18325,TMEM64
gene_18326,TMEM65
gene_18327,TMEM66
gene_18328,TMEM67
gene_18329,TMEM68
gene_18330,TMEM69
gene_18331,TMEM70
gene_18332,TMEM71
gene_18333,TMEM72
gene_18334,TMEM74
gene_18335,TMEM79
gene_18336,TMEM80
gene_18337,TMEM81
gene_18338,TMEM82
gene_18339,TMEM84
gene_18340,TMEM85
gene_18341,TMEM86A
gene_18342,TMEM86B
gene_18343,TMEM87A
gene_18344,TMEM87B
gene_18345,TMEM88B
gene_18346,TMEM88
gene_18347,TMEM89
gene_18348,TMEM8A
gene_18349,TMEM8B
gene_18350,TMEM8C
gene_18351,TMEM90A
gene_18352,TMEM90B
gene_18353,TMEM91
gene_18354,TMEM92
gene_18355,TMEM93
gene_18356,TMEM95
gene_18357,TMEM97
gene_18358,TMEM98
gene_18359,TMEM99
gene_18360,TMEM9B
gene_18361,TMEM9
gene_18362,TMF1
gene_18363,TMIE
gene_18364,TMIGD1
gene_18365,TMIGD2
gene_18366,TMLHE
gene_18367,TMOD1
gene_18368,TMOD2
gene_18369,TMOD3
gene_18370,TMOD4
gene_18371,TMPO
gene_18372,TMPPE
gene_18373,TMPRSS11A
gene_18374,TMPRSS11BNL
gene_18375,TMPRSS11B
gene_18376,TMPRSS11D
gene_18377,TMPRSS11F
gene_18378,TMPRSS12
gene_18379,TMPRSS13
gene_18380,TMPRSS15
gene_18381,TMPRSS2
gene_18382,TMPRSS3
gene_18383,TMPRSS4
gene_18384,TMPRSS5
gene_18385,TMPRSS6
gene_18386,TMPRSS7
gene_18387,TMPRSS9
gene_18388,TMSB10
gene_18389,TMSB15A
gene_18390,TMSB15B
gene_18391,TMSB4Y
gene_18392,TMSL3
gene_18393,TMTC1
gene_18394,TMTC2
gene_18395,TMTC3
gene_18396,TMTC4
gene_18397,TMUB1
gene_18398,TMUB2
gene_18399,TMX1
gene_18400,TMX2
gene_18401,TMX3
gene_18402,TMX4
gene_18403,TNC
gene_18404,TNFAIP1
gene_18405,TNFAIP2
gene_18406,TNFAIP3
gene_18407,TNFAIP6
gene_18408,TNFAIP8L1
gene_18409,TNFAIP8L2
gene_18410,TNFAIP8L3
gene_18411,TNFAIP8
gene_18412,TNFRSF10A
gene_18413,TNFRSF10B
gene_18414,TNFRSF10C
gene_18415,TNFRSF10D
gene_18416,TNFRSF11A
gene_18417,TNFRSF11B
gene_18418,TNFRSF12A
gene_18419,TNFRSF13B
gene_18420,TNFRSF13C
gene_18421,TNFRSF14
gene_18422,TNFRSF17
gene_18423,TNFRSF18
gene_18424,TNFRSF19
gene_18425,TNFRSF1A
gene_18426,TNFRSF1B
gene_18427,TNFRSF21
gene_18428,TNFRSF25
gene_18429,TNFRSF4
gene_18430,TNFRSF6B
gene_18431,TNFRSF8
gene_18432,TNFRSF9
gene_18433,TNFSF10
gene_18434,TNFSF11
gene_18435,TNFSF12-TNFSF13
gene_18436,TNFSF12
gene_18437,TNFSF13B
gene_18438,TNFSF13
gene_18439,TNFSF14
gene_18440,TNFSF15
gene_18441,TNFSF18
gene_18442,TNFSF4
gene_18443,TNFSF8
gene_18444,TNFSF9
gene_18445,TNF
gene_18446,TNIK
gene_18447,TNIP1
gene_18448,TNIP2
gene_18449,TNIP3
gene_18450,TNK1
gene_18451,TNK2
gene_18452,TNKS1BP1
gene_18453,TNKS2
gene_18454,TNKS
gene_18455,TNMD
gene_18456,TNNC1
gene_18457,TNNC2
gene_18458,TNNI1
gene_18459,TNNI2
gene_18460,TNNI3K
gene_18461,TNNI3
gene_18462,TNNT1
gene_18463,TNNT2
gene_18464,TNNT3
gene_18465,TNN
gene_18466,TNP1
gene_18467,TNP2
gene_18468,TNPO1
gene_18469,TNPO2
gene_18470,TNPO3
gene_18471,TNRC18
gene_18472,TNRC6A
gene_18473,TNRC6B
gene_18474,TNRC6C
gene_18475,TNR
gene_18476,TNS1
gene_18477,TNS3
gene_18478,TNS4
gene_18479,TNXB
gene_18480,TOB1
gene_18481,TOB2
gene_18482,TOE1
gene_18483,TOLLIP
gene_18484,TOM1L1
gene_18485,TOM1L2
gene_18486,TOM1
gene_18487,TOMM20L
gene_18488,TOMM20
gene_18489,TOMM22
gene_18490,TOMM34
gene_18491,TOMM40L
gene_18492,TOMM40
gene_18493,TOMM5
gene_18494,TOMM6
gene_18495,TOMM70A
gene_18496,TOMM7
gene_18497,TOP1MT
gene_18498,TOP1P1
gene_18499,TOP1P2
gene_18500,TOP1
gene_18501,TOP2A
gene_18502,TOP2B
gene_18503,TOP3A
gene_18504,TOP3B
gene_18505,TOPBP1
gene_18506,TOPORS
gene_18507,TOR1AIP1
gene_18508,TOR1AIP2
gene_18509,TOR1A
gene_18510,TOR1B
gene_18511,TOR2A
gene_18512,TOR3A
gene_18513,TOX2
gene_18514,TOX3
gene_18515,TOX4
gene_18516,TOX
gene_18517,TP53AIP1
gene_18518,TP53BP1
gene_18519,TP53BP2
gene_18520,TP53I11
gene_18521,TP53I13
gene_18522,TP53I3
gene_18523,TP53INP1
gene_18524,TP53INP2
gene_18525,TP53RK
gene_18526,TP53TG1
gene_18527,TP53TG3B
gene_18528,TP53TG5
gene_18529,TP53
gene_18530,TP63
gene_18531,TP73
gene_18532,TPBG
gene_18533,TPCN1
gene_18534,TPCN2
gene_18535,TPD52L1
gene_18536,TPD52L2
gene_18537,TPD52L3
gene_18538,TPD52
gene_18539,TPH1
gene_18540,TPH2
gene_18541,TPI1P2
gene_18542,TPI1P3
gene_18543,TPI1
gene_18544,TPK1
gene_18545,TPM1
gene_18546,TPM2
gene_18547,TPM3
gene_18548,TPM4
gene_18549,TPMT
gene_18550,TPO
gene_18551,TPP1
gene_18552,TPP2
gene_18553,TPPP2
gene_18554,TPPP3
gene_18555,TPPP
gene_18556,TPRA1
gene_18557,TPRG1L
gene_18558,TPRG1
gene_18559,TPRKB
gene_18560,TPRN
gene_18561,TPRX1
gene_18562,TPRXL
gene_18563,TPR
gene_18564,TPSAB1
gene_18565,TPSB2
gene_18566,TPSD1
gene_18567,TPSG1
gene_18568,TPST1
gene_18569,TPST2
gene_18570,TPT1
gene_18571,TPTE2P1
gene_18572,TPTE2P3
gene_18573,TPTE2
gene_18574,TPTE
gene_18575,TPX2
gene_18576,TRA2A
gene_18577,TRA2B
gene_18578,TRABD
gene_18579,TRADD
gene_18580,TRAF1
gene_18581,TRAF2
gene_18582,TRAF3IP1
gene_18583,TRAF3IP2
gene_18584,TRAF3IP3
gene_18585,TRAF3
gene_18586,TRAF4
gene_18587,TRAF5
gene_18588,TRAF6
gene_18589,TRAF7
gene_18590,TRAFD1
gene_18591,TRAIP
gene_18592,TRAK1
gene_18593,TRAK2
gene_18594,TRAM1L1
gene_18595,TRAM1
gene_18596,TRAM2
gene_18597,TRANK1
gene_18598,TRAP1
gene_18599,TRAPPC10
gene_18600,TRAPPC1
gene_18601,TRAPPC2L
gene_18602,TRAPPC2P1
gene_18603,TRAPPC2
gene_18604,TRAPPC3
gene_18605,TRAPPC4
gene_18606,TRAPPC5
gene_18607,TRAPPC6A
gene_18608,TRAPPC6B
gene_18609,TRAPPC9
gene_18610,TRAT1
gene_18611,TRDMT1
gene_18612,TRDN
gene_18613,TREH
gene_18614,TREM1
gene_18615,TREM2
gene_18616,TREML1
gene_18617,TREML2P1
gene_18618,TREML2
gene_18619,TREML3
gene_18620,TREML4
gene_18621,TRERF1
gene_18622,TREX1
gene_18623,TREX2
gene_18624,TRHDE
gene_18625,TRHR
gene_18626,TRH
gene_18627,TRIAP1
gene_18628,TRIB1
gene_18629,TRIB2
gene_18630,TRIB3
gene_18631,TRIL
gene_18632,TRIM10
gene_18633,TRIM11
gene_18634,TRIM13
gene_18635,TRIM14
gene_18636,TRIM15
gene_18637,TRIM16L
gene_18638,TRIM16
gene_18639,TRIM17
gene_18640,TRIM21
gene_18641,TRIM22
gene_18642,TRIM23
gene_18643,TRIM24
gene_18644,TRIM25
gene_18645,TRIM26
gene_18646,TRIM27
gene_18647,TRIM28
gene_18648,TRIM29
gene_18649,TRIM2
gene_18650,TRIM31
gene_18651,TRIM32
gene_18652,TRIM33
gene_18653,TRIM34
gene_18654,TRIM35
gene_18655,TRIM36
gene_18656,TRIM37
gene_18657,TRIM38
gene_18658,TRIM39
gene_18659,TRIM3
gene_18660,TRIM40
gene_18661,TRIM41
gene_18662,TRIM42
gene_18663,TRIM43
gene_18664,TRIM44
gene_18665,TRIM45
gene_18666,TRIM46
gene_18667,TRIM47
gene_18668,TRIM48
gene_18669,TRIM49L
gene_18670,TRIM49
gene_18671,TRIM4
gene_18672,TRIM50
gene_18673,TRIM52
gene_18674,TRIM53
gene_18675,TRIM54
gene_18676,TRIM55
gene_18677,TRIM56
gene_18678,TRIM58
gene_18679,TRIM59
gene_18680,TRIM5
gene_18681,TRIM6-TRIM34
gene_18682,TRIM60
gene_18683,TRIM61
gene_18684,TRIM62
gene_18685,TRIM63
gene_18686,TRIM64
gene_18687,TRIM65
gene_18688,TRIM66
gene_18689,TRIM67
gene_18690,TRIM68
gene_18691,TRIM69
gene_18692,TRIM6
gene_18693,TRIM71
gene_18694,TRIM72
gene_18695,TRIM74
gene_18696,TRIM77
gene_18697,TRIM78P
gene_18698,TRIM7
gene_18699,TRIM8
gene_18700,TRIM9
gene_18701,TRIML1
gene_18702,TRIML2
gene_18703,TRIOBP
gene_18704,TRIO
gene_18705,TRIP10
gene_18706,TRIP11
gene_18707,TRIP12
gene_18708,TRIP13
gene_18709,TRIP4
gene_18710,TRIP6
gene_18711,TRIT1
gene_18712,TRMT112
gene_18713,TRMT11
gene_18714,TRMT12
gene_18715,TRMT1
gene_18716,TRMT2A
gene_18717,TRMT2B
gene_18718,TRMT5
gene_18719,TRMT61A
gene_18720,TRMT61B
gene_18721,TRMT6
gene_18722,TRMU
gene_18723,TRNAU1AP
gene_18724,TRNP1
gene_18725,TRNT1
gene_18726,TROAP
gene_18727,TROVE2
gene_18728,TRO
gene_18729,TRPA1
gene_18730,TRPC1
gene_18731,TRPC2
gene_18732,TRPC3
gene_18733,TRPC4AP
gene_18734,TRPC4
gene_18735,TRPC5
gene_18736,TRPC6
gene_18737,TRPC7
gene_18738,TRPM1
gene_18739,TRPM2
gene_18740,TRPM3
gene_18741,TRPM4
gene_18742,TRPM5
gene_18743,TRPM6
gene_18744,TRPM7
gene_18745,TRPM8
gene_18746,TRPS1
gene_18747,TRPT1
gene_18748,TRPV1
gene_18749,TRPV2
gene_18750,TRPV3
gene_18751,TRPV4
gene_18752,TRPV5
gene_18753,TRPV6
gene_18754,TRRAP
gene_18755,TRUB1
gene_18756,TRUB2
gene_18757,TRY6
gene_18758,TRYX3
gene_18759,TSC1
gene_18760,TSC22D1
gene_18761,TSC22D2
gene_18762,TSC22D3
gene_18763,TSC22D4
gene_18764,TSC2
gene_18765,TSEN15
gene_18766,TSEN2
gene_18767,TSEN34
gene_18768,TSEN54
gene_18769,TSFM
gene_18770,TSG101
gene_18771,TSG1
gene_18772,TSGA10IP
gene_18773,TSGA10
gene_18774,TSGA13
gene_18775,TSGA14
gene_18776,TSHB
gene_18777,TSHR
gene_18778,TSHZ1
gene_18779,TSHZ2
gene_18780,TSHZ3
gene_18781,TSIX
gene_18782,TSKS
gene_18783,TSKU
gene_18784,TSLP
gene_18785,TSNARE1
gene_18786,TSNAX-DISC1
gene_18787,TSNAXIP1
gene_18788,TSNAX
gene_18789,TSN
gene_18790,TSPAN10
gene_18791,TSPAN11
gene_18792,TSPAN12
gene_18793,TSPAN13
gene_18794,TSPAN14
gene_18795,TSPAN15
gene_18796,TSPAN16
gene_18797,TSPAN17
gene_18798,TSPAN18
gene_18799,TSPAN19
gene_18800,TSPAN1
gene_18801,TSPAN2
gene_18802,TSPAN31
gene_18803,TSPAN32
gene_18804,TSPAN33
gene_18805,TSPAN3
gene_18806,TSPAN4
gene_18807,TSPAN5
gene_18808,TSPAN6
gene_18809,TSPAN7
gene_18810,TSPAN8
gene_18811,TSPAN9
gene_18812,TSPO2
gene_18813,TSPO
gene_18814,TSPY1
gene_18815,TSPY2
gene_18816,TSPY3
gene_18817,TSPY4
gene_18818,TSPYL1
gene_18819,TSPYL2
gene_18820,TSPYL3
gene_18821,TSPYL4
gene_18822,TSPYL5
gene_18823,TSPYL6
gene_18824,TSR1
gene_18825,TSR2
gene_18826,TSSC1
gene_18827,TSSC4
gene_18828,TSSK1B
gene_18829,TSSK2
gene_18830,TSSK3
gene_18831,TSSK4
gene_18832,TSSK6
gene_18833,TSTA3
gene_18834,TSTD1
gene_18835,TSTD2
gene_18836,TST
gene_18837,TTBK1
gene_18838,TTBK2
gene_18839,TTC12
gene_18840,TTC13
gene_18841,TTC14
gene_18842,TTC15
gene_18843,TTC16
gene_18844,TTC17
gene_18845,TTC18
gene_18846,TTC19
gene_18847,TTC1
gene_18848,TTC21A
gene_18849,TTC21B
gene_18850,TTC22
gene_18851,TTC23L
gene_18852,TTC23
gene_18853,TTC24
gene_18854,TTC25
gene_18855,TTC26
gene_18856,TTC27
gene_18857,TTC28
gene_18858,TTC29
gene_18859,TTC30A
gene_18860,TTC30B
gene_18861,TTC31
gene_18862,TTC32
gene_18863,TTC33
gene_18864,TTC35
gene_18865,TTC36
gene_18866,TTC37
gene_18867,TTC38
gene_18868,TTC39A
gene_18869,TTC39B
gene_18870,TTC39C
gene_18871,TTC3
gene_18872,TTC4
gene_18873,TTC5
gene_18874,TTC7A
gene_18875,TTC7B
gene_18876,TTC8
gene_18877,TTC9B
gene_18878,TTC9C
gene_18879,TTC9
gene_18880,TTF1
gene_18881,TTF2
gene_18882,TTK
gene_18883,TTLL10
gene_18884,TTLL11
gene_18885,TTLL12
gene_18886,TTLL13
gene_18887,TTLL1
gene_18888,TTLL2
gene_18889,TTLL3
gene_18890,TTLL4
gene_18891,TTLL5
gene_18892,TTLL6
gene_18893,TTLL7
gene_18894,TTLL8
gene_18895,TTLL9
gene_18896,TTL
gene_18897,TTN
gene_18898,TTPAL
gene_18899,TTPA
gene_18900,TTR
gene_18901,TTTY10
gene_18902,TTTY11
gene_18903,TTTY12
gene_18904,TTTY13
gene_18905,TTTY14
gene_18906,TTTY15
gene_18907,TTTY16
gene_18908,TTTY17A
gene_18909,TTTY17B
gene_18910,TTTY18
gene_18911,TTTY19
gene_18912,TTTY1B
gene_18913,TTTY20
gene_18914,TTTY21
gene_18915,TTTY22
gene_18916,TTTY23
gene_18917,TTTY2
gene_18918,TTTY3B
gene_18919,TTTY4C
gene_18920,TTTY5
gene_18921,TTTY6B
gene_18922,TTTY6
gene_18923,TTTY7
gene_18924,TTTY8
gene_18925,TTTY9B
gene_18926,TTYH1
gene_18927,TTYH2
gene_18928,TTYH3
gene_18929,TUBA1A
gene_18930,TUBA1B
gene_18931,TUBA1C
gene_18932,TUBA3C
gene_18933,TUBA3D
gene_18934,TUBA3E
gene_18935,TUBA4A
gene_18936,TUBA4B
gene_18937,TUBA8
gene_18938,TUBAL3
gene_18939,TUBB1
gene_18940,TUBB2A
gene_18941,TUBB2B
gene_18942,TUBB2C
gene_18943,TUBB3
gene_18944,TUBB4Q
gene_18945,TUBB4
gene_18946,TUBB6
gene_18947,TUBB8
gene_18948,TUBBP5
gene_18949,TUBB
gene_18950,TUBD1
gene_18951,TUBE1
gene_18952,TUBG1
gene_18953,TUBG2
gene_18954,TUBGCP2
gene_18955,TUBGCP3
gene_18956,TUBGCP4
gene_18957,TUBGCP5
gene_18958,TUBGCP6
gene_18959,TUB
gene_18960,TUFM
gene_18961,TUFT1
gene_18962,TUG1
gene_18963,TULP1
gene_18964,TULP2
gene_18965,TULP3
gene_18966,TULP4
gene_18967,TUSC1
gene_18968,TUSC2
gene_18969,TUSC3
gene_18970,TUSC5
gene_18971,TUT1
gene_18972,TWF1
gene_18973,TWF2
gene_18974,TWIST1
gene_18975,TWIST2
gene_18976,TWISTNB
gene_18977,TWSG1
gene_18978,TXK
gene_18979,TXLNA
gene_18980,TXLNB
gene_18981,TXLNG
gene_18982,TXN2
gene_18983,TXNDC11
gene_18984,TXNDC12
gene_18985,TXNDC15
gene_18986,TXNDC16
gene_18987,TXNDC17
gene_18988,TXNDC2
gene_18989,TXNDC3
gene_18990,TXNDC5
gene_18991,TXNDC6
gene_18992,TXNDC8
gene_18993,TXNDC9
gene_18994,TXNIP
gene_18995,TXNL1
gene_18996,TXNL4A
gene_18997,TXNL4B
gene_18998,TXNRD1
gene_18999,TXNRD2
gene_19000,TXNRD3IT1
gene_19001,TXN
gene_19002,TYK2
gene_19003,TYMP
gene_19004,TYMS
gene_19005,TYRO3
gene_19006,TYROBP
gene_19007,TYRP1
gene_19008,TYR
gene_19009,TYSND1
gene_19010,TYW1B
gene_19011,TYW1
gene_19012,TYW3
gene_19013,T
gene_19014,U2AF1L4
gene_19015,U2AF1
gene_19016,U2AF2
gene_19017,UACA
gene_19018,UAP1L1
gene_19019,UAP1
gene_19020,UBA1
gene_19021,UBA2
gene_19022,UBA3
gene_19023,UBA52
gene_19024,UBA5
gene_19025,UBA6
gene_19026,UBA7
gene_19027,UBAC1
gene_19028,UBAC2
gene_19029,UBAP1
gene_19030,UBAP2L
gene_19031,UBAP2
gene_19032,UBASH3A
gene_19033,UBASH3B
gene_19034,UBB
gene_19035,UBC
gene_19036,UBD
gene_19037,UBE2A
gene_19038,UBE2B
gene_19039,UBE2CBP
gene_19040,UBE2C
gene_19041,UBE2D1
gene_19042,UBE2D2
gene_19043,UBE2D3
gene_19044,UBE2D4
gene_19045,UBE2DNL
gene_19046,UBE2E1
gene_19047,UBE2E2
gene_19048,UBE2E3
gene_19049,UBE2F
gene_19050,UBE2G1
gene_19051,UBE2G2
gene_19052,UBE2H
gene_19053,UBE2I
gene_19054,UBE2J1
gene_19055,UBE2J2
gene_19056,UBE2K
gene_19057,UBE2L3
gene_19058,UBE2L6
gene_19059,UBE2MP1
gene_19060,UBE2M
gene_19061,UBE2NL
gene_19062,UBE2N
gene_19063,UBE2O
gene_19064,UBE2Q1
gene_19065,UBE2Q2P1
gene_19066,UBE2Q2
gene_19067,UBE2QL1
gene_19068,UBE2R2
gene_19069,UBE2S
gene_19070,UBE2T
gene_19071,UBE2U
gene_19072,UBE2V1
gene_19073,UBE2V2
gene_19074,UBE2W
gene_19075,UBE2Z
gene_19076,UBE3A
gene_19077,UBE3B
gene_19078,UBE3C
gene_19079,UBE4A
gene_19080,UBE4B
gene_19081,UBFD1
gene_19082,UBIAD1
gene_19083,UBL3
gene_19084,UBL4A
gene_19085,UBL4B
gene_19086,UBL5
gene_19087,UBL7
gene_19088,UBLCP1
gene_19089,UBN1
gene_19090,UBN2
gene_19091,UBOX5
gene_19092,UBP1
gene_19093,UBQLN1
gene_19094,UBQLN2
gene_19095,UBQLN3
gene_19096,UBQLN4
gene_19097,UBQLNL
gene_19098,UBR1
gene_19099,UBR2
gene_19100,UBR3
gene_19101,UBR4
gene_19102,UBR5
gene_19103,UBR7
gene_19104,UBTD1
gene_19105,UBTD2
gene_19106,UBTFL1
gene_19107,UBTF
gene_19108,UBXN10
gene_19109,UBXN11
gene_19110,UBXN1
gene_19111,UBXN2A
gene_19112,UBXN2B
gene_19113,UBXN4
gene_19114,UBXN6
gene_19115,UBXN7
gene_19116,UBXN8
gene_19117,UCA1
gene_19118,UCHL1
gene_19119,UCHL3
gene_19120,UCHL5
gene_19121,UCK1
gene_19122,UCK2
gene_19123,UCKL1AS
gene_19124,UCKL1
gene_19125,UCMA
gene_19126,UCN2
gene_19127,UCN3
gene_19128,UCN
gene_19129,UCP1
gene_19130,UCP2
gene_19131,UCP3
gene_19132,UEVLD
gene_19133,UFC1
gene_19134,UFD1L
gene_19135,UFM1
gene_19136,UFSP1
gene_19137,UFSP2
gene_19138,UGCG
gene_19139,UGDH
gene_19140,UGGT1
gene_19141,UGGT2
gene_19142,UGP2
gene_19143,UGT1A10
gene_19144,UGT1A1
gene_19145,UGT1A3
gene_19146,UGT1A4
gene_19147,UGT1A5
gene_19148,UGT1A6
gene_19149,UGT1A7
gene_19150,UGT1A8
gene_19151,UGT1A9
gene_19152,UGT2A1
gene_19153,UGT2A3
gene_19154,UGT2B10
gene_19155,UGT2B11
gene_19156,UGT2B15
gene_19157,UGT2B28
gene_19158,UGT2B4
gene_19159,UGT2B7
gene_19160,UGT3A1
gene_19161,UGT3A2
gene_19162,UGT8
gene_19163,UHMK1
gene_19164,UHRF1BP1L
gene_19165,UHRF1BP1
gene_19166,UHRF1
gene_19167,UHRF2
gene_19168,UIMC1
gene_19169,ULBP1
gene_19170,ULBP2
gene_19171,ULBP3
gene_19172,ULK1
gene_19173,ULK2
gene_19174,ULK3
gene_19175,ULK4
gene_19176,UMODL1
gene_19177,UMOD
gene_19178,UMPS
gene_19179,UNC119B
gene_19180,UNC119
gene_19181,UNC13A
gene_19182,UNC13B
gene_19183,UNC13C
gene_19184,UNC13D
gene_19185,UNC45A
gene_19186,UNC45B
gene_19187,UNC50
gene_19188,UNC5A
gene_19189,UNC5B
gene_19190,UNC5CL
gene_19191,UNC5C
gene_19192,UNC5D
gene_19193,UNC80
gene_19194,UNC93A
gene_19195,UNC93B1
gene_19196,UNCX
gene_19197,UNG
gene_19198,UNKL
gene_19199,UNK
gene_19200,UOX
gene_19201,UPB1
gene_19202,UPF0639
gene_19203,UPF1
gene_19204,UPF2
gene_19205,UPF3A
gene_19206,UPF3B
gene_19207,UPK1A
gene_19208,UPK1B
gene_19209,UPK2
gene_19210,UPK3A
gene_19211,UPK3BL
gene_19212,UPK3B
gene_19213,UPP1
gene_19214,UPP2
gene_19215,UPRT
gene_19216,UQCC
gene_19217,UQCR10
gene_19218,UQCR11
gene_19219,UQCRB
gene_19220,UQCRC1
gene_19221,UQCRC2
gene_19222,UQCRFS1
gene_19223,UQCRHL
gene_19224,UQCRH
gene_19225,UQCRQ
gene_19226,URB1
gene_19227,URB2
gene_19228,URGCP
gene_19229,URM1
gene_19230,UROC1
gene_19231,UROD
gene_19232,UROS
gene_19233,USE1
gene_19234,USF1
gene_19235,USF2
gene_19236,USH1C
gene_19237,USH1G
gene_19238,USH2A
gene_19239,USHBP1
gene_19240,USMG5
gene_19241,USO1
gene_19242,USP10
gene_19243,USP11
gene_19244,USP12
gene_19245,USP13
gene_19246,USP14
gene_19247,USP15
gene_19248,USP16
gene_19249,USP17L2
gene_19250,USP17L6P
gene_19251,USP17
gene_19252,USP18
gene_19253,USP19
gene_19254,USP1
gene_19255,USP20
gene_19256,USP21
gene_19257,USP22
gene_19258,USP24
gene_19259,USP25
gene_19260,USP26
gene_19261,USP27X
gene_19262,USP28
gene_19263,USP29
gene_19264,USP2
gene_19265,USP30
gene_19266,USP31
gene_19267,USP32
gene_19268,USP33
gene_19269,USP34
gene_19270,USP35
gene_19271,USP36
gene_19272,USP37
gene_19273,USP38
gene_19274,USP39
gene_19275,USP3
gene_19276,USP40
gene_19277,USP42
gene_19278,USP43
gene_19279,USP44
gene_19280,USP45
gene_19281,USP46
gene_19282,USP47
gene_19283,USP48
gene_19284,USP49
gene_19285,USP4
gene_19286,USP50
gene_19287,USP51
gene_19288,USP53
gene_19289,USP54
gene_19290,USP5
gene_19291,USP6NL
gene_19292,USP6
gene_19293,USP7
gene_19294,USP8
gene_19295,USP9X
gene_19296,USP9Y
gene_19297,USPL1
gene_19298,UST
gene_19299,UTF1
gene_19300,UTP11L
gene_19301,UTP14A
gene_19302,UTP14C
gene_19303,UTP15
gene_19304,UTP18
gene_19305,UTP20
gene_19306,UTP23
gene_19307,UTP3
gene_19308,UTP6
gene_19309,UTRN
gene_19310,UTS2D
gene_19311,UTS2R
gene_19312,UTS2
gene_19313,UTY
gene_19314,UVRAG
gene_19315,UXS1
gene_19316,UXT
gene_19317,VAC14
gene_19318,VAMP1
gene_19319,VAMP2
gene_19320,VAMP3
gene_19321,VAMP4
gene_19322,VAMP5
gene_19323,VAMP7
gene_19324,VAMP8
gene_19325,VANGL1
gene_19326,VANGL2
gene_19327,VAPA
gene_19328,VAPB
gene_19329,VARS2
gene_19330,VARS
gene_19331,VASH1
gene_19332,VASH2
gene_19333,VASN
gene_19334,VASP
gene_19335,VAT1L
gene_19336,VAT1
gene_19337,VAV1
gene_19338,VAV2
gene_19339,VAV3
gene_19340,VAX1
gene_19341,VAX2
gene_19342,VBP1
gene_19343,VCAM1
gene_19344,VCAN
gene_19345,VCL
gene_19346,VCPIP1
gene_19347,VCP
gene_19348,VCX2
gene_19349,VCX3A
gene_19350,VCX3B
gene_19351,VCX
gene_19352,VCY
gene_19353,VDAC1
gene_19354,VDAC2
gene_19355,VDAC3
gene_19356,VDR
gene_19357,VEGFA
gene_19358,VEGFB
gene_19359,VEGFC
gene_19360,VENTXP1
gene_19361,VENTXP7
gene_19362,VENTX
gene_19363,VEPH1
gene_19364,VEZF1
gene_19365,VEZT
gene_19366,VGF
gene_19367,VGLL1
gene_19368,VGLL2
gene_19369,VGLL3
gene_19370,VGLL4
gene_19371,VHLL
gene_19372,VHL
gene_19373,VIL1
gene_19374,VILL
gene_19375,VIM
gene_19376,VIPAR
gene_19377,VIPR1
gene_19378,VIPR2
gene_19379,VIP
gene_19380,VIT
gene_19381,VKORC1L1
gene_19382,VKORC1
gene_19383,VLDLR
gene_19384,VMA21
gene_19385,VMAC
gene_19386,VMO1
gene_19387,VN1R1
gene_19388,VN1R2
gene_19389,VN1R4
gene_19390,VN1R5
gene_19391,VNN1
gene_19392,VNN2
gene_19393,VNN3
gene_19394,VOPP1
gene_19395,VPRBP
gene_19396,VPREB1
gene_19397,VPREB3
gene_19398,VPS11
gene_19399,VPS13A
gene_19400,VPS13B
gene_19401,VPS13C
gene_19402,VPS13D
gene_19403,VPS16
gene_19404,VPS18
gene_19405,VPS24
gene_19406,VPS25
gene_19407,VPS26A
gene_19408,VPS26B
gene_19409,VPS28
gene_19410,VPS29
gene_19411,VPS33A
gene_19412,VPS33B
gene_19413,VPS35
gene_19414,VPS36
gene_19415,VPS37A
gene_19416,VPS37B
gene_19417,VPS37C
gene_19418,VPS37D
gene_19419,VPS39
gene_19420,VPS41
gene_19421,VPS45
gene_19422,VPS4A
gene_19423,VPS4B
gene_19424,VPS52
gene_19425,VPS53
gene_19426,VPS54
gene_19427,VPS72
gene_19428,VPS8
gene_19429,VRK1
gene_19430,VRK2
gene_19431,VRK3
gene_19432,VSIG10L
gene_19433,VSIG10
gene_19434,VSIG1
gene_19435,VSIG2
gene_19436,VSIG4
gene_19437,VSIG8
gene_19438,VSNL1
gene_19439,VSTM1
gene_19440,VSTM2A
gene_19441,VSTM2B
gene_19442,VSTM2L
gene_19443,VSX1
gene_19444,VSX2
gene_19445,VTA1
gene_19446,VTCN1
gene_19447,VTI1A
gene_19448,VTI1B
gene_19449,VTN
gene_19450,VTRNA1-1
gene_19451,VTRNA1-2
gene_19452,VTRNA1-3
gene_19453,VWA1
gene_19454,VWA2
gene_19455,VWA3A
gene_19456,VWA3B
gene_19457,VWA5A
gene_19458,VWA5B1
gene_19459,VWA5B2
gene_19460,VWC2L
gene_19461,VWC2
gene_19462,VWCE
gene_19463,VWDE
gene_19464,VWF
gene_19465,WAC
gene_19466,WAPAL
gene_19467,WARS2
gene_19468,WARS
gene_19469,WASF1
gene_19470,WASF2
gene_19471,WASF3
gene_19472,WASH2P
gene_19473,WASH3P
gene_19474,WASH5P
gene_19475,WASH7P
gene_19476,WASL
gene_19477,WAS
gene_19478,WBP11P1
gene_19479,WBP11
gene_19480,WBP1
gene_19481,WBP2NL
gene_19482,WBP2
gene_19483,WBP4
gene_19484,WBP5
gene_19485,WBSCR16
gene_19486,WBSCR17
gene_19487,WBSCR22
gene_19488,WBSCR26
gene_19489,WBSCR27
gene_19490,WBSCR28
gene_19491,WDFY1
gene_19492,WDFY2
gene_19493,WDFY3
gene_19494,WDFY4
gene_19495,WDHD1
gene_19496,WDR11
gene_19497,WDR12
gene_19498,WDR13
gene_19499,WDR16
gene_19500,WDR17
gene_19501,WDR18
gene_19502,WDR19
gene_19503,WDR1
gene_19504,WDR20
gene_19505,WDR24
gene_19506,WDR25
gene_19507,WDR26
gene_19508,WDR27
gene_19509,WDR31
gene_19510,WDR33
gene_19511,WDR34
gene_19512,WDR35
gene_19513,WDR36
gene_19514,WDR37
gene_19515,WDR38
gene_19516,WDR3
gene_19517,WDR41
gene_19518,WDR43
gene_19519,WDR44
gene_19520,WDR45L
gene_19521,WDR45
gene_19522,WDR46
gene_19523,WDR47
gene_19524,WDR48
gene_19525,WDR49
gene_19526,WDR4
gene_19527,WDR52
gene_19528,WDR53
gene_19529,WDR54
gene_19530,WDR55
gene_19531,WDR59
gene_19532,WDR5B
gene_19533,WDR5
gene_19534,WDR60
gene_19535,WDR61
gene_19536,WDR62
gene_19537,WDR63
gene_19538,WDR64
gene_19539,WDR65
gene_19540,WDR66
gene_19541,WDR67
gene_19542,WDR69
gene_19543,WDR6
gene_19544,WDR70
gene_19545,WDR72
gene_19546,WDR73
gene_19547,WDR74
gene_19548,WDR75
gene_19549,WDR76
gene_19550,WDR77
gene_19551,WDR78
gene_19552,WDR7
gene_19553,WDR81
gene_19554,WDR82
gene_19555,WDR83
gene_19556,WDR85
gene_19557,WDR86
gene_19558,WDR87
gene_19559,WDR88
gene_19560,WDR89
gene_19561,WDR8
gene_19562,WDR90
gene_19563,WDR91
gene_19564,WDR92
gene_19565,WDR93
gene_19566,WDSUB1
gene_19567,WDTC1
gene_19568,WDYHV1
gene_19569,WEE1
gene_19570,WEE2
gene_19571,WFDC10A
gene_19572,WFDC10B
gene_19573,WFDC11
gene_19574,WFDC12
gene_19575,WFDC13
gene_19576,WFDC1
gene_19577,WFDC2
gene_19578,WFDC3
gene_19579,WFDC5
gene_19580,WFDC6
gene_19581,WFDC8
gene_19582,WFDC9
gene_19583,WFIKKN1
gene_19584,WFIKKN2
gene_19585,WFS1
gene_19586,WHAMML1
gene_19587,WHAMML2
gene_19588,WHAMM
gene_19589,WHSC1L1
gene_19590,WHSC1
gene_19591,WHSC2
gene_19592,WIBG
gene_19593,WIF1
gene_19594,WIPF1
gene_19595,WIPF2
gene_19596,WIPF3
gene_19597,WIPI1
gene_19598,WIPI2
gene_19599,WISP1
gene_19600,WISP2
gene_19601,WISP3
gene_19602,WIT1
gene_19603,WIZ
gene_19604,WLS
gene_19605,WNK1
gene_19606,WNK2
gene_19607,WNK3
gene_19608,WNK4
gene_19609,WNT10A
gene_19610,WNT10B
gene_19611,WNT11
gene_19612,WNT16
gene_19613,WNT1
gene_19614,WNT2B
gene_19615,WNT2
gene_19616,WNT3A
gene_19617,WNT3
gene_19618,WNT4
gene_19619,WNT5A
gene_19620,WNT5B
gene_19621,WNT6
gene_19622,WNT7A
gene_19623,WNT7B
gene_19624,WNT8A
gene_19625,WNT8B
gene_19626,WNT9A
gene_19627,WNT9B
gene_19628,WRAP53
gene_19629,WRB
gene_19630,WRNIP1
gene_19631,WRN
gene_19632,WSB1
gene_19633,WSB2
gene_19634,WSCD1
gene_19635,WSCD2
gene_19636,WT1
gene_19637,WTAP
gene_19638,WTIP
gene_19639,WWC1
gene_19640,WWC2
gene_19641,WWC3
gene_19642,WWOX
gene_19643,WWP1
gene_19644,WWP2
gene_19645,WWTR1
gene_19646,XAB2
gene_19647,XAF1
gene_19648,XAGE1D
gene_19649,XAGE2
gene_19650,XAGE3
gene_19651,XAGE5
gene_19652,XBP1
gene_19653,XCL1
gene_19654,XCL2
gene_19655,XCR1
gene_19656,XDH
gene_19657,XG
gene_19658,XIAP
gene_19659,XIRP1
gene_19660,XIRP2
gene_19661,XIST
gene_19662,XKR3
gene_19663,XKR4
gene_19664,XKR5
gene_19665,XKR6
gene_19666,XKR7
gene_19667,XKR8
gene_19668,XKR9
gene_19669,XKRX
gene_19670,XKRY2
gene_19671,XKRY
gene_19672,XK
gene_19673,XPA
gene_19674,XPC
gene_19675,XPNPEP1
gene_19676,XPNPEP2
gene_19677,XPNPEP3
gene_19678,XPO1
gene_19679,XPO4
gene_19680,XPO5
gene_19681,XPO6
gene_19682,XPO7
gene_19683,XPOT
gene_19684,XPR1
gene_19685,XRCC1
gene_19686,XRCC2
gene_19687,XRCC3
gene_19688,XRCC4
gene_19689,XRCC5
gene_19690,XRCC6BP1
gene_19691,XRCC6
gene_19692,XRN1
gene_19693,XRN2
gene_19694,XRRA1
gene_19695,XYLB
gene_19696,XYLT1
gene_19697,XYLT2
gene_19698,YAF2
gene_19699,YAP1
gene_19700,YARS2
gene_19701,YARS
gene_19702,YBX1
gene_19703,YBX2
gene_19704,YDJC
gene_19705,YEATS2
gene_19706,YEATS4
gene_19707,YES1
gene_19708,YIF1A
gene_19709,YIF1B
gene_19710,YIPF1
gene_19711,YIPF2
gene_19712,YIPF3
gene_19713,YIPF4
gene_19714,YIPF5
gene_19715,YIPF6
gene_19716,YIPF7
gene_19717,YJEFN3
gene_19718,YKT6
gene_19719,YLPM1
gene_19720,YME1L1
gene_19721,YOD1
gene_19722,YPEL1
gene_19723,YPEL2
gene_19724,YPEL3
gene_19725,YPEL4
gene_19726,YPEL5
gene_19727,YRDC
gene_19728,YSK4
gene_19729,YTHDC1
gene_19730,YTHDC2
gene_19731,YTHDF1
gene_19732,YTHDF2
gene_19733,YTHDF3
gene_19734,YWHAB
gene_19735,YWHAE
gene_19736,YWHAG
gene_19737,YWHAH
gene_19738,YWHAQ
gene_19739,YWHAZ
gene_19740,YY1AP1
gene_19741,YY1
gene_19742,YY2
gene_19743,ZACN
gene_19744,ZADH2
gene_19745,ZAK
gene_19746,ZAN
gene_19747,ZAP70
gene_19748,ZAR1L
gene_19749,ZAR1
gene_19750,ZBBX
gene_19751,ZBED1
gene_19752,ZBED2
gene_19753,ZBED3
gene_19754,ZBED4
gene_19755,ZBED5
gene_19756,ZBP1
gene_19757,ZBTB10
gene_19758,ZBTB11
gene_19759,ZBTB12
gene_19760,ZBTB16
gene_19761,ZBTB17
gene_19762,ZBTB1
gene_19763,ZBTB20
gene_19764,ZBTB22
gene_19765,ZBTB24
gene_19766,ZBTB25
gene_19767,ZBTB26
gene_19768,ZBTB2
gene_19769,ZBTB32
gene_19770,ZBTB33
gene_19771,ZBTB34
gene_19772,ZBTB37
gene_19773,ZBTB38
gene_19774,ZBTB39
gene_19775,ZBTB3
gene_19776,ZBTB40
gene_19777,ZBTB41
gene_19778,ZBTB42
gene_19779,ZBTB43
gene_19780,ZBTB44
gene_19781,ZBTB45
gene_19782,ZBTB46
gene_19783,ZBTB47
gene_19784,ZBTB48
gene_19785,ZBTB49
gene_19786,ZBTB4
gene_19787,ZBTB5
gene_19788,ZBTB6
gene_19789,ZBTB7A
gene_19790,ZBTB7B
gene_19791,ZBTB7C
gene_19792,ZBTB8A
gene_19793,ZBTB8B
gene_19794,ZBTB8OS
gene_19795,ZBTB9
gene_19796,ZC3H10
gene_19797,ZC3H11A
gene_19798,ZC3H12A
gene_19799,ZC3H12B
gene_19800,ZC3H12C
gene_19801,ZC3H12D
gene_19802,ZC3H13
gene_19803,ZC3H14
gene_19804,ZC3H15
gene_19805,ZC3H18
gene_19806,ZC3H3
gene_19807,ZC3H4
gene_19808,ZC3H6
gene_19809,ZC3H7A
gene_19810,ZC3H7B
gene_19811,ZC3H8
gene_19812,ZC3HAV1L
gene_19813,ZC3HAV1
gene_19814,ZC3HC1
gene_19815,ZC4H2
gene_19816,ZCCHC10
gene_19817,ZCCHC11
gene_19818,ZCCHC12
gene_19819,ZCCHC13
gene_19820,ZCCHC14
gene_19821,ZCCHC16
gene_19822,ZCCHC17
gene_19823,ZCCHC18
gene_19824,ZCCHC24
gene_19825,ZCCHC2
gene_19826,ZCCHC3
gene_19827,ZCCHC4
gene_19828,ZCCHC5
gene_19829,ZCCHC6
gene_19830,ZCCHC7
gene_19831,ZCCHC8
gene_19832,ZCCHC9
gene_19833,ZCRB1
gene_19834,ZCWPW1
gene_19835,ZCWPW2
gene_19836,ZDBF2
gene_19837,ZDHHC11
gene_19838,ZDHHC12
gene_19839,ZDHHC13
gene_19840,ZDHHC14
gene_19841,ZDHHC15
gene_19842,ZDHHC16
gene_19843,ZDHHC17
gene_19844,ZDHHC18
gene_19845,ZDHHC19
gene_19846,ZDHHC1
gene_19847,ZDHHC20
gene_19848,ZDHHC21
gene_19849,ZDHHC22
gene_19850,ZDHHC23
gene_19851,ZDHHC24
gene_19852,ZDHHC2
gene_19853,ZDHHC3
gene_19854,ZDHHC4
gene_19855,ZDHHC5
gene_19856,ZDHHC6
gene_19857,ZDHHC7
gene_19858,ZDHHC8P1
gene_19859,ZDHHC8
gene_19860,ZDHHC9
gene_19861,ZEB1
gene_19862,ZEB2
gene_19863,ZER1
gene_19864,ZFAND1
gene_19865,ZFAND2A
gene_19866,ZFAND2B
gene_19867,ZFAND3
gene_19868,ZFAND5
gene_19869,ZFAND6
gene_19870,ZFATAS
gene_19871,ZFAT
gene_19872,ZFC3H1
gene_19873,ZFHX3
gene_19874,ZFHX4
gene_19875,ZFP106
gene_19876,ZFP112
gene_19877,ZFP14
gene_19878,ZFP161
gene_19879,ZFP1
gene_19880,ZFP28
gene_19881,ZFP2
gene_19882,ZFP30
gene_19883,ZFP36L1
gene_19884,ZFP36L2
gene_19885,ZFP36
gene_19886,ZFP37
gene_19887,ZFP3
gene_19888,ZFP41
gene_19889,ZFP42
gene_19890,ZFP57
gene_19891,ZFP62
gene_19892,ZFP64
gene_19893,ZFP82
gene_19894,ZFP90
gene_19895,ZFP91-CNTF
gene_19896,ZFP91
gene_19897,ZFP92
gene_19898,ZFPL1
gene_19899,ZFPM1
gene_19900,ZFPM2
gene_19901,ZFR2
gene_19902,ZFR
gene_19903,ZFX
gene_19904,ZFYVE16
gene_19905,ZFYVE19
gene_19906,ZFYVE1
gene_19907,ZFYVE20
gene_19908,ZFYVE21
gene_19909,ZFYVE26
gene_19910,ZFYVE27
gene_19911,ZFYVE28
gene_19912,ZFYVE9
gene_19913,ZFY
gene_19914,ZG16B
gene_19915,ZG16
gene_19916,ZGLP1
gene_19917,ZGPAT
gene_19918,ZHX1
gene_19919,ZHX2
gene_19920,ZHX3
gene_19921,ZIC1
gene_19922,ZIC2
gene_19923,ZIC3
gene_19924,ZIC4
gene_19925,ZIC5
gene_19926,ZIK1
gene_19927,ZIM2
gene_19928,ZIM3
gene_19929,ZKSCAN1
gene_19930,ZKSCAN2
gene_19931,ZKSCAN3
gene_19932,ZKSCAN4
gene_19933,ZKSCAN5
gene_19934,ZMAT1
gene_19935,ZMAT2
gene_19936,ZMAT3
gene_19937,ZMAT4
gene_19938,ZMAT5
gene_19939,ZMIZ1
gene_19940,ZMIZ2
gene_19941,ZMPSTE24
gene_19942,ZMYM1
gene_19943,ZMYM2
gene_19944,ZMYM3
gene_19945,ZMYM4
gene_19946,ZMYM5
gene_19947,ZMYM6
gene_19948,ZMYND10
gene_19949,ZMYND11
gene_19950,ZMYND12
gene_19951,ZMYND15
gene_19952,ZMYND17
gene_19953,ZMYND19
gene_19954,ZMYND8
gene_19955,ZNF100
gene_19956,ZNF101
gene_19957,ZNF107
gene_19958,ZNF10
gene_19959,ZNF114
gene_19960,ZNF117
gene_19961,ZNF121
gene_19962,ZNF124
gene_19963,ZNF12
gene_19964,ZNF131
gene_19965,ZNF132
gene_19966,ZNF133
gene_19967,ZNF134
gene_19968,ZNF135
gene_19969,ZNF136
gene_19970,ZNF137
gene_19971,ZNF138
gene_19972,ZNF140
gene_19973,ZNF141
gene_19974,ZNF142
gene_19975,ZNF143
gene_19976,ZNF146
gene_19977,ZNF148
gene_19978,ZNF14
gene_19979,ZNF154
gene_19980,ZNF155
gene_19981,ZNF157
gene_19982,ZNF160
gene_19983,ZNF165
gene_19984,ZNF167
gene_19985,ZNF169
gene_19986,ZNF16
gene_19987,ZNF174
gene_19988,ZNF175
gene_19989,ZNF177
gene_19990,ZNF17
gene_19991,ZNF180
gene_19992,ZNF181
gene_19993,ZNF182
gene_19994,ZNF184
gene_19995,ZNF185
gene_19996,ZNF187
gene_19997,ZNF189
gene_19998,ZNF18
gene_19999,ZNF192
gene_20000,ZNF193
gene_20001,ZNF195
gene_20002,ZNF197
gene_20003,ZNF19
gene_20004,ZNF200
gene_20005,ZNF202
gene_20006,ZNF204P
gene_20007,ZNF205
gene_20008,ZNF207
gene_20009,ZNF208
gene_20010,ZNF20
gene_20011,ZNF211
gene_20012,ZNF212
gene_20013,ZNF213
gene_20014,ZNF214
gene_20015,ZNF215
gene_20016,ZNF217
gene_20017,ZNF219
gene_20018,ZNF221
gene_20019,ZNF222
gene_20020,ZNF223
gene_20021,ZNF224
gene_20022,ZNF225
gene_20023,ZNF226
gene_20024,ZNF227
gene_20025,ZNF229
gene_20026,ZNF22
gene_20027,ZNF230
gene_20028,ZNF232
gene_20029,ZNF233
gene_20030,ZNF234
gene_20031,ZNF235
gene_20032,ZNF236
gene_20033,ZNF238
gene_20034,ZNF239
gene_20035,ZNF23
gene_20036,ZNF248
gene_20037,ZNF24
gene_20038,ZNF250
gene_20039,ZNF251
gene_20040,ZNF252
gene_20041,ZNF253
gene_20042,ZNF254
gene_20043,ZNF256
gene_20044,ZNF257
gene_20045,ZNF259
gene_20046,ZNF25
gene_20047,ZNF260
gene_20048,ZNF263
gene_20049,ZNF264
gene_20050,ZNF266
gene_20051,ZNF267
gene_20052,ZNF268
gene_20053,ZNF26
gene_20054,ZNF271
gene_20055,ZNF273
gene_20056,ZNF274
gene_20057,ZNF275
gene_20058,ZNF276
gene_20059,ZNF277
gene_20060,ZNF280A
gene_20061,ZNF280B
gene_20062,ZNF280C
gene_20063,ZNF280D
gene_20064,ZNF281
gene_20065,ZNF282
gene_20066,ZNF283
gene_20067,ZNF284
gene_20068,ZNF285
gene_20069,ZNF286A
gene_20070,ZNF286B
gene_20071,ZNF287
gene_20072,ZNF28
gene_20073,ZNF292
gene_20074,ZNF295
gene_20075,ZNF296
gene_20076,ZNF2
gene_20077,ZNF300
gene_20078,ZNF302
gene_20079,ZNF304
gene_20080,ZNF30
gene_20081,ZNF311
gene_20082,ZNF317
gene_20083,ZNF318
gene_20084,ZNF319
gene_20085,ZNF320
gene_20086,ZNF321
gene_20087,ZNF322A
gene_20088,ZNF322B
gene_20089,ZNF323
gene_20090,ZNF324B
gene_20091,ZNF324
gene_20092,ZNF326
gene_20093,ZNF329
gene_20094,ZNF32
gene_20095,ZNF330
gene_20096,ZNF331
gene_20097,ZNF333
gene_20098,ZNF334
gene_20099,ZNF335
gene_20100,ZNF337
gene_20101,ZNF33A
gene_20102,ZNF33B
gene_20103,ZNF341
gene_20104,ZNF343
gene_20105,ZNF345
gene_20106,ZNF346
gene_20107,ZNF347
gene_20108,ZNF34
gene_20109,ZNF350
gene_20110,ZNF354A
gene_20111,ZNF354B
gene_20112,ZNF354C
gene_20113,ZNF358
gene_20114,ZNF35
gene_20115,ZNF362
gene_20116,ZNF365
gene_20117,ZNF366
gene_20118,ZNF367
gene_20119,ZNF37A
gene_20120,ZNF37B
gene_20121,ZNF382
gene_20122,ZNF383
gene_20123,ZNF384
gene_20124,ZNF385A
gene_20125,ZNF385B
gene_20126,ZNF385D
gene_20127,ZNF389
gene_20128,ZNF391
gene_20129,ZNF394
gene_20130,ZNF395
gene_20131,ZNF396
gene_20132,ZNF397OS
gene_20133,ZNF397
gene_20134,ZNF398
gene_20135,ZNF3
gene_20136,ZNF404
gene_20137,ZNF407
gene_20138,ZNF408
gene_20139,ZNF410
gene_20140,ZNF414
gene_20141,ZNF415
gene_20142,ZNF416
gene_20143,ZNF417
gene_20144,ZNF418
gene_20145,ZNF419
gene_20146,ZNF41
gene_20147,ZNF420
gene_20148,ZNF423
gene_20149,ZNF425
gene_20150,ZNF426
gene_20151,ZNF428
gene_20152,ZNF429
gene_20153,ZNF430
gene_20154,ZNF431
gene_20155,ZNF432
gene_20156,ZNF433
gene_20157,ZNF434
gene_20158,ZNF436
gene_20159,ZNF438
gene_20160,ZNF439
gene_20161,ZNF43
gene_20162,ZNF440
gene_20163,ZNF441
gene_20164,ZNF442
gene_20165,ZNF443
gene_20166,ZNF444
gene_20167,ZNF445
gene_20168,ZNF446
gene_20169,ZNF449
gene_20170,ZNF44
gene_20171,ZNF451
gene_20172,ZNF454
gene_20173,ZNF45
gene_20174,ZNF460
gene_20175,ZNF461
gene_20176,ZNF462
gene_20177,ZNF467
gene_20178,ZNF468
gene_20179,ZNF469
gene_20180,ZNF470
gene_20181,ZNF471
gene_20182,ZNF473
gene_20183,ZNF474
gene_20184,ZNF479
gene_20185,ZNF480
gene_20186,ZNF483
gene_20187,ZNF484
gene_20188,ZNF485
gene_20189,ZNF486
gene_20190,ZNF487
gene_20191,ZNF488
gene_20192,ZNF48
gene_20193,ZNF490
gene_20194,ZNF491
gene_20195,ZNF492
gene_20196,ZNF493
gene_20197,ZNF496
gene_20198,ZNF497
gene_20199,ZNF498
gene_20200,ZNF500
gene_20201,ZNF501
gene_20202,ZNF502
gene_20203,ZNF503
gene_20204,ZNF506
gene_20205,ZNF507
gene_20206,ZNF510
gene_20207,ZNF511
gene_20208,ZNF512B
gene_20209,ZNF512
gene_20210,ZNF513
gene_20211,ZNF514
gene_20212,ZNF516
gene_20213,ZNF517
gene_20214,ZNF518A
gene_20215,ZNF518B
gene_20216,ZNF519
gene_20217,ZNF521
gene_20218,ZNF524
gene_20219,ZNF525
gene_20220,ZNF526
gene_20221,ZNF527
gene_20222,ZNF528
gene_20223,ZNF529
gene_20224,ZNF530
gene_20225,ZNF532
gene_20226,ZNF534
gene_20227,ZNF536
gene_20228,ZNF540
gene_20229,ZNF541
gene_20230,ZNF542
gene_20231,ZNF543
gene_20232,ZNF544
gene_20233,ZNF546
gene_20234,ZNF547
gene_20235,ZNF548
gene_20236,ZNF549
gene_20237,ZNF550
gene_20238,ZNF551
gene_20239,ZNF552
gene_20240,ZNF554
gene_20241,ZNF555
gene_20242,ZNF556
gene_20243,ZNF557
gene_20244,ZNF558
gene_20245,ZNF559
gene_20246,ZNF560
gene_20247,ZNF561
gene_20248,ZNF562
gene_20249,ZNF563
gene_20250,ZNF564
gene_20251,ZNF565
gene_20252,ZNF566
gene_20253,ZNF567
gene_20254,ZNF568
gene_20255,ZNF569
gene_20256,ZNF570
gene_20257,ZNF571
gene_20258,ZNF572
gene_20259,ZNF573
gene_20260,ZNF574
gene_20261,ZNF575
gene_20262,ZNF576
gene_20263,ZNF577
gene_20264,ZNF578
gene_20265,ZNF579
gene_20266,ZNF57
gene_20267,ZNF580
gene_20268,ZNF581
gene_20269,ZNF582
gene_20270,ZNF583
gene_20271,ZNF584
gene_20272,ZNF585A
gene_20273,ZNF585B
gene_20274,ZNF586
gene_20275,ZNF587
gene_20276,ZNF589
gene_20277,ZNF592
gene_20278,ZNF593
gene_20279,ZNF594
gene_20280,ZNF595
gene_20281,ZNF596
gene_20282,ZNF597
gene_20283,ZNF598
gene_20284,ZNF599
gene_20285,ZNF600
gene_20286,ZNF605
gene_20287,ZNF606
gene_20288,ZNF607
gene_20289,ZNF608
gene_20290,ZNF609
gene_20291,ZNF610
gene_20292,ZNF611
gene_20293,ZNF613
gene_20294,ZNF614
gene_20295,ZNF615
gene_20296,ZNF616
gene_20297,ZNF618
gene_20298,ZNF619
gene_20299,ZNF620
gene_20300,ZNF621
gene_20301,ZNF622
gene_20302,ZNF623
gene_20303,ZNF624
gene_20304,ZNF625
gene_20305,ZNF626
gene_20306,ZNF627
gene_20307,ZNF628
gene_20308,ZNF629
gene_20309,ZNF630
gene_20310,ZNF638
gene_20311,ZNF639
gene_20312,ZNF641
gene_20313,ZNF642
gene_20314,ZNF643
gene_20315,ZNF644
gene_20316,ZNF645
gene_20317,ZNF646
gene_20318,ZNF648
gene_20319,ZNF649
gene_20320,ZNF652
gene_20321,ZNF653
gene_20322,ZNF654
gene_20323,ZNF655
gene_20324,ZNF658
gene_20325,ZNF660
gene_20326,ZNF662
gene_20327,ZNF664
gene_20328,ZNF665
gene_20329,ZNF667
gene_20330,ZNF668
gene_20331,ZNF669
gene_20332,ZNF670
gene_20333,ZNF671
gene_20334,ZNF672
gene_20335,ZNF673
gene_20336,ZNF674
gene_20337,ZNF675
gene_20338,ZNF676
gene_20339,ZNF677
gene_20340,ZNF678
gene_20341,ZNF679
gene_20342,ZNF680
gene_20343,ZNF681
gene_20344,ZNF682
gene_20345,ZNF683
gene_20346,ZNF684
gene_20347,ZNF687
gene_20348,ZNF688
gene_20349,ZNF689
gene_20350,ZNF691
gene_20351,ZNF692
gene_20352,ZNF695
gene_20353,ZNF696
gene_20354,ZNF697
gene_20355,ZNF699
gene_20356,ZNF69
gene_20357,ZNF700
gene_20358,ZNF701
gene_20359,ZNF702P
gene_20360,ZNF703
gene_20361,ZNF704
gene_20362,ZNF705A
gene_20363,ZNF705D
gene_20364,ZNF706
gene_20365,ZNF707
gene_20366,ZNF708
gene_20367,ZNF709
gene_20368,ZNF70
gene_20369,ZNF710
gene_20370,ZNF711
gene_20371,ZNF713
gene_20372,ZNF714
gene_20373,ZNF716
gene_20374,ZNF717
gene_20375,ZNF718
gene_20376,ZNF71
gene_20377,ZNF720
gene_20378,ZNF721
gene_20379,ZNF727
gene_20380,ZNF732
gene_20381,ZNF735
gene_20382,ZNF737
gene_20383,ZNF738
gene_20384,ZNF740
gene_20385,ZNF746
gene_20386,ZNF747
gene_20387,ZNF749
gene_20388,ZNF74
gene_20389,ZNF750
gene_20390,ZNF75A
gene_20391,ZNF75D
gene_20392,ZNF761
gene_20393,ZNF763
gene_20394,ZNF764
gene_20395,ZNF765
gene_20396,ZNF766
gene_20397,ZNF767
gene_20398,ZNF768
gene_20399,ZNF76
gene_20400,ZNF770
gene_20401,ZNF771
gene_20402,ZNF772
gene_20403,ZNF773
gene_20404,ZNF774
gene_20405,ZNF775
gene_20406,ZNF776
gene_20407,ZNF777
gene_20408,ZNF778
gene_20409,ZNF77
gene_20410,ZNF780A
gene_20411,ZNF780B
gene_20412,ZNF781
gene_20413,ZNF782
gene_20414,ZNF784
gene_20415,ZNF785
gene_20416,ZNF786
gene_20417,ZNF787
gene_20418,ZNF788
gene_20419,ZNF789
gene_20420,ZNF790
gene_20421,ZNF791
gene_20422,ZNF792
gene_20423,ZNF793
gene_20424,ZNF799
gene_20425,ZNF79
gene_20426,ZNF7
gene_20427,ZNF800
gene_20428,ZNF804A
gene_20429,ZNF804B
gene_20430,ZNF805
gene_20431,ZNF808
gene_20432,ZNF80
gene_20433,ZNF813
gene_20434,ZNF814
gene_20435,ZNF815
gene_20436,ZNF816A
gene_20437,ZNF81
gene_20438,ZNF821
gene_20439,ZNF823
gene_20440,ZNF826
gene_20441,ZNF827
gene_20442,ZNF828
gene_20443,ZNF829
gene_20444,ZNF830
gene_20445,ZNF831
gene_20446,ZNF833
gene_20447,ZNF835
gene_20448,ZNF836
gene_20449,ZNF837
gene_20450,ZNF839
gene_20451,ZNF83
gene_20452,ZNF841
gene_20453,ZNF843
gene_20454,ZNF844
gene_20455,ZNF845
gene_20456,ZNF846
gene_20457,ZNF84
gene_20458,ZNF853
gene_20459,ZNF85
gene_20460,ZNF860
gene_20461,ZNF862
gene_20462,ZNF876P
gene_20463,ZNF878
gene_20464,ZNF879
gene_20465,ZNF880
gene_20466,ZNF883
gene_20467,ZNF8
gene_20468,ZNF90
gene_20469,ZNF91
gene_20470,ZNF92
gene_20471,ZNF93
gene_20472,ZNF98
gene_20473,ZNF99
gene_20474,ZNFX1
gene_20475,ZNHIT1
gene_20476,ZNHIT2
gene_20477,ZNHIT3
gene_20478,ZNHIT6
gene_20479,ZNRD1
gene_20480,ZNRF1
gene_20481,ZNRF2
gene_20482,ZNRF3
gene_20483,ZNRF4
gene_20484,ZP1
gene_20485,ZP2
gene_20486,ZP3
gene_20487,ZP4
gene_20488,ZPBP2
gene_20489,ZPBP
gene_20490,ZPLD1
gene_20491,ZRANB1
gene_20492,ZRANB2
gene_20493,ZRANB3
gene_20494,ZRSR2
gene_20495,ZSCAN10
gene_20496,ZSCAN12P1
gene_20497,ZSCAN12
gene_20498,ZSCAN16
gene_20499,ZSCAN18
gene_20500,ZSCAN1
gene_20501,ZSCAN20
gene_20502,ZSCAN21
gene_20503,ZSCAN22
gene_20504,ZSCAN23
gene_20505,ZSCAN29
gene_20506,ZSCAN2
gene_20507,ZSCAN4
gene_20508,ZSCAN5A
gene_20509,ZSCAN5B
gene_20510,ZSWIM1
gene_20511,ZSWIM2
gene_20512,ZSWIM3
gene_20513,ZSWIM4
gene_20514,ZSWIM5
gene_20515,ZSWIM6
gene_20516,ZSWIM7
gene_20517,ZUFSP
gene_20518,ZW10
gene_20519,ZWILCH
gene_20520,ZWINT
gene_20521,ZXDA
gene_20522,ZXDB
gene_20523,ZXDC
gene_20524,ZYG11A
gene_20525,ZYG11B
gene_20526,ZYX
gene_20527,ZZEF1
gene_20528,ZZZ3
gene_20529,psiTPTE22
gene_20530,tAKR
